#0 building with "default" instance using docker driver

#1 [internal] load build definition from Dockerfile
#1 transferring dockerfile: 14.77kB done
#1 DONE 0.0s

#2 [internal] load metadata for ghcr.io/graalvm/graalvm-community:25i3-25.0.4.1-ol10-20260825
#2 DONE 0.7s

#3 [internal] load .dockerignore
#3 transferring context: 2B done
#3 DONE 0.0s

#4 [build  1/16] FROM ghcr.io/graalvm/graalvm-community:25i3-25.0.4.1-ol10-20260825@sha256:636592a38dbd6461e71aaf019ed1ff1f389c171540bc2cb632fd73e6ec7848d7
#4 DONE 0.0s

#5 [internal] load build context
#5 transferring context: 1.11kB done
#5 DONE 0.0s

#6 [build  2/16] COPY docker/protos-perf006d/Perf006dRuntimeProbe.java /tmp/Perf006dRuntimeProbe.java
#6 CACHED

#7 [build 11/16] COPY docker/protos-perf010a/Perf010aSourceIdentitySmokeDriver.java /tmp/Perf010aSourceIdentitySmokeDriver.java
#7 CACHED

#8 [build  8/16] COPY docker/protos-perf010a/ablation.patch /tmp/ablation.patch
#8 CACHED

#9 [build  3/16] COPY docker/protos-perf006d/Perf006dPersistentDriver.java /tmp/Perf006dPersistentDriver.java
#9 CACHED

#10 [build  5/16] COPY docker/protos-perf006d3/Perf006d3JfrAnalyzer.java /tmp/Perf006d3JfrAnalyzer.java
#10 CACHED

#11 [build  6/16] COPY docker/protos-perf006d3/jfr-java /tmp/perf006d3-jfr-java
#11 CACHED

#12 [build  4/16] COPY docker/protos-perf006d3/Perf008SteadyStateDriver.java /tmp/Perf008SteadyStateDriver.java
#12 CACHED

#13 [build  7/16] COPY docker/protos-perf010a/Perf010aTimingDriver.java /tmp/Perf010aTimingDriver.java
#13 CACHED

#14 [build  9/16] COPY docker/protos-perf010a/Perf010aSourceIdentityInstrument.java /tmp/Perf010aSourceIdentityInstrument.java
#14 CACHED

#15 [build 10/16] COPY docker/protos-perf010a/Perf010aSourceIdentityInstrumentProvider.java /tmp/Perf010aSourceIdentityInstrumentProvider.java
#15 CACHED

#16 [build 12/16] COPY docker/protos-perf010a/META-INF /tmp/perf010a-source-identity-META-INF
#16 CACHED

#17 [build 13/16] RUN microdnf install -y git gzip tar findutils ca-certificates python3 unzip patch maven     && microdnf clean all     && mvn -version     && mvn -version | grep -q "Apache Maven 3.9.9 "     && mvn -version | grep -q "GraalVM Community"
#17 0.346 Downloading metadata...
#17 7.413 Downloading metadata...
#17 8.913 Package                                                           Repository             Size
#17 8.913 Installing:                                                                                  
#17 8.913  ModemManager-glib-1.22.0-7.el10.x86_64                           ol10_baseos_latest 331.0 kB
#17 8.913  adwaita-cursor-theme-46.0-3.el10.noarch                          ol10_appstream     563.2 kB
#17 8.913  adwaita-icon-theme-46.0-3.el10.noarch                            ol10_appstream       1.1 MB
#17 8.913  alsa-lib-1.2.15.3-2.el10.x86_64                                  ol10_appstream     637.5 kB
#17 8.913  aopalliance-1.0-40.el10.noarch                                   ol10_appstream      15.2 kB
#17 8.913  apache-commons-cli-1.9.0-1.el10.noarch                           ol10_appstream     101.5 kB
#17 8.913  apache-commons-codec-1.17.1-1.el10.noarch                        ol10_appstream     327.9 kB
#17 8.913  apache-commons-io-1:2.16.1-1.el10.noarch                         ol10_appstream     495.9 kB
#17 8.913  at-spi2-atk-2.56.1-1.el10.x86_64                                 ol10_appstream     108.9 kB
#17 8.913  at-spi2-core-2.56.1-1.el10.x86_64                                ol10_appstream     509.4 kB
#17 8.913  atinject-1.0.5-13.el10.noarch                                    ol10_appstream      28.5 kB
#17 8.913  atk-2.56.1-1.el10.x86_64                                         ol10_appstream      97.5 kB
#17 8.913  authselect-1.5.2-1.el10.x86_64                                   ol10_baseos_latest 256.3 kB
#17 8.913  authselect-libs-1.5.2-1.el10.x86_64                              ol10_baseos_latest 331.0 kB
#17 8.913  avahi-glib-0.9~rc2-2.el10.x86_64                                 ol10_appstream      40.6 kB
#17 8.913  avahi-libs-0.9~rc2-2.el10.x86_64                                 ol10_baseos_latest 100.3 kB
#17 8.913  bluez-libs-5.85-1.el10.x86_64                                    ol10_baseos_latest  82.3 kB
#17 8.913  cairo-1.18.2-2.el10_2.1.x86_64                                   ol10_appstream     761.1 kB
#17 8.913  cairo-gobject-1.18.2-2.el10_2.1.x86_64                           ol10_appstream      35.4 kB
#17 8.913  cdi-api-2.0.2-15.el10.noarch                                     ol10_appstream      60.9 kB
#17 8.913  colord-libs-1.4.7-6.el10.x86_64                                  ol10_appstream     243.5 kB
#17 8.913  cups-filesystem-1:2.4.10-18.el10_2.noarch                        ol10_baseos_latest 125.9 kB
#17 8.913  cups-libs-1:2.4.10-18.el10_2.x86_64                              ol10_baseos_latest 386.1 kB
#17 8.913  dbus-libs-1:1.14.10-5.el10.x86_64                                ol10_baseos_latest 158.9 kB
#17 8.913  dconf-0.40.0-17.el10.x86_64                                      ol10_appstream     137.9 kB
#17 8.913  duktape-2.7.0-10.el10.x86_64                                     ol10_baseos_latest 178.2 kB
#17 8.913  exempi-2.6.4-7.el10.x86_64                                       ol10_appstream     610.1 kB
#17 8.913  exiv2-0.28.3-5.el10.x86_64                                       ol10_appstream       2.2 MB
#17 8.913  exiv2-libs-0.28.3-5.el10.x86_64                                  ol10_appstream     934.7 kB
#17 8.913  fdk-aac-free-2.0.0-15.el10.x86_64                                ol10_appstream     350.5 kB
#17 8.913  fftw-libs-single-3.3.10-15.el10.x86_64                           ol10_appstream       1.2 MB
#17 8.913  flac-libs-1.4.3-6.el10.x86_64                                    ol10_appstream     278.7 kB
#17 8.913  fribidi-1.0.14-4.el10.x86_64                                     ol10_appstream     103.1 kB
#17 8.913  fuse-common-3.16.2-5.el10.x86_64                                 ol10_baseos_latest   8.7 kB
#17 8.913  fuse3-3.16.2-5.el10.x86_64                                       ol10_baseos_latest  68.9 kB
#17 8.913  fuse3-libs-3.16.2-5.el10.x86_64                                  ol10_baseos_latest  96.4 kB
#17 8.913  gdbm-1:1.23-12.el10_0.x86_64                                     ol10_baseos_latest 188.7 kB
#17 8.913  gdk-pixbuf2-2.42.12-4.el10_2.5.x86_64                            ol10_appstream     620.0 kB
#17 8.913  gdk-pixbuf2-modules-2.42.12-4.el10_2.5.x86_64                    ol10_appstream      41.4 kB
#17 8.913  geoclue2-2.7.2-1.el10.x86_64                                     ol10_appstream     163.8 kB
#17 8.913  giflib-5.2.1-25.el10_2.x86_64                                    ol10_appstream      66.1 kB
#17 8.913  git-2.52.0-1.el10.x86_64                                         ol10_appstream      57.9 kB
#17 8.913  git-core-2.52.0-1.el10.x86_64                                    ol10_appstream       5.4 MB
#17 8.913  git-core-doc-2.52.0-1.el10.noarch                                ol10_appstream       4.5 MB
#17 8.913  glib-networking-2.80.0-3.el10.x86_64                             ol10_baseos_latest 275.1 kB
#17 8.913  gnupg2-2.4.5-4.el10_1.x86_64                                     ol10_baseos_latest   3.0 MB
#17 8.913  google-guice-5.1.0-12.el10.noarch                                ol10_appstream     620.7 kB
#17 8.913  gpgme-1.23.2-6.el10.x86_64                                       ol10_baseos_latest 231.2 kB
#17 8.913  gpgmepp-1.23.2-6.el10.x86_64                                     ol10_appstream     142.6 kB
#17 8.913  graphene-1.10.6-10.el10.x86_64                                   ol10_appstream      66.5 kB
#17 8.913  groff-base-1.23.0-10.el10.x86_64                                 ol10_baseos_latest   1.3 MB
#17 8.913  gsettings-desktop-schemas-47.1-4.el10.x86_64                     ol10_baseos_latest 904.1 kB
#17 8.913  gsm-1.0.22-8.el10.x86_64                                         ol10_appstream      42.1 kB
#17 8.913  gstreamer1-1.26.7-5.el10.x86_64                                  ol10_appstream       1.9 MB
#17 8.913  gstreamer1-plugins-base-1.26.7-2.el10_2.2.x86_64                 ol10_appstream       2.5 MB
#17 8.913  gtk-update-icon-cache-3.24.43-5.el10.x86_64                      ol10_appstream      62.8 kB
#17 8.913  gtk3-3.24.43-5.el10.x86_64                                       ol10_appstream       6.0 MB
#17 8.913  guava-32.1.3-6.el10.noarch                                       ol10_appstream       2.7 MB
#17 8.913  hicolor-icon-theme-0.17-20.el10.noarch                           ol10_appstream      71.0 kB
#17 8.913  httpcomponents-client-4.5.14-9.el10.noarch                       ol10_appstream     687.3 kB
#17 8.913  httpcomponents-core-4.4.16-9.el10.noarch                         ol10_appstream     665.3 kB
#17 8.913  hwdata-0.379-10.8.el10.noarch                                    ol10_baseos_latest   1.8 MB
#17 8.913  inih-58-3.el10.x86_64                                            ol10_baseos_latest  18.2 kB
#17 8.913  inih-cpp-58-3.el10.x86_64                                        ol10_appstream      18.8 kB
#17 8.913  iso-codes-4.16.0-6.el10.noarch                                   ol10_appstream       4.3 MB
#17 8.913  jakarta-annotations-1.3.5-23.el10.noarch                         ol10_appstream      53.1 kB
#17 8.913  jansi-2.4.1-5.el10.x86_64                                        ol10_appstream     126.1 kB
#17 8.913  java-21-openjdk-1:21.0.12.1.1-1.2.0.1.el10.x86_64                ol10_appstream     461.8 kB
#17 8.913  java-21-openjdk-devel-1:21.0.12.1.1-1.2.0.1.el10.x86_64          ol10_appstream       5.3 MB
#17 8.913  java-21-openjdk-headless-1:21.0.12.1.1-1.2.0.1.el10.x86_64       ol10_appstream      50.6 MB
#17 8.913  javapackages-filesystem-6.4.0-1.el10.noarch                      ol10_appstream      12.3 kB
#17 8.913  javapackages-tools-6.4.0-1.el10.noarch                           ol10_appstream      58.4 kB
#17 8.913  jbigkit-libs-2.1-31.el10.x86_64                                  ol10_appstream      60.6 kB
#17 8.913  jcl-over-slf4j-1.7.32-13.el10.noarch                             ol10_appstream      24.1 kB
#17 8.913  json-glib-1.8.0-5.el10.x86_64                                    ol10_baseos_latest 225.8 kB
#17 8.913  jsr-305-3.0.2-17.el10.noarch                                     ol10_appstream      58.0 kB
#17 8.913  kbd-2.6.4-8.el10_2.x86_64                                        ol10_baseos_latest 548.6 kB
#17 8.913  kbd-legacy-2.6.4-8.el10_2.noarch                                 ol10_baseos_latest 852.3 kB
#17 8.913  kbd-misc-2.6.4-8.el10_2.noarch                                   ol10_baseos_latest   2.4 MB
#17 8.913  kmod-31-13.0.1.el10.x86_64                                       ol10_baseos_latest 164.5 kB
#17 8.913  lame-libs-3.100-19.el10.x86_64                                   ol10_appstream     350.0 kB
#17 8.913  lcms2-2.16-6.el10.x86_64                                         ol10_appstream     192.1 kB
#17 8.913  libX11-1.8.10-1.el10.x86_64                                      ol10_appstream     668.0 kB
#17 8.913  libX11-common-1.8.10-1.el10.noarch                               ol10_appstream     350.1 kB
#17 8.913  libX11-xcb-1.8.10-1.el10.x86_64                                  ol10_appstream      12.2 kB
#17 8.913  libXau-1.0.11-8.el10.x86_64                                      ol10_appstream      37.5 kB
#17 8.913  libXcomposite-0.4.6-5.el10.x86_64                                ol10_appstream      29.8 kB
#17 8.913  libXcursor-1.2.1-9.el10.x86_64                                   ol10_appstream      36.0 kB
#17 8.913  libXdamage-1.1.6-5.el10.x86_64                                   ol10_appstream      29.0 kB
#17 8.913  libXext-1.3.6-3.el10.x86_64                                      ol10_appstream      39.7 kB
#17 8.913  libXfixes-6.0.1-5.el10.x86_64                                    ol10_appstream      23.7 kB
#17 8.913  libXft-2.3.8-8.el10.x86_64                                       ol10_appstream      79.2 kB
#17 8.913  libXi-1.8.1-7.el10.x86_64                                        ol10_appstream      40.8 kB
#17 8.913  libXinerama-1.1.5-8.el10.x86_64                                  ol10_appstream      14.4 kB
#17 8.913  libXrandr-1.5.4-5.el10.x86_64                                    ol10_appstream      28.2 kB
#17 8.913  libXrender-0.9.11-8.el10.x86_64                                  ol10_appstream      28.2 kB
#17 8.913  libXtst-1.2.4-8.el10.x86_64                                      ol10_appstream      20.9 kB
#17 8.913  libXv-1.0.12-5.el10.x86_64                                       ol10_appstream      18.9 kB
#17 8.913  libXxf86vm-1.1.5-8.el10.x86_64                                   ol10_appstream      18.1 kB
#17 8.913  libassuan-2.5.6-6.el10.x86_64                                    ol10_baseos_latest  75.6 kB
#17 8.913  libasyncns-0.8-30.el10.x86_64                                    ol10_appstream      30.6 kB
#17 8.913  libatomic-14.3.1-4.4.0.1.el10.x86_64                             ol10_baseos_latest  58.4 kB
#17 8.913  libcamera-0.6.0-1.el10.x86_64                                    ol10_appstream     687.0 kB
#17 8.913  libcamera-ipa-0.6.0-1.el10.x86_64                                ol10_appstream     181.2 kB
#17 8.913  libcanberra-0.30-37.el10.x86_64                                  ol10_appstream     102.0 kB
#17 8.913  libcanberra-gtk3-0.30-37.el10.x86_64                             ol10_appstream      39.0 kB
#17 8.913  libdatrie-0.2.13-11.el10.x86_64                                  ol10_appstream      32.5 kB
#17 8.913  libdex-0.8.1-1.el10.x86_64                                       ol10_appstream      90.1 kB
#17 8.913  libdrm-2.4.128-1.el10.x86_64                                     ol10_baseos_latest 187.1 kB
#17 8.913  libedit-3.1-52.20230828cvs.el10.x86_64                           ol10_baseos_latest 112.4 kB
#17 8.913  libepoxy-1.5.10-9.el10.x86_64                                    ol10_appstream     233.3 kB
#17 8.913  libexif-0.6.24-9.el10_2.1.x86_64                                 ol10_appstream     498.2 kB
#17 8.913  libfontenc-1.1.7-5.el10.x86_64                                   ol10_appstream      36.5 kB
#17 8.913  libgcrypt-1.11.0-7.el10_2.x86_64                                 ol10_baseos_latest 622.3 kB
#17 8.913  libgexiv2-0.14.3-3.el10.x86_64                                   ol10_appstream     114.2 kB
#17 8.913  libglvnd-1:1.7.0-7.el10.x86_64                                   ol10_appstream     117.4 kB
#17 8.913  libglvnd-egl-1:1.7.0-7.el10.x86_64                               ol10_appstream      36.4 kB
#17 8.913  libglvnd-glx-1:1.7.0-7.el10.x86_64                               ol10_appstream     134.3 kB
#17 8.913  libgpg-error-1.50-2.el10.x86_64                                  ol10_baseos_latest 266.9 kB
#17 8.913  libgsf-1.14.53-2.el10.x86_64                                     ol10_appstream     312.2 kB
#17 8.913  libgudev-238-7.el10.x86_64                                       ol10_baseos_latest  39.5 kB
#17 8.913  libgusb-0.4.9-4.el10.x86_64                                      ol10_baseos_latest  73.5 kB
#17 8.913  libgxps-0.3.2-10.el10.x86_64                                     ol10_appstream      87.3 kB
#17 8.913  libicu-74.2-5.el10_0.x86_64                                      ol10_baseos_latest  11.0 MB
#17 8.913  libiptcdata-1.0.5-20.el10.x86_64                                 ol10_appstream      74.5 kB
#17 8.913  libjpeg-turbo-3.0.2-4.el10.x86_64                                ol10_appstream     262.0 kB
#17 8.913  libksba-1.6.7-2.el10.x86_64                                      ol10_baseos_latest 176.1 kB
#17 8.913  liblc3-1.1.3-1.el10.x86_64                                       ol10_appstream     106.2 kB
#17 8.913  libldac-2.0.2.3-17.el10.x86_64                                   ol10_appstream      42.4 kB
#17 8.913  liblerc-4.0.0-8.el10.x86_64                                      ol10_appstream     226.0 kB
#17 8.913  libnotify-0.8.6-1.el10.x86_64                                    ol10_appstream      72.4 kB
#17 8.913  libogg-2:1.3.5-10.el10.x86_64                                    ol10_appstream      38.8 kB
#17 8.913  libosinfo-1.11.0-8.el10.x86_64                                   ol10_appstream     351.4 kB
#17 8.913  libpciaccess-0.16-16.el10.x86_64                                 ol10_baseos_latest  27.4 kB
#17 8.913  libportal-0.9.0-3.el10.x86_64                                    ol10_appstream      93.6 kB
#17 8.913  libproxy-0.5.5-4.el10.x86_64                                     ol10_baseos_latest  55.5 kB
#17 8.913  librsvg2-2.57.1-9.el10.x86_64                                    ol10_appstream       1.6 MB
#17 8.913  libsbc-2.0-7.el10.x86_64                                         ol10_appstream      50.9 kB
#17 8.913  libsndfile-1.2.2-6.el10_2.1.x86_64                               ol10_appstream     226.4 kB
#17 8.913  libsoup3-3.6.5-3.el10_2.14.x86_64                                ol10_appstream     473.0 kB
#17 8.913  libtdb-1.4.14-100.el10.x86_64                                    ol10_baseos_latest  66.6 kB
#17 8.913  libthai-0.1.29-10.el10.x86_64                                    ol10_appstream     224.5 kB
#17 8.913  libtheora-1:1.1.1-39.el10.x86_64                                 ol10_appstream     178.4 kB
#17 8.913  libtiff-4.6.0-8.el10_2.4.x86_64                                  ol10_appstream     245.6 kB
#17 8.913  libtool-ltdl-2.4.7-13.el10.x86_64                                ol10_appstream      36.2 kB
#17 8.913  libtracker-sparql-3.7.3-4.el10.x86_64                            ol10_appstream     401.5 kB
#17 8.913  liburing-2.12-1.el10.x86_64                                      ol10_baseos_latest  47.5 kB
#17 8.913  libusb1-1.0.30-1.el10_2.x86_64                                   ol10_baseos_latest  86.2 kB
#17 8.913  libutempter-1.2.1-15.el10.x86_64                                 ol10_baseos_latest  30.9 kB
#17 8.913  libvorbis-1:1.3.7-12.el10.x86_64                                 ol10_appstream     197.3 kB
#17 8.913  libwayland-client-1.24.0-1.el10.x86_64                           ol10_appstream      44.2 kB
#17 8.913  libwayland-cursor-1.24.0-1.el10.x86_64                           ol10_appstream      29.0 kB
#17 8.913  libwayland-egl-1.24.0-1.el10.x86_64                              ol10_appstream      22.1 kB
#17 8.913  libwebp-1.3.2-10.el10.x86_64                                     ol10_appstream     304.8 kB
#17 8.913  libxcb-1.17.0-3.el10.x86_64                                      ol10_appstream     264.9 kB
#17 8.913  libxshmfence-1.3.2-5.el10.x86_64                                 ol10_appstream      12.1 kB
#17 8.913  libxslt-1.1.39-8.el10_2.1.x86_64                                 ol10_appstream     213.3 kB
#17 8.913  lksctp-tools-1.0.21-1.el10.x86_64                                ol10_baseos_latest 106.0 kB
#17 8.913  llvm-filesystem-21.1.8-1.el10.x86_64                             ol10_appstream      37.8 kB
#17 8.913  llvm-libs-21.1.8-1.el10.x86_64                                   ol10_appstream      32.1 MB
#17 8.913  low-memory-monitor-2.1-12.el10.x86_64                            ol10_appstream      41.2 kB
#17 8.913  maven-1:3.9.9-3.el10_1.noarch                                    ol10_appstream      47.9 kB
#17 8.913  maven-lib-1:3.9.9-3.el10_1.noarch                                ol10_appstream       1.7 MB
#17 8.913  maven-openjdk21-1:3.9.9-3.el10_1.noarch                          ol10_appstream      30.9 kB
#17 8.913  maven-resolver-1:1.9.18-4.el10.noarch                            ol10_appstream     792.3 kB
#17 8.913  maven-shared-utils-3.4.2-8.el10.noarch                           ol10_appstream     157.2 kB
#17 8.913  maven-wagon-3.5.3-9.el10.noarch                                  ol10_appstream     125.0 kB
#17 8.913  mesa-dri-drivers-25.2.7-4.el10.x86_64                            ol10_appstream      11.4 MB
#17 8.913  mesa-filesystem-25.2.7-4.el10.x86_64                             ol10_appstream      42.7 kB
#17 8.913  mesa-libEGL-25.2.7-4.el10.x86_64                                 ol10_appstream     154.8 kB
#17 8.913  mesa-libGL-25.2.7-4.el10.x86_64                                  ol10_appstream     155.0 kB
#17 8.913  mesa-libgbm-25.2.7-4.el10.x86_64                                 ol10_appstream      49.0 kB
#17 8.913  mkfontscale-1.2.2-8.el10.x86_64                                  ol10_appstream      37.7 kB
#17 8.913  mpdecimal-2.5.1-12.el10.x86_64                                   ol10_baseos_latest  91.0 kB
#17 8.913  mpg123-libs-1.32.9-1.el10.x86_64                                 ol10_appstream     365.9 kB
#17 8.913  ncurses-6.4-15.20240127.el10_1.x86_64                            ol10_baseos_latest 479.4 kB
#17 8.913  npth-1.6-21.el10.x86_64                                          ol10_baseos_latest  25.1 kB
#17 8.913  nspr-4.39.0-5.el10_0.x86_64                                      ol10_appstream     206.0 kB
#17 8.913  nss-3.124.0-5.el10_0.x86_64                                      ol10_appstream     834.4 kB
#17 8.913  nss-softokn-3.124.0-5.el10_0.x86_64                              ol10_appstream     496.3 kB
#17 8.913  nss-softokn-freebl-3.124.0-5.el10_0.x86_64                       ol10_appstream     465.3 kB
#17 8.913  nss-sysinit-3.124.0-5.el10_0.x86_64                              ol10_appstream      82.0 kB
#17 8.913  nss-util-3.124.0-5.el10_0.x86_64                                 ol10_appstream     150.4 kB
#17 8.913  openjpeg2-2.5.2-5.el10.x86_64                                    ol10_appstream     200.4 kB
#17 8.913  openssh-9.9p1-25.0.1.el10_2.x86_64                               ol10_baseos_latest 472.2 kB
#17 8.913  openssh-clients-9.9p1-25.0.1.el10_2.x86_64                       ol10_baseos_latest 895.7 kB
#17 8.913  opus-1.4-6.el10.x86_64                                           ol10_appstream     215.2 kB
#17 8.913  orc-0.4.39-2.el10.x86_64                                         ol10_appstream     237.9 kB
#17 8.913  osinfo-db-20250606-2.0.1.el10_2.noarch                           ol10_appstream       1.4 MB
#17 8.913  osinfo-db-tools-1.11.0-8.el10.x86_64                             ol10_appstream      98.8 kB
#17 8.913  pam-1.6.1-9.el10.x86_64                                          ol10_baseos_latest 832.8 kB
#17 8.913  pango-1.54.0-3.el10.x86_64                                       ol10_appstream     376.1 kB
#17 8.913  patch-2.7.6-26.el10.x86_64                                       ol10_appstream     136.3 kB
#17 8.913  perl-AutoLoader-5.74-515.el10_2.noarch                           ol10_appstream     104.6 kB
#17 8.913  perl-B-1.89-515.el10_2.x86_64                                    ol10_appstream     281.7 kB
#17 8.913  perl-Carp-1.54-511.el10.noarch                                   ol10_appstream      34.6 kB
#17 8.913  perl-Class-Struct-0.68-515.el10_2.noarch                         ol10_appstream     105.4 kB
#17 8.913  perl-Data-Dumper-2.189-512.el10.x86_64                           ol10_appstream      62.5 kB
#17 8.913  perl-Digest-1.20-511.el10.noarch                                 ol10_appstream      34.6 kB
#17 8.913  perl-Digest-MD5-2.59-6.el10.x86_64                               ol10_appstream      42.1 kB
#17 8.913  perl-DynaLoader-1.56-515.el10_2.x86_64                           ol10_appstream     109.5 kB
#17 8.913  perl-Encode-4:3.21-511.el10.x86_64                               ol10_appstream       1.2 MB
#17 8.913  perl-Errno-1.38-515.el10_2.x86_64                                ol10_appstream      98.1 kB
#17 8.913  perl-Error-1:0.17029-18.el10.noarch                              ol10_appstream      57.0 kB
#17 8.913  perl-Exporter-5.78-511.el10.noarch                               ol10_appstream      37.7 kB
#17 8.913  perl-Fcntl-1.18-515.el10_2.x86_64                                ol10_appstream     113.3 kB
#17 8.913  perl-File-Basename-2.86-515.el10_2.noarch                        ol10_appstream     100.4 kB
#17 8.913  perl-File-Path-2.18-512.el10.noarch                              ol10_appstream      45.3 kB
#17 8.913  perl-File-Temp-1:0.231.100-512.el10.noarch                       ol10_appstream      67.8 kB
#17 8.913  perl-File-stat-1.14-515.el10_2.noarch                            ol10_appstream     100.3 kB
#17 8.913  perl-FileHandle-2.05-515.el10_2.noarch                           ol10_appstream      98.7 kB
#17 8.913  perl-Getopt-Long-1:2.58-3.el10.noarch                            ol10_appstream      78.5 kB
#17 8.913  perl-Getopt-Std-1.14-515.el10_2.noarch                           ol10_appstream      98.9 kB
#17 8.913  perl-Git-2.52.0-1.el10.noarch                                    ol10_appstream      51.7 kB
#17 8.913  perl-HTTP-Tiny-0.088-512.el10.noarch                             ol10_appstream      66.3 kB
#17 8.913  perl-IO-1.55-515.el10_2.x86_64                                   ol10_appstream     186.8 kB
#17 8.913  perl-IO-Socket-IP-0.42-512.el10.noarch                           ol10_appstream      50.0 kB
#17 8.913  perl-IO-Socket-SSL-2.085-3.el10.noarch                           ol10_appstream     249.3 kB
#17 8.913  perl-IPC-Open3-1.22-515.el10_2.noarch                            ol10_appstream     110.0 kB
#17 8.913  perl-MIME-Base64-3.16-511.el10.x86_64                            ol10_appstream      37.8 kB
#17 8.913  perl-Mozilla-CA-20231213-5.el10.noarch                           ol10_appstream      18.3 kB
#17 8.913  perl-NDBM_File-1.17-515.el10_2.x86_64                            ol10_appstream     106.0 kB
#17 8.913  perl-Net-SSLeay-1.94-8.el10.x86_64                               ol10_appstream     522.5 kB
#17 8.913  perl-POSIX-2.20-515.el10_2.x86_64                                ol10_appstream     186.6 kB
#17 8.913  perl-PathTools-3.91-512.el10.x86_64                              ol10_appstream     107.6 kB
#17 8.913  perl-Pod-Escapes-1:1.07-511.el10.noarch                          ol10_appstream      24.3 kB
#17 8.913  perl-Pod-Perldoc-3.28.01-512.el10.noarch                         ol10_appstream     114.9 kB
#17 8.913  perl-Pod-Simple-1:3.45-511.el10.noarch                           ol10_appstream     271.8 kB
#17 8.913  perl-Pod-Usage-4:2.03-511.el10.noarch                            ol10_appstream      48.1 kB
#17 8.913  perl-Scalar-List-Utils-5:1.63-511.el10.x86_64                    ol10_appstream      85.6 kB
#17 8.913  perl-SelectSaver-1.02-515.el10_2.noarch                          ol10_appstream      94.9 kB
#17 8.913  perl-Socket-4:2.038-511.el10.x86_64                              ol10_appstream      63.2 kB
#17 8.913  perl-Storable-1:3.32-511.el10.x86_64                             ol10_appstream     105.7 kB
#17 8.913  perl-Symbol-1.09-515.el10_2.noarch                               ol10_appstream      97.4 kB
#17 8.913  perl-Term-ANSIColor-5.01-512.el10.noarch                         ol10_appstream      54.9 kB
#17 8.913  perl-Term-Cap-1.18-511.el10.noarch                               ol10_appstream      27.7 kB
#17 8.913  perl-TermReadKey-2.38-24.el10.x86_64                             ol10_appstream      42.4 kB
#17 8.913  perl-Text-ParseWords-3.31-511.el10.noarch                        ol10_appstream      20.8 kB
#17 8.913  perl-Text-Tabs+Wrap-2024.001-511.el10.noarch                     ol10_appstream      28.4 kB
#17 8.913  perl-Time-Local-2:1.350-511.el10.noarch                          ol10_appstream      42.4 kB
#17 8.913  perl-URI-5.27-3.el10.noarch                                      ol10_appstream     200.9 kB
#17 8.913  perl-base-2.27-515.el10_2.noarch                                 ol10_appstream      99.4 kB
#17 8.913  perl-constant-1.33-512.el10.noarch                               ol10_appstream      28.6 kB
#17 8.913  perl-if-0.61.000-515.el10_2.noarch                               ol10_appstream      97.2 kB
#17 8.913  perl-interpreter-4:5.40.2-515.el10_2.x86_64                      ol10_appstream     163.6 kB
#17 8.913  perl-lib-0.65-515.el10_2.x86_64                                  ol10_appstream      98.1 kB
#17 8.913  perl-libnet-3.15-512.el10.noarch                                 ol10_appstream     157.8 kB
#17 8.913  perl-libs-4:5.40.2-515.el10_2.x86_64                             ol10_appstream       3.1 MB
#17 8.913  perl-locale-1.12-515.el10_2.noarch                               ol10_appstream      96.8 kB
#17 8.913  perl-mro-1.29-515.el10_2.x86_64                                  ol10_appstream     113.6 kB
#17 8.913  perl-overload-1.37-515.el10_2.noarch                             ol10_appstream     129.5 kB
#17 8.913  perl-overloading-0.02-515.el10_2.noarch                          ol10_appstream      96.1 kB
#17 8.913  perl-parent-1:0.241-512.el10.noarch                              ol10_appstream      15.2 kB
#17 8.913  perl-podlators-1:5.01-511.el10.noarch                            ol10_appstream     146.7 kB
#17 8.913  perl-vars-1.05-515.el10_2.noarch                                 ol10_appstream      96.2 kB
#17 8.913  pipewire-1.4.11-1.el10_2.1.x86_64                                ol10_appstream     188.6 kB
#17 8.913  pipewire-alsa-1.4.11-1.el10_2.1.x86_64                           ol10_appstream      90.1 kB
#17 8.913  pipewire-jack-audio-connection-kit-1.4.11-1.el10_2.1.x86_64      ol10_appstream      33.6 kB
#17 8.913  pipewire-jack-audio-connection-kit-libs-1.4.11-1.el10_2.1.x86_64 ol10_appstream     182.1 kB
#17 8.913  pipewire-libs-1.4.11-1.el10_2.1.x86_64                           ol10_appstream       2.8 MB
#17 8.914  pipewire-plugin-libcamera-1.4.11-1.el10_2.1.x86_64               ol10_appstream      97.9 kB
#17 8.914  pipewire-pulseaudio-1.4.11-1.el10_2.1.x86_64                     ol10_appstream     278.9 kB
#17 8.914  pixman-0.43.4-2.el10.x86_64                                      ol10_appstream     292.5 kB
#17 8.914  plexus-cipher-2.0-12.el10.noarch                                 ol10_appstream      31.2 kB
#17 8.914  plexus-classworlds-2.8.0-4.el10.noarch                           ol10_appstream      67.3 kB
#17 8.914  plexus-containers-component-annotations-2.2.0-4.el10.noarch      ol10_appstream      22.5 kB
#17 8.914  plexus-interpolation-1.27-4.el10.noarch                          ol10_appstream      81.7 kB
#17 8.914  plexus-sec-dispatcher-2.0-14.el10.noarch                         ol10_appstream      38.3 kB
#17 8.914  plexus-utils-3.5.1-9.el10_2.noarch                               ol10_appstream     281.2 kB
#17 8.914  polkit-125-4.0.1.el10_2.1.x86_64                                 ol10_baseos_latest 222.4 kB
#17 8.914  polkit-libs-125-4.0.1.el10_2.1.x86_64                            ol10_baseos_latest  91.9 kB
#17 8.914  polkit-pkla-compat-0.1-30.el10.x86_64                            ol10_baseos_latest  55.5 kB
#17 8.914  poppler-24.02.0-7.el10_2.2.x86_64                                ol10_appstream       1.3 MB
#17 8.914  poppler-data-0.4.11-9.el10.noarch                                ol10_appstream       2.3 MB
#17 8.914  poppler-glib-24.02.0-7.el10_2.2.x86_64                           ol10_appstream     223.5 kB
#17 8.914  pulseaudio-libs-17.0-6.el10.x86_64                               ol10_appstream     772.5 kB
#17 8.914  python-unversioned-command-3.12.13-2.0.1.el10_2.1.noarch         ol10_appstream      15.2 kB
#17 8.914  python3-3.12.13-2.0.1.el10_2.1.x86_64                            ol10_baseos_latest  37.2 kB
#17 8.914  python3-libs-3.12.13-2.0.1.el10_2.1.x86_64                       ol10_baseos_latest  11.7 MB
#17 8.914  python3-pip-wheel-23.3.2-11.el10_2.noarch                        ol10_baseos_latest   1.6 MB
#17 8.914  redhat-mono-vf-fonts-4.1.0-1.el10.noarch                         ol10_baseos_latest 360.9 kB
#17 8.914  rsvg-pixbuf-loader-2.57.1-9.el10.x86_64                          ol10_appstream      15.7 kB
#17 8.914  rtkit-0.11-68.el10.x86_64                                        ol10_appstream      71.1 kB
#17 8.914  shared-mime-info-2.3-8.el10.x86_64                               ol10_baseos_latest 414.2 kB
#17 8.914  sisu-1:0.3.5-14.el10.noarch                                      ol10_appstream     534.3 kB
#17 8.914  slf4j-1.7.32-13.el10.noarch                                      ol10_appstream      79.4 kB
#17 8.914  sound-theme-freedesktop-0.8-23.el10.noarch                       ol10_appstream     416.4 kB
#17 8.914  spirv-tools-libs-2025.4-1.el10.x86_64                            ol10_appstream       1.7 MB
#17 8.914  systemd-udev-257-23.0.1.el10_2.2.x86_64                          ol10_baseos_latest   2.7 MB
#17 8.914  tpm2-tss-4.1.3-6.el10.x86_64                                     ol10_baseos_latest 465.9 kB
#17 8.914  tracker-3.7.3-4.el10.x86_64                                      ol10_appstream     733.0 kB
#17 8.914  tracker-miners-3.7.4-1.el10.x86_64                               ol10_appstream       1.1 MB
#17 8.914  ttmkfdir-3.0.9-72.el10.x86_64                                    ol10_appstream      57.6 kB
#17 8.914  tzdata-2026c-1.el10_2.noarch                                     ol10_baseos_latest   2.4 MB
#17 8.914  tzdata-java-2026c-1.el10_2.noarch                                ol10_appstream      95.1 kB
#17 8.914  unzip-6.0-69.el10.x86_64                                         ol10_baseos_latest 223.0 kB
#17 8.914  upower-1.90.10-2.el10.x86_64                                     ol10_appstream     181.4 kB
#17 8.914  upower-libs-1.90.10-2.el10.x86_64                                ol10_appstream      60.6 kB
#17 8.914  util-linux-2.40.2-18.0.1.el10.x86_64                             ol10_baseos_latest   1.6 MB
#17 8.914  webrtc-audio-processing-1.3-5.el10.x86_64                        ol10_appstream     546.0 kB
#17 8.914  wireplumber-0.5.10-1.el10.x86_64                                 ol10_appstream     181.5 kB
#17 8.914  wireplumber-libs-0.5.10-1.el10.x86_64                            ol10_appstream     472.7 kB
#17 8.914  xdg-desktop-portal-1.20.0-2.el10.x86_64                          ol10_appstream     641.4 kB
#17 8.914  xdg-desktop-portal-gtk-1.15.3-1.el10.x86_64                      ol10_appstream     189.0 kB
#17 8.914  xorg-x11-fonts-Type1-7.5-40.el10.noarch                          ol10_appstream     537.1 kB
#17 8.914  xprop-1.2.7-3.el10.x86_64                                        ol10_appstream      39.9 kB
#17 8.914 Upgrading:                                                                                   
#17 8.914  gzip-1.13-4.el10_2.x86_64                                        ol10_baseos_latest 220.2 kB
#17 8.914   replacing gzip-1.13-3.el10.x86_64                                                          
#17 8.914  tar-2:1.35-13.el10_2.x86_64                                      ol10_baseos_latest 959.9 kB
#17 8.914    replacing tar-2:1.35-11.el10.x86_64                                                       
#17 8.914 Transaction Summary:
#17 8.914  Installing:      306 packages
#17 8.914  Reinstalling:      0 packages
#17 8.914  Upgrading:         2 packages
#17 8.914  Obsoleting:        0 packages
#17 8.914  Removing:          0 packages
#17 8.914  Downgrading:       0 packages
#17 8.917 Downloading packages...
#17 14.85 Running transaction test...
#17 16.26 Installing: javapackages-filesystem;6.4.0-1.el10;noarch;ol10_appstream
#17 16.26 Installing: dbus-libs;1:1.14.10-5.el10;x86_64;ol10_baseos_latest
#17 16.27 Installing: avahi-libs;0.9~rc2-2.el10;x86_64;ol10_baseos_latest
#17 16.27 Installing: nspr;4.39.0-5.el10_0;x86_64;ol10_appstream
#17 16.28 Installing: libjpeg-turbo;3.0.2-4.el10;x86_64;ol10_appstream
#17 16.28 Installing: json-glib;1.8.0-5.el10;x86_64;ol10_baseos_latest
#17 16.30 Installing: atinject;1.0.5-13.el10;noarch;ol10_appstream
#17 16.30 Installing: slf4j;1.7.32-13.el10;noarch;ol10_appstream
#17 16.31 Installing: libogg;2:1.3.5-10.el10;x86_64;ol10_appstream
#17 16.31 Installing: alsa-lib;1.2.15.3-2.el10;x86_64;ol10_appstream
#17 16.33 Installing: libgpg-error;1.50-2.el10;x86_64;ol10_baseos_latest
#17 16.34 Installing: libvorbis;1:1.3.7-12.el10;x86_64;ol10_appstream
#17 16.34 Installing: nss-util;3.124.0-5.el10_0;x86_64;ol10_appstream
#17 16.35 Installing: plexus-utils;3.5.1-9.el10_2;noarch;ol10_appstream
#17 16.35 Installing: libwayland-client;1.24.0-1.el10;x86_64;ol10_appstream
#17 16.35 Installing: libX11-xcb;1.8.10-1.el10;x86_64;ol10_appstream
#17 16.36 Installing: libassuan;2.5.6-6.el10;x86_64;ol10_baseos_latest
#17 16.36 Installing: avahi-glib;0.9~rc2-2.el10;x86_64;ol10_appstream
#17 16.36 Installing: httpcomponents-core;4.4.16-9.el10;noarch;ol10_appstream
#17 16.37 Installing: opus;1.4-6.el10;x86_64;ol10_appstream
#17 16.37 Installing: lcms2;2.16-6.el10;x86_64;ol10_appstream
#17 16.38 Installing: polkit-libs;125-4.0.1.el10_2.1;x86_64;ol10_baseos_latest
#17 16.38 Installing: libgudev;238-7.el10;x86_64;ol10_baseos_latest
#17 16.38 Installing: hwdata;0.379-10.8.el10;noarch;ol10_baseos_latest
#17 16.40 Installing: libwayland-cursor;1.24.0-1.el10;x86_64;ol10_appstream
#17 16.41 Installing: jcl-over-slf4j;1.7.32-13.el10;noarch;ol10_appstream
#17 16.41 Installing: plexus-cipher;2.0-12.el10;noarch;ol10_appstream
#17 16.41 Installing: apache-commons-codec;1.17.1-1.el10;noarch;ol10_appstream
#17 16.41 Installing: httpcomponents-client;4.5.14-9.el10;noarch;ol10_appstream
#17 16.42 Installing: maven-wagon;3.5.3-9.el10;noarch;ol10_appstream
#17 16.42 Installing: plexus-classworlds;2.8.0-4.el10;noarch;ol10_appstream
#17 16.43 Installing: plexus-containers-component-annotations;2.2.0-4.el10;noarch;ol10_appstream
#17 16.43 Installing: libcamera-ipa;0.6.0-1.el10;x86_64;ol10_appstream
#17 16.44 Installing: libcamera;0.6.0-1.el10;x86_64;ol10_appstream
#17 16.44 Installing: libwayland-egl;1.24.0-1.el10;x86_64;ol10_appstream
#17 16.45 Installing: libtool-ltdl;2.4.7-13.el10;x86_64;ol10_appstream
#17 16.45 Installing: libglvnd;1:1.7.0-7.el10;x86_64;ol10_appstream
#17 16.46 Installing: fribidi;1.0.14-4.el10;x86_64;ol10_appstream
#17 16.48 useradd: Warning: missing or non-executable shell '/usr/sbin/nologin'
#17 16.49 Installing: tpm2-tss;4.1.3-6.el10;x86_64;ol10_baseos_latest
#17 16.50 Installing: libusb1;1.0.30-1.el10_2;x86_64;ol10_baseos_latest
#17 16.51 Installing: libtdb;1.4.14-100.el10;x86_64;ol10_baseos_latest
#17 16.51 Installing: libicu;74.2-5.el10_0;x86_64;ol10_baseos_latest
#17 16.60 Installing: libedit;3.1-52.20230828cvs.el10;x86_64;ol10_baseos_latest
#17 16.60 Installing: fuse3-libs;3.16.2-5.el10;x86_64;ol10_baseos_latest
#17 16.61 Installing: duktape;2.7.0-10.el10;x86_64;ol10_baseos_latest
#17 16.63 Installing: polkit;125-4.0.1.el10_2.1;x86_64;ol10_baseos_latest
#17 16.67 Installing: polkit-pkla-compat;0.1-30.el10;x86_64;ol10_baseos_latest
#17 16.67 Installing: authselect-libs;1.5.2-1.el10;x86_64;ol10_baseos_latest
#17 16.71 Installing: rtkit;0.11-68.el10;x86_64;ol10_appstream
#17 16.73 Created symlink '/etc/systemd/system/graphical.target.wants/rtkit-daemon.service' → '/usr/lib/systemd/system/rtkit-daemon.service'.
#17 16.73 Installing: libproxy;0.5.5-4.el10;x86_64;ol10_baseos_latest
#17 16.73 Installing: libgusb;0.4.9-4.el10;x86_64;ol10_baseos_latest
#17 16.74 Installing: colord-libs;1.4.7-6.el10;x86_64;ol10_appstream
#17 16.74 Installing: plexus-sec-dispatcher;2.0-14.el10;noarch;ol10_appstream
#17 16.75 Installing: libpciaccess;0.16-16.el10;x86_64;ol10_baseos_latest
#17 16.75 Installing: libdrm;2.4.128-1.el10;x86_64;ol10_baseos_latest
#17 16.76 Installing: osinfo-db;20250606-2.0.1.el10_2;noarch;ol10_appstream
#17 16.87 Installing: nss-softokn-freebl;3.124.0-5.el10_0;x86_64;ol10_appstream
#17 16.88 Installing: nss-softokn;3.124.0-5.el10_0;x86_64;ol10_appstream
#17 16.89 Installing: nss;3.124.0-5.el10_0;x86_64;ol10_appstream
#17 16.91 Installing: nss-sysinit;3.124.0-5.el10_0;x86_64;ol10_appstream
#17 16.92 Installing: libgcrypt;1.11.0-7.el10_2;x86_64;ol10_baseos_latest
#17 16.94 Installing: libksba;1.6.7-2.el10;x86_64;ol10_baseos_latest
#17 16.94 Installing: flac-libs;1.4.3-6.el10;x86_64;ol10_appstream
#17 16.95 Installing: libtheora;1:1.1.1-39.el10;x86_64;ol10_appstream
#17 16.96 Installing: cdi-api;2.0.2-15.el10;noarch;ol10_appstream
#17 16.96 Installing: sisu;1:0.3.5-14.el10;noarch;ol10_appstream
#17 16.97 Installing: aopalliance;1.0-40.el10;noarch;ol10_appstream
#17 16.97 Installing: apache-commons-cli;1.9.0-1.el10;noarch;ol10_appstream
#17 16.97 Installing: apache-commons-io;1:2.16.1-1.el10;noarch;ol10_appstream
#17 16.98 Installing: maven-shared-utils;3.4.2-8.el10;noarch;ol10_appstream
#17 16.98 Installing: jakarta-annotations;1.3.5-23.el10;noarch;ol10_appstream
#17 16.98 Installing: jansi;2.4.1-5.el10;x86_64;ol10_appstream
#17 16.99 Installing: javapackages-tools;6.4.0-1.el10;noarch;ol10_appstream
#17 16.99 Installing: jsr-305;3.0.2-17.el10;noarch;ol10_appstream
#17 17.00 Installing: guava;32.1.3-6.el10;noarch;ol10_appstream
#17 17.01 Installing: google-guice;5.1.0-12.el10;noarch;ol10_appstream
#17 17.01 Installing: plexus-interpolation;1.27-4.el10;noarch;ol10_appstream
#17 17.01 Installing: maven-resolver;1:1.9.18-4.el10;noarch;ol10_appstream
#17 17.02 Installing: maven-lib;1:3.9.9-3.el10_1;noarch;ol10_appstream
#17 17.04 Installing: webrtc-audio-processing;1.3-5.el10;x86_64;ol10_appstream
#17 17.04 Installing: tzdata-java;2026c-1.el10_2;noarch;ol10_appstream
#17 17.05 Installing: ttmkfdir;3.0.9-72.el10;x86_64;ol10_appstream
#17 17.05 Installing: spirv-tools-libs;2025.4-1.el10;x86_64;ol10_appstream
#17 17.07 Installing: sound-theme-freedesktop;0.8-23.el10;noarch;ol10_appstream
#17 17.09 Installing: poppler-data;0.4.11-9.el10;noarch;ol10_appstream
#17 17.15 Installing: pixman;0.43.4-2.el10;x86_64;ol10_appstream
#17 17.15 Installing: orc;0.4.39-2.el10;x86_64;ol10_appstream
#17 17.16 Installing: openjpeg2;2.5.2-5.el10;x86_64;ol10_appstream
#17 17.16 Installing: mpg123-libs;1.32.9-1.el10;x86_64;ol10_appstream
#17 17.17 Installing: mesa-filesystem;25.2.7-4.el10;x86_64;ol10_appstream
#17 17.17 Installing: low-memory-monitor;2.1-12.el10;x86_64;ol10_appstream
#17 17.18 Created symlink '/etc/systemd/system/basic.target.wants/low-memory-monitor.service' → '/usr/lib/systemd/system/low-memory-monitor.service'.
#17 17.19 Installing: llvm-filesystem;21.1.8-1.el10;x86_64;ol10_appstream
#17 17.19 Installing: llvm-libs;21.1.8-1.el10;x86_64;ol10_appstream
#17 17.47 Installing: libxslt;1.1.39-8.el10_2.1;x86_64;ol10_appstream
#17 17.48 Installing: libxshmfence;1.3.2-5.el10;x86_64;ol10_appstream
#17 17.48 Installing: libwebp;1.3.2-10.el10;x86_64;ol10_appstream
#17 17.49 Installing: libsbc;2.0-7.el10;x86_64;ol10_appstream
#17 17.49 Installing: libportal;0.9.0-3.el10;x86_64;ol10_appstream
#17 17.50 Installing: liblerc;4.0.0-8.el10;x86_64;ol10_appstream
#17 17.50 Installing: libldac;2.0.2.3-17.el10;x86_64;ol10_appstream
#17 17.51 Installing: liblc3;1.1.3-1.el10;x86_64;ol10_appstream
#17 17.51 Installing: libiptcdata;1.0.5-20.el10;x86_64;ol10_appstream
#17 17.52 Installing: libfontenc;1.1.7-5.el10;x86_64;ol10_appstream
#17 17.52 Installing: mkfontscale;1.2.2-8.el10;x86_64;ol10_appstream
#17 17.52 Installing: xorg-x11-fonts-Type1;7.5-40.el10;noarch;ol10_appstream
#17 17.58 Installing: libexif;0.6.24-9.el10_2.1;x86_64;ol10_appstream
#17 17.60 Installing: libepoxy;1.5.10-9.el10;x86_64;ol10_appstream
#17 17.60 Installing: libdatrie;0.2.13-11.el10;x86_64;ol10_appstream
#17 17.61 Installing: libthai;0.1.29-10.el10;x86_64;ol10_appstream
#17 17.61 Installing: libasyncns;0.8-30.el10;x86_64;ol10_appstream
#17 17.61 Installing: libXau;1.0.11-8.el10;x86_64;ol10_appstream
#17 17.62 Installing: libxcb;1.17.0-3.el10;x86_64;ol10_appstream
#17 17.63 Installing: mesa-dri-drivers;25.2.7-4.el10;x86_64;ol10_appstream
#17 17.74 Installing: mesa-libgbm;25.2.7-4.el10;x86_64;ol10_appstream
#17 17.74 Installing: libglvnd-egl;1:1.7.0-7.el10;x86_64;ol10_appstream
#17 17.75 Installing: mesa-libEGL;25.2.7-4.el10;x86_64;ol10_appstream
#17 17.75 Installing: libX11-common;1.8.10-1.el10;noarch;ol10_appstream
#17 17.78 Installing: libX11;1.8.10-1.el10;x86_64;ol10_appstream
#17 17.78 Installing: libXext;1.3.6-3.el10;x86_64;ol10_appstream
#17 17.79 Installing: libXrender;0.9.11-8.el10;x86_64;ol10_appstream
#17 17.79 Installing: cairo;1.18.2-2.el10_2.1;x86_64;ol10_appstream
#17 17.80 Installing: libXi;1.8.1-7.el10;x86_64;ol10_appstream
#17 17.80 Installing: cairo-gobject;1.18.2-2.el10_2.1;x86_64;ol10_appstream
#17 17.81 Installing: libXfixes;6.0.1-5.el10;x86_64;ol10_appstream
#17 17.81 Installing: libXtst;1.2.4-8.el10;x86_64;ol10_appstream
#17 17.81 Installing: libXcomposite;0.4.6-5.el10;x86_64;ol10_appstream
#17 17.81 Installing: libXcursor;1.2.1-9.el10;x86_64;ol10_appstream
#17 17.82 Installing: libXdamage;1.1.6-5.el10;x86_64;ol10_appstream
#17 17.82 Installing: libXft;2.3.8-8.el10;x86_64;ol10_appstream
#17 17.82 Installing: pango;1.54.0-3.el10;x86_64;ol10_appstream
#17 17.83 Installing: libXrandr;1.5.4-5.el10;x86_64;ol10_appstream
#17 17.84 Installing: libXinerama;1.1.5-8.el10;x86_64;ol10_appstream
#17 17.84 Installing: libXv;1.0.12-5.el10;x86_64;ol10_appstream
#17 17.85 Installing: libXxf86vm;1.1.5-8.el10;x86_64;ol10_appstream
#17 17.85 Installing: libglvnd-glx;1:1.7.0-7.el10;x86_64;ol10_appstream
#17 17.86 Installing: mesa-libGL;25.2.7-4.el10;x86_64;ol10_appstream
#17 17.86 Installing: xprop;1.2.7-3.el10;x86_64;ol10_appstream
#17 17.87 Installing: at-spi2-core;2.56.1-1.el10;x86_64;ol10_appstream
#17 17.89 Installing: atk;2.56.1-1.el10;x86_64;ol10_appstream
#17 17.90 Installing: at-spi2-atk;2.56.1-1.el10;x86_64;ol10_appstream
#17 17.90 Installing: lame-libs;3.100-19.el10;x86_64;ol10_appstream
#17 17.91 Installing: jbigkit-libs;2.1-31.el10;x86_64;ol10_appstream
#17 17.91 Installing: libtiff;4.6.0-8.el10_2.4;x86_64;ol10_appstream
#17 17.92 Installing: libgxps;0.3.2-10.el10;x86_64;ol10_appstream
#17 17.93 Installing: iso-codes;4.16.0-6.el10;noarch;ol10_appstream
#17 18.07 Installing: hicolor-icon-theme;0.17-20.el10;noarch;ol10_appstream
#17 18.10 Installing: gsm;1.0.22-8.el10;x86_64;ol10_appstream
#17 18.10 Installing: libsndfile;1.2.2-6.el10_2.1;x86_64;ol10_appstream
#17 18.13 Installing: pulseaudio-libs;17.0-6.el10;x86_64;ol10_appstream
#17 18.17 Installing: graphene;1.10.6-10.el10;x86_64;ol10_appstream
#17 18.18 Installing: giflib;5.2.1-25.el10_2;x86_64;ol10_appstream
#17 18.18 Installing: fftw-libs-single;3.3.10-15.el10;x86_64;ol10_appstream
#17 18.20 Installing: fdk-aac-free;2.0.0-15.el10;x86_64;ol10_appstream
#17 18.21 Installing: exempi;2.6.4-7.el10;x86_64;ol10_appstream
#17 18.22 Installing: dconf;0.40.0-17.el10;x86_64;ol10_appstream
#17 18.25 Installing: adwaita-cursor-theme;46.0-3.el10;noarch;ol10_appstream
#17 18.27 Installing: adwaita-icon-theme;46.0-3.el10;noarch;ol10_appstream
#17 18.34 Installing: tzdata;2026c-1.el10_2;noarch;ol10_baseos_latest
#17 18.48 Installing: shared-mime-info;2.3-8.el10;x86_64;ol10_baseos_latest
#17 18.50 Installing: gdk-pixbuf2;2.42.12-4.el10_2.5;x86_64;ol10_appstream
#17 18.53 Installing: gtk-update-icon-cache;3.24.43-5.el10;x86_64;ol10_appstream
#17 18.53 Installing: libgsf;1.14.53-2.el10;x86_64;ol10_appstream
#17 18.54 Installing: libnotify;0.8.6-1.el10;x86_64;ol10_appstream
#17 18.55 Installing: librsvg2;2.57.1-9.el10;x86_64;ol10_appstream
#17 18.56 Installing: rsvg-pixbuf-loader;2.57.1-9.el10;x86_64;ol10_appstream
#17 18.57 Installing: gdk-pixbuf2-modules;2.42.12-4.el10_2.5;x86_64;ol10_appstream
#17 18.57 Installing: redhat-mono-vf-fonts;4.1.0-1.el10;noarch;ol10_baseos_latest
#17 18.57 Installing: gsettings-desktop-schemas;47.1-4.el10;x86_64;ol10_baseos_latest
#17 18.60 Installing: glib-networking;2.80.0-3.el10;x86_64;ol10_baseos_latest
#17 18.61 Installing: libsoup3;3.6.5-3.el10_2.14;x86_64;ol10_appstream
#17 18.63 Installing: osinfo-db-tools;1.11.0-8.el10;x86_64;ol10_appstream
#17 18.64 Installing: libosinfo;1.11.0-8.el10;x86_64;ol10_appstream
#17 18.65 Installing: python3-pip-wheel;23.3.2-11.el10_2;noarch;ol10_baseos_latest
#17 18.65 Installing: npth;1.6-21.el10;x86_64;ol10_baseos_latest
#17 18.66 Installing: gnupg2;2.4.5-4.el10_1;x86_64;ol10_baseos_latest
#17 18.70 Installing: gpgme;1.23.2-6.el10;x86_64;ol10_baseos_latest
#17 18.71 Installing: gpgmepp;1.23.2-6.el10;x86_64;ol10_appstream
#17 18.71 Installing: poppler;24.02.0-7.el10_2.2;x86_64;ol10_appstream
#17 18.73 Installing: poppler-glib;24.02.0-7.el10_2.2;x86_64;ol10_appstream
#17 18.73 Installing: ncurses;6.4-15.20240127.el10_1;x86_64;ol10_baseos_latest
#17 18.74 Installing: mpdecimal;2.5.1-12.el10;x86_64;ol10_baseos_latest
#17 18.75 Installing: python-unversioned-command;3.12.13-2.0.1.el10_2.1;noarch;ol10_appstream
#17 18.75 Installing: python3;3.12.13-2.0.1.el10_2.1;x86_64;ol10_baseos_latest
#17 18.76 Installing: python3-libs;3.12.13-2.0.1.el10_2.1;x86_64;ol10_baseos_latest
#17 19.05 Installing: gstreamer1;1.26.7-5.el10;x86_64;ol10_appstream
#17 19.08 Installing: gstreamer1-plugins-base;1.26.7-2.el10_2.2;x86_64;ol10_appstream
#17 19.12 Installing: libcanberra;0.30-37.el10;x86_64;ol10_appstream
#17 19.13 Created symlink '/etc/systemd/system/sound.target.wants/canberra-system-bootup.service' → '/usr/lib/systemd/system/canberra-system-bootup.service'.
#17 19.13 Created symlink '/etc/systemd/system/halt.target.wants/canberra-system-shutdown.service' → '/usr/lib/systemd/system/canberra-system-shutdown.service'.
#17 19.13 Created symlink '/etc/systemd/system/poweroff.target.wants/canberra-system-shutdown.service' → '/usr/lib/systemd/system/canberra-system-shutdown.service'.
#17 19.13 Created symlink '/etc/systemd/system/reboot.target.wants/canberra-system-shutdown-reboot.service' → '/usr/lib/systemd/system/canberra-system-shutdown-reboot.service'.
#17 19.13 Created symlink '/etc/systemd/system/kexec.target.wants/canberra-system-shutdown-reboot.service' → '/usr/lib/systemd/system/canberra-system-shutdown-reboot.service'.
#17 19.14 Installing: lksctp-tools;1.0.21-1.el10;x86_64;ol10_baseos_latest
#17 19.15 Installing: libutempter;1.2.1-15.el10;x86_64;ol10_baseos_latest
#17 19.16 Installing: liburing;2.12-1.el10;x86_64;ol10_baseos_latest
#17 19.16 Installing: libatomic;14.3.1-4.4.0.1.el10;x86_64;ol10_baseos_latest
#17 19.17 Installing: libdex;0.8.1-1.el10;x86_64;ol10_appstream
#17 19.17 Installing: kmod;31-13.0.1.el10;x86_64;ol10_baseos_latest
#17 19.18 Installing: kbd-misc;2.6.4-8.el10_2;noarch;ol10_baseos_latest
#17 19.24 Installing: kbd-legacy;2.6.4-8.el10_2;noarch;ol10_baseos_latest
#17 19.27 Installing: kbd;2.6.4-8.el10_2;x86_64;ol10_baseos_latest
#17 19.30 Installing: systemd-udev;257-23.0.1.el10_2.2;x86_64;ol10_baseos_latest
#17 19.75 Created symlink '/etc/systemd/system/sysinit.target.wants/systemd-boot-update.service' → '/usr/lib/systemd/system/systemd-boot-update.service'.
#17 19.75 Created symlink '/etc/systemd/system/sysinit.target.wants/systemd-pstore.service' → '/usr/lib/systemd/system/systemd-pstore.service'.
#17 19.75 Created symlink '/etc/systemd/system/multi-user.target.wants/remote-cryptsetup.target' → '/usr/lib/systemd/system/remote-cryptsetup.target'.
#17 19.76 Installing: upower-libs;1.90.10-2.el10;x86_64;ol10_appstream
#17 19.77 Installing: upower;1.90.10-2.el10;x86_64;ol10_appstream
#17 19.79 Created symlink '/etc/systemd/system/graphical.target.wants/upower.service' → '/usr/lib/systemd/system/upower.service'.
#17 19.79 Installing: inih;58-3.el10;x86_64;ol10_baseos_latest
#17 19.79 Installing: inih-cpp;58-3.el10;x86_64;ol10_appstream
#17 19.79 Installing: exiv2;0.28.3-5.el10;x86_64;ol10_appstream
#17 19.82 Installing: exiv2-libs;0.28.3-5.el10;x86_64;ol10_appstream
#17 19.84 Installing: libgexiv2;0.14.3-3.el10;x86_64;ol10_appstream
#17 19.84 Installing: libtracker-sparql;3.7.3-4.el10;x86_64;ol10_appstream
#17 19.85 Installing: tracker-miners;3.7.4-1.el10;x86_64;ol10_appstream
#17 19.90 Created symlink '/etc/systemd/user/gnome-session.target.wants/tracker-miner-fs-3.service' → '/usr/lib/systemd/user/tracker-miner-fs-3.service'.
#17 19.90 Unit /usr/lib/systemd/user/tracker-miner-fs-3.service is added as a dependency to a non-existent unit gnome-session.target.
#17 19.90 Installing: tracker;3.7.3-4.el10;x86_64;ol10_appstream
#17 19.94 Installing: groff-base;1.23.0-10.el10;x86_64;ol10_baseos_latest
#17 19.98 Installing: perl-Digest;1.20-511.el10;noarch;ol10_appstream
#17 19.99 Installing: perl-Digest-MD5;2.59-6.el10;x86_64;ol10_appstream
#17 19.99 Installing: perl-B;1.89-515.el10_2;x86_64;ol10_appstream
#17 20.00 Installing: perl-FileHandle;2.05-515.el10_2;noarch;ol10_appstream
#17 20.00 Installing: perl-Data-Dumper;2.189-512.el10;x86_64;ol10_appstream
#17 20.00 Installing: perl-libnet;3.15-512.el10;noarch;ol10_appstream
#17 20.01 Installing: perl-AutoLoader;5.74-515.el10_2;noarch;ol10_appstream
#17 20.01 Installing: perl-URI;5.27-3.el10;noarch;ol10_appstream
#17 20.03 Installing: perl-Text-Tabs+Wrap;2024.001-511.el10;noarch;ol10_appstream
#17 20.03 Installing: perl-Mozilla-CA;20231213-5.el10;noarch;ol10_appstream
#17 20.03 Installing: perl-if;0.61.000-515.el10_2;noarch;ol10_appstream
#17 20.03 Installing: perl-locale;1.12-515.el10_2;noarch;ol10_appstream
#17 20.04 Installing: perl-IO-Socket-IP;0.42-512.el10;noarch;ol10_appstream
#17 20.04 Installing: perl-Time-Local;2:1.350-511.el10;noarch;ol10_appstream
#17 20.04 Installing: perl-File-Path;2.18-512.el10;noarch;ol10_appstream
#17 20.05 Installing: perl-IO-Socket-SSL;2.085-3.el10;noarch;ol10_appstream
#17 20.05 Installing: perl-Net-SSLeay;1.94-8.el10;x86_64;ol10_appstream
#17 20.07 Installing: perl-Pod-Escapes;1:1.07-511.el10;noarch;ol10_appstream
#17 20.07 Installing: perl-Class-Struct;0.68-515.el10_2;noarch;ol10_appstream
#17 20.08 Installing: perl-Term-ANSIColor;5.01-512.el10;noarch;ol10_appstream
#17 20.08 Installing: perl-POSIX;2.20-515.el10_2;x86_64;ol10_appstream
#17 20.08 Installing: perl-IPC-Open3;1.22-515.el10_2;noarch;ol10_appstream
#17 20.09 Installing: perl-File-Temp;1:0.231.100-512.el10;noarch;ol10_appstream
#17 20.09 Installing: perl-HTTP-Tiny;0.088-512.el10;noarch;ol10_appstream
#17 20.09 Installing: perl-Term-Cap;1.18-511.el10;noarch;ol10_appstream
#17 20.10 Installing: perl-Pod-Simple;1:3.45-511.el10;noarch;ol10_appstream
#17 20.11 Installing: perl-Socket;4:2.038-511.el10;x86_64;ol10_appstream
#17 20.11 Installing: perl-SelectSaver;1.02-515.el10_2;noarch;ol10_appstream
#17 20.11 Installing: perl-Symbol;1.09-515.el10_2;noarch;ol10_appstream
#17 20.15 Installing: perl-File-stat;1.14-515.el10_2;noarch;ol10_appstream
#17 20.15 Installing: perl-podlators;1:5.01-511.el10;noarch;ol10_appstream
#17 20.16 Installing: perl-Pod-Perldoc;3.28.01-512.el10;noarch;ol10_appstream
#17 20.17 Installing: perl-Fcntl;1.18-515.el10_2;x86_64;ol10_appstream
#17 20.17 Installing: perl-Text-ParseWords;3.31-511.el10;noarch;ol10_appstream
#17 20.17 Installing: perl-base;2.27-515.el10_2;noarch;ol10_appstream
#17 20.17 Installing: perl-mro;1.29-515.el10_2;x86_64;ol10_appstream
#17 20.18 Installing: perl-IO;1.55-515.el10_2;x86_64;ol10_appstream
#17 20.18 Installing: perl-overloading;0.02-515.el10_2;noarch;ol10_appstream
#17 20.19 Installing: perl-Pod-Usage;4:2.03-511.el10;noarch;ol10_appstream
#17 20.19 Installing: perl-Errno;1.38-515.el10_2;x86_64;ol10_appstream
#17 20.19 Installing: perl-File-Basename;2.86-515.el10_2;noarch;ol10_appstream
#17 20.20 Installing: perl-Getopt-Std;1.14-515.el10_2;noarch;ol10_appstream
#17 20.20 Installing: perl-MIME-Base64;3.16-511.el10;x86_64;ol10_appstream
#17 20.20 Installing: perl-Scalar-List-Utils;5:1.63-511.el10;x86_64;ol10_appstream
#17 20.21 Installing: perl-constant;1.33-512.el10;noarch;ol10_appstream
#17 20.21 Installing: perl-Storable;1:3.32-511.el10;x86_64;ol10_appstream
#17 20.21 Installing: perl-overload;1.37-515.el10_2;noarch;ol10_appstream
#17 20.22 Installing: perl-parent;1:0.241-512.el10;noarch;ol10_appstream
#17 20.22 Installing: perl-vars;1.05-515.el10_2;noarch;ol10_appstream
#17 20.22 Installing: perl-Getopt-Long;1:2.58-3.el10;noarch;ol10_appstream
#17 20.23 Installing: perl-Carp;1.54-511.el10;noarch;ol10_appstream
#17 20.23 Installing: perl-Exporter;5.78-511.el10;noarch;ol10_appstream
#17 20.23 Installing: perl-NDBM_File;1.17-515.el10_2;x86_64;ol10_appstream
#17 20.24 Installing: perl-PathTools;3.91-512.el10;x86_64;ol10_appstream
#17 20.24 Installing: perl-DynaLoader;1.56-515.el10_2;x86_64;ol10_appstream
#17 20.25 Installing: perl-Encode;4:3.21-511.el10;x86_64;ol10_appstream
#17 20.27 Installing: perl-libs;4:5.40.2-515.el10_2;x86_64;ol10_appstream
#17 20.37 Installing: perl-interpreter;4:5.40.2-515.el10_2;x86_64;ol10_appstream
#17 20.37 Installing: perl-Error;1:0.17029-18.el10;noarch;ol10_appstream
#17 20.38 Installing: perl-TermReadKey;2.38-24.el10;x86_64;ol10_appstream
#17 20.38 Installing: perl-lib;0.65-515.el10_2;x86_64;ol10_appstream
#17 20.38 Installing: gdbm;1:1.23-12.el10_0;x86_64;ol10_baseos_latest
#17 20.39 Installing: pam;1.6.1-9.el10;x86_64;ol10_baseos_latest
#17 20.43 Installing: util-linux;2.40.2-18.0.1.el10;x86_64;ol10_baseos_latest
#17 20.49 Created symlink '/etc/systemd/system/timers.target.wants/fstrim.timer' → '/usr/lib/systemd/system/fstrim.timer'.
#17 20.49 Installing: openssh;9.9p1-25.0.1.el10_2;x86_64;ol10_baseos_latest
#17 20.50 Installing: openssh-clients;9.9p1-25.0.1.el10_2;x86_64;ol10_baseos_latest
#17 20.52 Created symlink '/etc/systemd/user/sockets.target.wants/ssh-agent.socket' → '/usr/lib/systemd/user/ssh-agent.socket'.
#17 20.53 Installing: git-core;2.52.0-1.el10;x86_64;ol10_appstream
#17 20.61 Installing: git-core-doc;2.52.0-1.el10;noarch;ol10_appstream
#17 20.76 Installing: perl-Git;2.52.0-1.el10;noarch;ol10_appstream
#17 20.76 Installing: git;2.52.0-1.el10;x86_64;ol10_appstream
#17 20.76 Installing: fuse-common;3.16.2-5.el10;x86_64;ol10_baseos_latest
#17 20.77 Installing: fuse3;3.16.2-5.el10;x86_64;ol10_baseos_latest
#17 20.77 Installing: cups-filesystem;1:2.4.10-18.el10_2;noarch;ol10_baseos_latest
#17 20.77 Installing: cups-libs;1:2.4.10-18.el10_2;x86_64;ol10_baseos_latest
#17 20.78 Installing: java-21-openjdk-headless;1:21.0.12.1.1-1.2.0.1.el10;x86_64;ol10_appstream
#17 21.29 Installing: bluez-libs;5.85-1.el10;x86_64;ol10_baseos_latest
#17 21.30 Installing: pipewire-plugin-libcamera;1.4.11-1.el10_2.1;x86_64;ol10_appstream
#17 21.30 Installing: pipewire;1.4.11-1.el10_2.1;x86_64;ol10_appstream
#17 21.32 Created symlink '/etc/systemd/user/default.target.wants/pipewire.service' → '/usr/lib/systemd/user/pipewire.service'.
#17 21.32 Created symlink '/etc/systemd/user/sockets.target.wants/pipewire.socket' → '/usr/lib/systemd/user/pipewire.socket'.
#17 21.33 Installing: pipewire-libs;1.4.11-1.el10_2.1;x86_64;ol10_appstream
#17 21.39 Installing: wireplumber;0.5.10-1.el10;x86_64;ol10_appstream
#17 21.41 Installing: wireplumber-libs;0.5.10-1.el10;x86_64;ol10_appstream
#17 21.42 Installing: pipewire-jack-audio-connection-kit;1.4.11-1.el10_2.1;x86_64;ol10_appstream
#17 21.43 Installing: pipewire-jack-audio-connection-kit-libs;1.4.11-1.el10_2.1;x86_64;ol10_appstream
#17 21.43 Installing: ModemManager-glib;1.22.0-7.el10;x86_64;ol10_baseos_latest
#17 21.46 Installing: geoclue2;2.7.2-1.el10;x86_64;ol10_appstream
#17 21.48 Installing: xdg-desktop-portal;1.20.0-2.el10;x86_64;ol10_appstream
#17 21.52 Installing: libcanberra-gtk3;0.30-37.el10;x86_64;ol10_appstream
#17 21.53 Installing: gtk3;3.24.43-5.el10;x86_64;ol10_appstream
#17 21.61 Installing: xdg-desktop-portal-gtk;1.15.3-1.el10;x86_64;ol10_appstream
#17 21.63 Installing: java-21-openjdk;1:21.0.12.1.1-1.2.0.1.el10;x86_64;ol10_appstream
#17 21.65 Installing: java-21-openjdk-devel;1:21.0.12.1.1-1.2.0.1.el10;x86_64;ol10_appstream
#17 21.69 Installing: maven-openjdk21;1:3.9.9-3.el10_1;noarch;ol10_appstream
#17 21.70 Installing: maven;1:3.9.9-3.el10_1;noarch;ol10_appstream
#17 21.71 Installing: pipewire-alsa;1.4.11-1.el10_2.1;x86_64;ol10_appstream
#17 21.71 Installing: pipewire-pulseaudio;1.4.11-1.el10_2.1;x86_64;ol10_appstream
#17 21.73 Created symlink '/etc/systemd/user/default.target.wants/pipewire-pulse.service' → '/usr/lib/systemd/user/pipewire-pulse.service'.
#17 21.73 Created symlink '/etc/systemd/user/sockets.target.wants/pipewire-pulse.socket' → '/usr/lib/systemd/user/pipewire-pulse.socket'.
#17 21.74 Installing: authselect;1.5.2-1.el10;x86_64;ol10_baseos_latest
#17 21.75 Updating: tar;2:1.35-13.el10_2;x86_64;ol10_baseos_latest
#17 21.77 Updating: gzip;1.13-4.el10_2;x86_64;ol10_baseos_latest
#17 21.78 Installing: patch;2.7.6-26.el10;x86_64;ol10_appstream
#17 21.78 Installing: unzip;6.0-69.el10;x86_64;ol10_baseos_latest
#17 21.79 Cleanup: tar;2:1.35-11.el10;x86_64;installed
#17 21.79 Cleanup: gzip;1.13-3.el10;x86_64;installed
#17 21.83 Created symlink '/etc/systemd/user/pipewire-session-manager.service' → '/usr/lib/systemd/user/wireplumber.service'.
#17 21.83 Created symlink '/etc/systemd/user/pipewire.service.wants/wireplumber.service' → '/usr/lib/systemd/user/wireplumber.service'.
#17 21.98 Creating group 'pipewire' with GID 997.
#17 21.98 Creating user 'pipewire' (PipeWire System Daemon) with UID 997 and GID 997.
#17 21.98 Creating group 'systemd-coredump' with GID 996.
#17 21.98 Creating user 'systemd-coredump' (systemd Core Dumper) with UID 996 and GID 996.
#17 70.31 Complete.
#17 71.27 Complete.
#17 71.74 WARNING: A restricted method in java.lang.System has been called
#17 71.74 WARNING: java.lang.System::load has been called by org.fusesource.jansi.internal.JansiLoader in an unnamed module (file:/usr/share/maven/lib/jansi-2.4.1.jar)
#17 71.74 WARNING: Use --enable-native-access=ALL-UNNAMED to avoid a warning for callers in this module
#17 71.74 WARNING: Restricted methods will be blocked in a future release unless native access is enabled
#17 71.74 
#17 71.77 Apache Maven 3.9.9 (Red Hat 3.9.9-3)
#17 71.77 Maven home: /usr/share/maven
#17 71.77 Java version: 25.0.4.1, vendor: GraalVM Community, runtime: /opt/graalvm-community-java25i3
#17 71.77 Default locale: en_US, platform encoding: UTF-8
#17 71.77 OS name: "linux", version: "7.2.7-zen1-1-zen", arch: "amd64", family: "unix"
#17 71.89 WARNING: A restricted method in java.lang.System has been called
#17 71.89 WARNING: java.lang.System::load has been called by org.fusesource.jansi.internal.JansiLoader in an unnamed module (file:/usr/share/maven/lib/jansi-2.4.1.jar)
#17 71.89 WARNING: Use --enable-native-access=ALL-UNNAMED to avoid a warning for callers in this module
#17 71.89 WARNING: Restricted methods will be blocked in a future release unless native access is enabled
#17 71.89 
#17 72.04 WARNING: A restricted method in java.lang.System has been called
#17 72.04 WARNING: java.lang.System::load has been called by org.fusesource.jansi.internal.JansiLoader in an unnamed module (file:/usr/share/maven/lib/jansi-2.4.1.jar)
#17 72.04 WARNING: Use --enable-native-access=ALL-UNNAMED to avoid a warning for callers in this module
#17 72.04 WARNING: Restricted methods will be blocked in a future release unless native access is enabled
#17 72.04 
#17 DONE 73.2s

#18 [build 14/16] RUN test -n "0af8960363a557dad1b87968cf8a632e4716ee8a"     && test "baseline" = "baseline" -o "baseline" = "ablation"     && git init /src     && cd /src     && git remote add origin "https://github.com/guillermomolina/protos.git"     && git fetch --depth 1 origin "0af8960363a557dad1b87968cf8a632e4716ee8a"     && git checkout --detach FETCH_HEAD     && test "$(git rev-parse HEAD)" = "0af8960363a557dad1b87968cf8a632e4716ee8a"     && EXPECTED_GRAALVM_RELEASE="25.3.4.1"        EXPECTED_JDK_VERSION="25.0.4.1"        EXPECTED_CONTAINER_IMAGE="ghcr.io/graalvm/graalvm-community:25i3-25.0.4.1-ol10-20260825"        EXPECTED_GRAAL_COMPONENTS_VERSION="25.3.4.1"        EXPECTED_MAVEN_VERSION="3.9.9"        python3 - <<'PY'
#18 0.787 hint: Using 'master' as the name for the initial branch. This default branch name
#18 0.787 hint: will change to "main" in Git 3.0. To configure the initial branch name
#18 0.787 hint: to use in all of your new repositories, which will suppress this warning,
#18 0.787 hint: call:
#18 0.787 hint:
#18 0.787 hint: 	git config --global init.defaultBranch <name>
#18 0.787 hint:
#18 0.787 hint: Names commonly chosen instead of 'master' are 'main', 'trunk' and
#18 0.787 hint: 'development'. The just-created branch can be renamed via this command:
#18 0.787 hint:
#18 0.787 hint: 	git branch -m <name>
#18 0.787 hint:
#18 0.787 hint: Disable this message with "git config set advice.defaultBranchName false"
#18 0.787 Initialized empty Git repository in /src/.git/
#18 2.495 From https://github.com/guillermomolina/protos
#18 2.495  * branch            0af8960363a557dad1b87968cf8a632e4716ee8a -> FETCH_HEAD
#18 2.619 HEAD is now at 0af8960 PERF013 Slice B2: use MaterializedLocalAccessor for captured writes
#18 2.658 PERF010A_SOURCE_TOOLCHAIN=PASS
#18 DONE 2.8s

#19 [build 15/16] RUN cd /src     && if [ "baseline" = "ablation" ]; then          git apply --verbose --allow-empty /tmp/ablation.patch          && echo "PERF010A_ABLATION_PATCH_APPLIED=YES";        else          echo "PERF010A_ABLATION_PATCH_APPLIED=NO";        fi
#19 1.376 PERF010A_ABLATION_PATCH_APPLIED=NO
#19 DONE 1.5s

#20 [build 16/16] RUN cd /src     && if [ "baseline" = "ablation" ]; then          python3 dist/build_portable.py --allow-dirty;        else          python3 dist/build_portable.py;        fi     && BUNDLE="$(find target/distributions -maxdepth 1 -mindepth 1 -type d -name 'protos-*' | LC_ALL=C sort | tail -n 1)"     && test -n "$BUNDLE"     && test -f "$BUNDLE/lib/protos.jar"     && test -d "$BUNDLE/lib/runtime"     && mkdir -p /out/protos /out/source /out/corpus /out/diagnostic /out/analyzer /out/jfr     && cp -a "$BUNDLE"/. /out/protos/     && cp -a /src/. /out/source/     && rm -rf /out/source/target     && cp -a protos/benchmarks/. /out/corpus/     && javac -cp "$BUNDLE/lib/protos.jar:$BUNDLE/lib/runtime/*"          -d /out/diagnostic /tmp/Perf006dRuntimeProbe.java /tmp/Perf006dPersistentDriver.java          /tmp/Perf010aTimingDriver.java          /tmp/Perf010aSourceIdentityInstrument.java /tmp/Perf010aSourceIdentityInstrumentProvider.java          /tmp/Perf010aSourceIdentitySmokeDriver.java     && mkdir -p /out/diagnostic/META-INF/services     && cp /tmp/perf010a-source-identity-META-INF/services/com.oracle.truffle.api.instrumentation.provider.TruffleInstrumentProvider          /out/diagnostic/META-INF/services/com.oracle.truffle.api.instrumentation.provider.TruffleInstrumentProvider     && javac --add-modules jdk.jfr -cp "$BUNDLE/lib/protos.jar:$BUNDLE/lib/runtime/*"          -d /out/diagnostic /tmp/Perf008SteadyStateDriver.java     && javac --add-modules jdk.jfr -d /out/analyzer /tmp/Perf006d3JfrAnalyzer.java     && jfr configure          --input "/opt/graalvm-community-java25i3/lib/jfr/profile.jfc"          --output /out/jfr/perf010a.jfc          'jdk.ExecutionSample#enabled=true'          'jdk.ExecutionSample#period=10ms'          'jdk.Deoptimization#enabled=true'          'jdk.Deoptimization#stackTrace=true'          '+jdk.graal.compiler.truffle.Deoptimization#enabled=true'     && test -s /out/jfr/perf010a.jfc     && install -m 0755 /tmp/perf006d3-jfr-java /out/jfr-java     && echo "baseline" > /out/variant.txt     && if [ "baseline" = "ablation" ]; then          echo "PERF010A_ABLATION_1" > /out/ablation-slice.txt;        else          echo "none" > /out/ablation-slice.txt;        fi
#20 2.243 WARNING: A restricted method in java.lang.System has been called
#20 2.243 WARNING: java.lang.System::load has been called by org.fusesource.jansi.internal.JansiLoader in an unnamed module (file:/usr/share/maven/lib/jansi-2.4.1.jar)
#20 2.243 WARNING: Use --enable-native-access=ALL-UNNAMED to avoid a warning for callers in this module
#20 2.243 WARNING: Restricted methods will be blocked in a future release unless native access is enabled
#20 2.243 
#20 2.441 WARNING: A terminally deprecated method in sun.misc.Unsafe has been called
#20 2.441 WARNING: sun.misc.Unsafe::objectFieldOffset has been called by com.google.common.util.concurrent.AbstractFuture$UnsafeAtomicHelper (file:/usr/share/maven/lib/guava-33.2.1-jre.jar)
#20 2.441 WARNING: Please consider reporting this to the maintainers of class com.google.common.util.concurrent.AbstractFuture$UnsafeAtomicHelper
#20 2.441 WARNING: sun.misc.Unsafe::objectFieldOffset will be removed in a future release
#20 2.961 [INFO] Scanning for projects...
#20 3.005 [INFO] 
#20 3.005 [INFO] ---------------------< com.guillermomolina:protos >---------------------
#20 3.005 [INFO] Building Protos 0.3.102-SNAPSHOT
#20 3.005 [INFO]   from pom.xml
#20 3.006 [INFO] --------------------------------[ jar ]---------------------------------
#20 3.153 Downloading from central: https://repo.maven.apache.org/maven2/org/apache/maven/plugins/maven-resources-plugin/3.3.1/maven-resources-plugin-3.3.1.pom
#20 3.577 Progress (1): 767 BProgress (1): 1.8 kBProgress (1): 3.8 kBProgress (1): 6.9 kBProgress (1): 8.2 kB                    Downloaded from central: https://repo.maven.apache.org/maven2/org/apache/maven/plugins/maven-resources-plugin/3.3.1/maven-resources-plugin-3.3.1.pom (8.2 kB at 19 kB/s)
#20 3.599 Downloading from central: https://repo.maven.apache.org/maven2/org/apache/maven/plugins/maven-plugins/39/maven-plugins-39.pom
#20 3.626 Progress (1): 773 BProgress (1): 1.8 kBProgress (1): 4.2 kBProgress (1): 6.6 kBProgress (1): 8.1 kB                    Downloaded from central: https://repo.maven.apache.org/maven2/org/apache/maven/plugins/maven-plugins/39/maven-plugins-39.pom (8.1 kB at 270 kB/s)
#20 3.630 Downloading from central: https://repo.maven.apache.org/maven2/org/apache/maven/maven-parent/39/maven-parent-39.pom
#20 3.658 Progress (1): 724 BProgress (1): 1.6 kBProgress (1): 4.2 kBProgress (1): 8.6 kBProgress (1): 12 kB Progress (1): 16 kBProgress (1): 21 kBProgress (1): 24 kBProgress (1): 27 kBProgress (1): 28 kBProgress (1): 30 kBProgress (1): 33 kBProgress (1): 36 kBProgress (1): 38 kBProgress (1): 41 kBProgress (1): 46 kBProgress (1): 48 kB                   Downloaded from central: https://repo.maven.apache.org/maven2/org/apache/maven/maven-parent/39/maven-parent-39.pom (48 kB at 1.5 MB/s)
#20 3.668 Downloading from central: https://repo.maven.apache.org/maven2/org/apache/apache/29/apache-29.pom
#20 3.697 Progress (1): 741 BProgress (1): 1.6 kBProgress (1): 3.4 kBProgress (1): 5.5 kBProgress (1): 8.9 kBProgress (1): 14 kB Progress (1): 17 kBProgress (1): 19 kBProgress (1): 21 kB                   Downloaded from central: https://repo.maven.apache.org/maven2/org/apache/apache/29/apache-29.pom (21 kB at 648 kB/s)
#20 3.712 Downloading from central: https://repo.maven.apache.org/maven2/org/apache/maven/plugins/maven-resources-plugin/3.3.1/maven-resources-plugin-3.3.1.jar
#20 3.738 Progress (1): 0.9/31 kBProgress (1): 2.3/31 kBProgress (1): 3.6/31 kBProgress (1): 5.0/31 kBProgress (1): 6.4/31 kBProgress (1): 7.7/31 kBProgress (1): 9.1/31 kBProgress (1): 10/31 kB Progress (1): 11/31 kBProgress (1): 13/31 kBProgress (1): 14/31 kBProgress (1): 15/31 kBProgress (1): 17/31 kBProgress (1): 18/31 kBProgress (1): 20/31 kBProgress (1): 21/31 kBProgress (1): 22/31 kBProgress (1): 24/31 kBProgress (1): 25/31 kBProgress (1): 26/31 kBProgress (1): 28/31 kBProgress (1): 29/31 kBProgress (1): 31/31 kBProgress (1): 31 kB                      Downloaded from central: https://repo.maven.apache.org/maven2/org/apache/maven/plugins/maven-resources-plugin/3.3.1/maven-resources-plugin-3.3.1.jar (31 kB at 938 kB/s)
#20 3.753 Downloading from central: https://repo.maven.apache.org/maven2/org/apache/maven/plugins/maven-compiler-plugin/3.13.0/maven-compiler-plugin-3.13.0.pom
#20 3.779 Progress (1): 762 BProgress (1): 2.2 kBProgress (1): 5.0 kBProgress (1): 8.5 kBProgress (1): 10 kB                    Downloaded from central: https://repo.maven.apache.org/maven2/org/apache/maven/plugins/maven-compiler-plugin/3.13.0/maven-compiler-plugin-3.13.0.pom (10 kB at 373 kB/s)
#20 3.783 Downloading from central: https://repo.maven.apache.org/maven2/org/apache/maven/plugins/maven-plugins/41/maven-plugins-41.pom
#20 3.808 Progress (1): 773 BProgress (1): 2.4 kBProgress (1): 4.9 kBProgress (1): 7.4 kB                    Downloaded from central: https://repo.maven.apache.org/maven2/org/apache/maven/plugins/maven-plugins/41/maven-plugins-41.pom (7.4 kB at 272 kB/s)
#20 3.812 Downloading from central: https://repo.maven.apache.org/maven2/org/apache/maven/maven-parent/41/maven-parent-41.pom
#20 3.838 Progress (1): 724 BProgress (1): 1.9 kBProgress (1): 5.5 kBProgress (1): 9.9 kBProgress (1): 14 kB Progress (1): 19 kBProgress (1): 23 kBProgress (1): 25 kBProgress (1): 27 kBProgress (1): 29 kBProgress (1): 32 kBProgress (1): 36 kBProgress (1): 38 kBProgress (1): 41 kBProgress (1): 44 kBProgress (1): 50 kBProgress (1): 50 kB                   Downloaded from central: https://repo.maven.apache.org/maven2/org/apache/maven/maven-parent/41/maven-parent-41.pom (50 kB at 1.7 MB/s)
#20 3.845 Downloading from central: https://repo.maven.apache.org/maven2/org/apache/apache/31/apache-31.pom
#20 3.872 Progress (1): 739 BProgress (1): 2.1 kBProgress (1): 3.9 kBProgress (1): 6.2 kBProgress (1): 11 kB Progress (1): 16 kBProgress (1): 20 kBProgress (1): 21 kBProgress (1): 23 kBProgress (1): 24 kB                   Downloaded from central: https://repo.maven.apache.org/maven2/org/apache/apache/31/apache-31.pom (24 kB at 811 kB/s)
#20 3.880 Downloading from central: https://repo.maven.apache.org/maven2/org/apache/maven/plugins/maven-compiler-plugin/3.13.0/maven-compiler-plugin-3.13.0.jar
#20 3.904 Progress (1): 3.8/83 kBProgress (1): 8.0/83 kBProgress (1): 12/83 kB Progress (1): 16/83 kBProgress (1): 21/83 kBProgress (1): 25/83 kBProgress (1): 29/83 kBProgress (1): 33/83 kBProgress (1): 38/83 kBProgress (1): 42/83 kBProgress (1): 46/83 kBProgress (1): 49/83 kBProgress (1): 53/83 kBProgress (1): 58/83 kBProgress (1): 62/83 kBProgress (1): 66/83 kBProgress (1): 70/83 kBProgress (1): 75/83 kBProgress (1): 79/83 kBProgress (1): 83 kB                      Downloaded from central: https://repo.maven.apache.org/maven2/org/apache/maven/plugins/maven-compiler-plugin/3.13.0/maven-compiler-plugin-3.13.0.jar (83 kB at 2.8 MB/s)
#20 3.918 Downloading from central: https://repo.maven.apache.org/maven2/org/apache/maven/plugins/maven-surefire-plugin/3.5.6/maven-surefire-plugin-3.5.6.pom
#20 3.942 Progress (1): 827 BProgress (1): 3.3 kBProgress (1): 4.9 kB                    Downloaded from central: https://repo.maven.apache.org/maven2/org/apache/maven/plugins/maven-surefire-plugin/3.5.6/maven-surefire-plugin-3.5.6.pom (4.9 kB at 195 kB/s)
#20 3.945 Downloading from central: https://repo.maven.apache.org/maven2/org/apache/maven/surefire/surefire/3.5.6/surefire-3.5.6.pom
#20 3.970 Progress (1): 787 BProgress (1): 2.4 kBProgress (1): 4.1 kBProgress (1): 7.6 kBProgress (1): 11 kB Progress (1): 13 kBProgress (1): 16 kBProgress (1): 17 kBProgress (1): 19 kB                   Downloaded from central: https://repo.maven.apache.org/maven2/org/apache/maven/surefire/surefire/3.5.6/surefire-3.5.6.pom (19 kB at 739 kB/s)
#20 3.974 Downloading from central: https://repo.maven.apache.org/maven2/org/apache/maven/maven-parent/47/maven-parent-47.pom
#20 4.002 Progress (1): 716 BProgress (1): 1.9 kBProgress (1): 5.6 kBProgress (1): 9.7 kBProgress (1): 14 kB Progress (1): 19 kBProgress (1): 23 kBProgress (1): 25 kBProgress (1): 27 kBProgress (1): 29 kBProgress (1): 33 kBProgress (1): 37 kBProgress (1): 39 kBProgress (1): 42 kBProgress (1): 45 kBProgress (1): 49 kBProgress (1): 51 kBProgress (1): 54 kB                   Downloaded from central: https://repo.maven.apache.org/maven2/org/apache/maven/maven-parent/47/maven-parent-47.pom (54 kB at 1.7 MB/s)
#20 4.008 Downloading from central: https://repo.maven.apache.org/maven2/org/apache/apache/37/apache-37.pom
#20 4.033 Progress (1): 733 BProgress (1): 2.0 kBProgress (1): 4.0 kBProgress (1): 5.9 kBProgress (1): 10 kB Progress (1): 16 kBProgress (1): 19 kBProgress (1): 22 kBProgress (1): 24 kBProgress (1): 26 kB                   Downloaded from central: https://repo.maven.apache.org/maven2/org/apache/apache/37/apache-37.pom (26 kB at 985 kB/s)
#20 4.043 Downloading from central: https://repo.maven.apache.org/maven2/org/junit/junit-bom/5.12.2/junit-bom-5.12.2.pom
#20 4.067 Progress (1): 908 BProgress (1): 4.1 kBProgress (1): 5.6 kB                    Downloaded from central: https://repo.maven.apache.org/maven2/org/junit/junit-bom/5.12.2/junit-bom-5.12.2.pom (5.6 kB at 226 kB/s)
#20 4.071 Downloading from central: https://repo.maven.apache.org/maven2/org/apache/maven/plugins/maven-surefire-plugin/3.5.6/maven-surefire-plugin-3.5.6.jar
#20 4.097 Progress (1): 7.7/47 kBProgress (1): 16/47 kB Progress (1): 32/47 kBProgress (1): 47 kB                      Downloaded from central: https://repo.maven.apache.org/maven2/org/apache/maven/plugins/maven-surefire-plugin/3.5.6/maven-surefire-plugin-3.5.6.jar (47 kB at 1.7 MB/s)
#20 4.105 Downloading from central: https://repo.maven.apache.org/maven2/org/apache/maven/plugins/maven-antrun-plugin/3.2.0/maven-antrun-plugin-3.2.0.pom
#20 4.131 Progress (1): 772 BProgress (1): 2.3 kBProgress (1): 5.6 kBProgress (1): 7.7 kB                    Downloaded from central: https://repo.maven.apache.org/maven2/org/apache/maven/plugins/maven-antrun-plugin/3.2.0/maven-antrun-plugin-3.2.0.pom (7.7 kB at 287 kB/s)
#20 4.134 Downloading from central: https://repo.maven.apache.org/maven2/org/apache/maven/plugins/maven-plugins/45/maven-plugins-45.pom
#20 4.157 Progress (1): 772 BProgress (1): 2.3 kBProgress (1): 4.9 kBProgress (1): 7.8 kBProgress (1): 8.4 kB                    Downloaded from central: https://repo.maven.apache.org/maven2/org/apache/maven/plugins/maven-plugins/45/maven-plugins-45.pom (8.4 kB at 334 kB/s)
#20 4.160 Downloading from central: https://repo.maven.apache.org/maven2/org/apache/maven/maven-parent/45/maven-parent-45.pom
#20 4.185 Progress (1): 708 BProgress (1): 1.9 kBProgress (1): 5.5 kBProgress (1): 9.7 kBProgress (1): 14 kB Progress (1): 19 kBProgress (1): 23 kBProgress (1): 27 kBProgress (1): 28 kBProgress (1): 32 kBProgress (1): 35 kBProgress (1): 38 kBProgress (1): 41 kBProgress (1): 44 kBProgress (1): 48 kBProgress (1): 48 kBProgress (1): 53 kB                   Downloaded from central: https://repo.maven.apache.org/maven2/org/apache/maven/maven-parent/45/maven-parent-45.pom (53 kB at 2.0 MB/s)
#20 4.190 Downloading from central: https://repo.maven.apache.org/maven2/org/apache/apache/35/apache-35.pom
#20 4.215 Progress (1): 739 BProgress (1): 2.1 kBProgress (1): 4.0 kBProgress (1): 5.9 kBProgress (1): 11 kB Progress (1): 15 kBProgress (1): 19 kBProgress (1): 22 kBProgress (1): 24 kB                   Downloaded from central: https://repo.maven.apache.org/maven2/org/apache/apache/35/apache-35.pom (24 kB at 898 kB/s)
#20 4.220 Downloading from central: https://repo.maven.apache.org/maven2/org/junit/junit-bom/5.13.1/junit-bom-5.13.1.pom
#20 4.244 Progress (1): 908 BProgress (1): 4.1 kBProgress (1): 5.6 kB                    Downloaded from central: https://repo.maven.apache.org/maven2/org/junit/junit-bom/5.13.1/junit-bom-5.13.1.pom (5.6 kB at 226 kB/s)
#20 4.248 Downloading from central: https://repo.maven.apache.org/maven2/org/apache/maven/plugins/maven-antrun-plugin/3.2.0/maven-antrun-plugin-3.2.0.jar
#20 4.273 Progress (1): 7.7/41 kBProgress (1): 16/41 kB Progress (1): 32/41 kBProgress (1): 41 kB                      Downloaded from central: https://repo.maven.apache.org/maven2/org/apache/maven/plugins/maven-antrun-plugin/3.2.0/maven-antrun-plugin-3.2.0.jar (41 kB at 1.6 MB/s)
#20 4.277 Downloading from central: https://repo.maven.apache.org/maven2/org/apache/maven/plugins/maven-dependency-plugin/3.11.0/maven-dependency-plugin-3.11.0.pom
#20 4.304 Progress (1): 747 BProgress (1): 2.3 kBProgress (1): 4.0 kBProgress (1): 8.6 kBProgress (1): 13 kB Progress (1): 16 kBProgress (1): 18 kBProgress (1): 19 kB                   Downloaded from central: https://repo.maven.apache.org/maven2/org/apache/maven/plugins/maven-dependency-plugin/3.11.0/maven-dependency-plugin-3.11.0.pom (19 kB at 679 kB/s)
#20 4.307 Downloading from central: https://repo.maven.apache.org/maven2/org/apache/maven/plugins/maven-plugins/48/maven-plugins-48.pom
#20 4.332 Progress (1): 771 BProgress (1): 2.3 kBProgress (1): 4.9 kBProgress (1): 7.2 kB                    Downloaded from central: https://repo.maven.apache.org/maven2/org/apache/maven/plugins/maven-plugins/48/maven-plugins-48.pom (7.2 kB at 277 kB/s)
#20 4.335 Downloading from central: https://repo.maven.apache.org/maven2/org/apache/maven/maven-parent/48/maven-parent-48.pom
#20 4.362 Progress (1): 716 BProgress (1): 1.9 kBProgress (1): 5.6 kBProgress (1): 9.7 kBProgress (1): 14 kB Progress (1): 19 kBProgress (1): 23 kBProgress (1): 27 kBProgress (1): 28 kBProgress (1): 32 kBProgress (1): 35 kBProgress (1): 38 kBProgress (1): 41 kBProgress (1): 44 kBProgress (1): 47 kBProgress (1): 48 kBProgress (1): 50 kB                   Downloaded from central: https://repo.maven.apache.org/maven2/org/apache/maven/maven-parent/48/maven-parent-48.pom (50 kB at 1.7 MB/s)
#20 4.366 Downloading from central: https://repo.maven.apache.org/maven2/org/apache/apache/38/apache-38.pom
#20 4.392 Progress (1): 733 BProgress (1): 2.0 kBProgress (1): 4.0 kBProgress (1): 5.9 kBProgress (1): 10 kB Progress (1): 16 kBProgress (1): 19 kBProgress (1): 22 kBProgress (1): 24 kBProgress (1): 26 kB                   Downloaded from central: https://repo.maven.apache.org/maven2/org/apache/apache/38/apache-38.pom (26 kB at 948 kB/s)
#20 4.398 Downloading from central: https://repo.maven.apache.org/maven2/org/junit/junit-bom/5.14.4/junit-bom-5.14.4.pom
#20 4.422 Progress (1): 908 BProgress (1): 4.1 kBProgress (1): 5.7 kB                    Downloaded from central: https://repo.maven.apache.org/maven2/org/junit/junit-bom/5.14.4/junit-bom-5.14.4.pom (5.7 kB at 218 kB/s)
#20 4.426 Downloading from central: https://repo.maven.apache.org/maven2/org/apache/maven/plugins/maven-dependency-plugin/3.11.0/maven-dependency-plugin-3.11.0.jar
#20 4.449 Progress (1): 7.3/262 kBProgress (1): 24/262 kB Progress (1): 40/262 kBProgress (1): 56/262 kBProgress (1): 73/262 kBProgress (1): 89/262 kBProgress (1): 106/262 kBProgress (1): 122/262 kBProgress (1): 138/262 kBProgress (1): 155/262 kBProgress (1): 171/262 kBProgress (1): 187/262 kBProgress (1): 204/262 kBProgress (1): 220/262 kBProgress (1): 237/262 kBProgress (1): 253/262 kBProgress (1): 262 kB                        Downloaded from central: https://repo.maven.apache.org/maven2/org/apache/maven/plugins/maven-dependency-plugin/3.11.0/maven-dependency-plugin-3.11.0.jar (262 kB at 6.5 MB/s)
#20 4.473 Downloading from central: https://repo.maven.apache.org/maven2/org/apache/maven/plugins/maven-jar-plugin/3.4.2/maven-jar-plugin-3.4.2.pom
#20 4.499 Progress (1): 782 BProgress (1): 2.2 kBProgress (1): 4.7 kBProgress (1): 7.3 kBProgress (1): 7.7 kB                    Downloaded from central: https://repo.maven.apache.org/maven2/org/apache/maven/plugins/maven-jar-plugin/3.4.2/maven-jar-plugin-3.4.2.pom (7.7 kB at 296 kB/s)
#20 4.501 Downloading from central: https://repo.maven.apache.org/maven2/org/apache/maven/plugins/maven-plugins/42/maven-plugins-42.pom
#20 4.526 Progress (1): 773 BProgress (1): 2.4 kBProgress (1): 4.9 kBProgress (1): 7.7 kB                    Downloaded from central: https://repo.maven.apache.org/maven2/org/apache/maven/plugins/maven-plugins/42/maven-plugins-42.pom (7.7 kB at 296 kB/s)
#20 4.528 Downloading from central: https://repo.maven.apache.org/maven2/org/apache/maven/maven-parent/42/maven-parent-42.pom
#20 4.560 Progress (1): 807 BProgress (1): 2.1 kBProgress (1): 5.4 kBProgress (1): 9.6 kBProgress (1): 14 kB Progress (1): 19 kBProgress (1): 23 kBProgress (1): 26 kBProgress (1): 28 kBProgress (1): 30 kBProgress (1): 34 kBProgress (1): 37 kBProgress (1): 40 kBProgress (1): 43 kBProgress (1): 47 kBProgress (1): 47 kBProgress (1): 50 kB                   Downloaded from central: https://repo.maven.apache.org/maven2/org/apache/maven/maven-parent/42/maven-parent-42.pom (50 kB at 1.5 MB/s)
#20 4.564 Downloading from central: https://repo.maven.apache.org/maven2/org/apache/apache/32/apache-32.pom
#20 4.590 Progress (1): 733 BProgress (1): 2.0 kBProgress (1): 4.0 kBProgress (1): 5.9 kBProgress (1): 10 kB Progress (1): 16 kBProgress (1): 19 kBProgress (1): 22 kBProgress (1): 24 kB                   Downloaded from central: https://repo.maven.apache.org/maven2/org/apache/apache/32/apache-32.pom (24 kB at 896 kB/s)
#20 4.594 Downloading from central: https://repo.maven.apache.org/maven2/org/junit/junit-bom/5.10.2/junit-bom-5.10.2.pom
#20 4.619 Progress (1): 908 BProgress (1): 4.1 kBProgress (1): 5.6 kB                    Downloaded from central: https://repo.maven.apache.org/maven2/org/junit/junit-bom/5.10.2/junit-bom-5.10.2.pom (5.6 kB at 217 kB/s)
#20 4.622 Downloading from central: https://repo.maven.apache.org/maven2/org/apache/maven/plugins/maven-jar-plugin/3.4.2/maven-jar-plugin-3.4.2.jar
#20 4.646 Progress (1): 3.2/34 kBProgress (1): 20/34 kB Progress (1): 34 kB                      Downloaded from central: https://repo.maven.apache.org/maven2/org/apache/maven/plugins/maven-jar-plugin/3.4.2/maven-jar-plugin-3.4.2.jar (34 kB at 1.4 MB/s)
#20 4.649 Downloading from central: https://repo.maven.apache.org/maven2/org/apache/maven/plugins/maven-shade-plugin/3.6.0/maven-shade-plugin-3.6.0.pom
#20 4.674 Progress (1): 773 BProgress (1): 2.3 kBProgress (1): 4.9 kBProgress (1): 8.0 kBProgress (1): 11 kB Progress (1): 12 kB                   Downloaded from central: https://repo.maven.apache.org/maven2/org/apache/maven/plugins/maven-shade-plugin/3.6.0/maven-shade-plugin-3.6.0.pom (12 kB at 447 kB/s)
#20 4.679 Downloading from central: https://repo.maven.apache.org/maven2/org/apache/maven/plugins/maven-shade-plugin/3.6.0/maven-shade-plugin-3.6.0.jar
#20 4.704 Progress (1): 7.7/150 kBProgress (1): 16/150 kB Progress (1): 24/150 kBProgress (1): 40/150 kBProgress (1): 57/150 kBProgress (1): 73/150 kBProgress (1): 90/150 kBProgress (1): 106/150 kBProgress (1): 122/150 kBProgress (1): 139/150 kBProgress (1): 150 kB                        Downloaded from central: https://repo.maven.apache.org/maven2/org/apache/maven/plugins/maven-shade-plugin/3.6.0/maven-shade-plugin-3.6.0.jar (150 kB at 5.2 MB/s)
#20 4.716 Downloading from central: https://repo.maven.apache.org/maven2/org/jline/jline/3.30.6/jline-3.30.6.pom
#20 4.741 Progress (1): 1.2 kBProgress (1): 5.4 kB                    Downloaded from central: https://repo.maven.apache.org/maven2/org/jline/jline/3.30.6/jline-3.30.6.pom (5.4 kB at 207 kB/s)
#20 4.751 Downloading from central: https://repo.maven.apache.org/maven2/com/ibm/icu/icu4j/78.1/icu4j-78.1.pom
#20 4.779 Progress (1): 1.1 kBProgress (1): 1.5 kB                    Downloaded from central: https://repo.maven.apache.org/maven2/com/ibm/icu/icu4j/78.1/icu4j-78.1.pom (1.5 kB at 53 kB/s)
#20 4.782 Downloading from central: https://repo.maven.apache.org/maven2/org/graalvm/sdk/graal-sdk/25.3.4.1/graal-sdk-25.3.4.1.pom
#20 4.810 Progress (1): 1.5 kBProgress (1): 1.8 kB                    Downloaded from central: https://repo.maven.apache.org/maven2/org/graalvm/sdk/graal-sdk/25.3.4.1/graal-sdk-25.3.4.1.pom (1.8 kB at 63 kB/s)
#20 4.813 Downloading from central: https://repo.maven.apache.org/maven2/org/graalvm/sdk/collections/25.3.4.1/collections-25.3.4.1.pom
#20 4.838 Progress (1): 1.2 kB                    Downloaded from central: https://repo.maven.apache.org/maven2/org/graalvm/sdk/collections/25.3.4.1/collections-25.3.4.1.pom (1.2 kB at 47 kB/s)
#20 4.841 Downloading from central: https://repo.maven.apache.org/maven2/org/graalvm/sdk/nativeimage/25.3.4.1/nativeimage-25.3.4.1.pom
#20 4.866 Progress (1): 1.2 kBProgress (1): 1.4 kB                    Downloaded from central: https://repo.maven.apache.org/maven2/org/graalvm/sdk/nativeimage/25.3.4.1/nativeimage-25.3.4.1.pom (1.4 kB at 54 kB/s)
#20 4.869 Downloading from central: https://repo.maven.apache.org/maven2/org/graalvm/sdk/word/25.3.4.1/word-25.3.4.1.pom
#20 4.894 Progress (1): 1.1 kBProgress (1): 1.2 kB                    Downloaded from central: https://repo.maven.apache.org/maven2/org/graalvm/sdk/word/25.3.4.1/word-25.3.4.1.pom (1.2 kB at 46 kB/s)
#20 4.897 Downloading from central: https://repo.maven.apache.org/maven2/org/graalvm/polyglot/polyglot/25.3.4.1/polyglot-25.3.4.1.pom
#20 4.924 Progress (1): 1.1 kBProgress (1): 1.6 kB                    Downloaded from central: https://repo.maven.apache.org/maven2/org/graalvm/polyglot/polyglot/25.3.4.1/polyglot-25.3.4.1.pom (1.6 kB at 56 kB/s)
#20 4.927 Downloading from central: https://repo.maven.apache.org/maven2/org/graalvm/truffle/truffle-api/25.3.4.1/truffle-api-25.3.4.1.pom
#20 4.954 Progress (1): 1.0 kBProgress (1): 2.0 kB                    Downloaded from central: https://repo.maven.apache.org/maven2/org/graalvm/truffle/truffle-api/25.3.4.1/truffle-api-25.3.4.1.pom (2.0 kB at 71 kB/s)
#20 4.957 Downloading from central: https://repo.maven.apache.org/maven2/org/graalvm/sdk/jniutils/25.3.4.1/jniutils-25.3.4.1.pom
#20 4.983 Progress (1): 1.1 kBProgress (1): 1.5 kB                    Downloaded from central: https://repo.maven.apache.org/maven2/org/graalvm/sdk/jniutils/25.3.4.1/jniutils-25.3.4.1.pom (1.5 kB at 60 kB/s)
#20 4.986 Downloading from central: https://repo.maven.apache.org/maven2/org/graalvm/truffle/truffle-runtime/25.3.4.1/truffle-runtime-25.3.4.1.pom
#20 5.013 Progress (1): 994 BProgress (1): 1.8 kB                    Downloaded from central: https://repo.maven.apache.org/maven2/org/graalvm/truffle/truffle-runtime/25.3.4.1/truffle-runtime-25.3.4.1.pom (1.8 kB at 67 kB/s)
#20 5.015 Downloading from central: https://repo.maven.apache.org/maven2/org/graalvm/truffle/truffle-compiler/25.3.4.1/truffle-compiler-25.3.4.1.pom
#20 5.041 Progress (1): 1.2 kBProgress (1): 1.2 kB                    Downloaded from central: https://repo.maven.apache.org/maven2/org/graalvm/truffle/truffle-compiler/25.3.4.1/truffle-compiler-25.3.4.1.pom (1.2 kB at 45 kB/s)
#20 5.044 Downloading from central: https://repo.maven.apache.org/maven2/org/graalvm/polyglot/dap/25.3.4.1/dap-25.3.4.1.pom
#20 5.069 Progress (1): 1.1 kBProgress (1): 1.7 kB                    Downloaded from central: https://repo.maven.apache.org/maven2/org/graalvm/polyglot/dap/25.3.4.1/dap-25.3.4.1.pom (1.7 kB at 65 kB/s)
#20 5.071 Downloading from central: https://repo.maven.apache.org/maven2/org/graalvm/tools/dap-tool/25.3.4.1/dap-tool-25.3.4.1.pom
#20 5.096 Progress (1): 1.0 kBProgress (1): 1.6 kB                    Downloaded from central: https://repo.maven.apache.org/maven2/org/graalvm/tools/dap-tool/25.3.4.1/dap-tool-25.3.4.1.pom (1.6 kB at 65 kB/s)
#20 5.098 Downloading from central: https://repo.maven.apache.org/maven2/org/graalvm/shadowed/json/25.3.4.1/json-25.3.4.1.pom
#20 5.123 Progress (1): 1.1 kBProgress (1): 1.2 kB                    Downloaded from central: https://repo.maven.apache.org/maven2/org/graalvm/shadowed/json/25.3.4.1/json-25.3.4.1.pom (1.2 kB at 46 kB/s)
#20 5.126 Downloading from central: https://repo.maven.apache.org/maven2/org/graalvm/polyglot/lsp/25.3.4.1/lsp-25.3.4.1.pom
#20 5.151 Progress (1): 1.1 kBProgress (1): 1.7 kB                    Downloaded from central: https://repo.maven.apache.org/maven2/org/graalvm/polyglot/lsp/25.3.4.1/lsp-25.3.4.1.pom (1.7 kB at 64 kB/s)
#20 5.154 Downloading from central: https://repo.maven.apache.org/maven2/org/graalvm/tools/lsp-tool/25.3.4.1/lsp-tool-25.3.4.1.pom
#20 5.181 Progress (1): 1.1 kBProgress (1): 1.6 kB                    Downloaded from central: https://repo.maven.apache.org/maven2/org/graalvm/tools/lsp-tool/25.3.4.1/lsp-tool-25.3.4.1.pom (1.6 kB at 57 kB/s)
#20 5.184 Downloading from central: https://repo.maven.apache.org/maven2/org/graalvm/tools/lsp_api/25.3.4.1/lsp_api-25.3.4.1.pom
#20 5.208 Progress (1): 1.1 kBProgress (1): 1.4 kB                    Downloaded from central: https://repo.maven.apache.org/maven2/org/graalvm/tools/lsp_api/25.3.4.1/lsp_api-25.3.4.1.pom (1.4 kB at 57 kB/s)
#20 5.211 Downloading from central: https://repo.maven.apache.org/maven2/org/eclipse/lsp4j/org.eclipse.lsp4j/1.0.0/org.eclipse.lsp4j-1.0.0.pom
#20 5.237 Progress (1): 943 BProgress (1): 3.0 kB                    Downloaded from central: https://repo.maven.apache.org/maven2/org/eclipse/lsp4j/org.eclipse.lsp4j/1.0.0/org.eclipse.lsp4j-1.0.0.pom (3.0 kB at 114 kB/s)
#20 5.239 Downloading from central: https://repo.maven.apache.org/maven2/org/eclipse/lsp4j/org.eclipse.lsp4j.jsonrpc/1.0.0/org.eclipse.lsp4j.jsonrpc-1.0.0.pom
#20 5.275 Progress (1): 930 BProgress (1): 3.0 kB                    Downloaded from central: https://repo.maven.apache.org/maven2/org/eclipse/lsp4j/org.eclipse.lsp4j.jsonrpc/1.0.0/org.eclipse.lsp4j.jsonrpc-1.0.0.pom (3.0 kB at 80 kB/s)
#20 5.280 Downloading from central: https://repo.maven.apache.org/maven2/com/google/code/gson/gson/maven-metadata.xml
#20 5.489 Progress (1): 1.7 kB                    Downloaded from central: https://repo.maven.apache.org/maven2/com/google/code/gson/gson/maven-metadata.xml (1.7 kB at 7.9 kB/s)
#20 5.494 Downloading from central: https://repo.maven.apache.org/maven2/com/google/code/gson/gson/2.9.1/gson-2.9.1.pom
#20 5.518 Progress (1): 1.2 kBProgress (1): 2.7 kBProgress (1): 5.3 kBProgress (1): 8.2 kB                    Downloaded from central: https://repo.maven.apache.org/maven2/com/google/code/gson/gson/2.9.1/gson-2.9.1.pom (8.2 kB at 342 kB/s)
#20 5.520 Downloading from central: https://repo.maven.apache.org/maven2/com/google/code/gson/gson-parent/2.9.1/gson-parent-2.9.1.pom
#20 5.546 Progress (1): 1.2 kBProgress (1): 3.0 kBProgress (1): 4.5 kB                    Downloaded from central: https://repo.maven.apache.org/maven2/com/google/code/gson/gson-parent/2.9.1/gson-parent-2.9.1.pom (4.5 kB at 173 kB/s)
#20 5.547 Downloading from central: https://repo.maven.apache.org/maven2/org/sonatype/oss/oss-parent/9/oss-parent-9.pom
#20 5.573 Progress (1): 838 BProgress (1): 2.7 kBProgress (1): 6.5 kBProgress (1): 6.6 kB                    Downloaded from central: https://repo.maven.apache.org/maven2/org/sonatype/oss/oss-parent/9/oss-parent-9.pom (6.6 kB at 243 kB/s)
#20 5.576 Downloading from central: https://repo.maven.apache.org/maven2/com/google/code/gson/gson/2.10/gson-2.10.pom
#20 5.600 Progress (1): 1.1 kBProgress (1): 3.4 kBProgress (1): 6.7 kBProgress (1): 8.7 kBProgress (1): 9.4 kB                    Downloaded from central: https://repo.maven.apache.org/maven2/com/google/code/gson/gson/2.10/gson-2.10.pom (9.4 kB at 375 kB/s)
#20 5.603 Downloading from central: https://repo.maven.apache.org/maven2/com/google/code/gson/gson-parent/2.10/gson-parent-2.10.pom
#20 5.627 Progress (1): 1.1 kBProgress (1): 2.7 kBProgress (1): 4.3 kBProgress (1): 6.6 kBProgress (1): 8.5 kBProgress (1): 11 kB Progress (1): 12 kB                   Downloaded from central: https://repo.maven.apache.org/maven2/com/google/code/gson/gson-parent/2.10/gson-parent-2.10.pom (12 kB at 491 kB/s)
#20 5.630 Downloading from central: https://repo.maven.apache.org/maven2/com/google/code/gson/gson/2.10.1/gson-2.10.1.pom
#20 5.654 Progress (1): 1.1 kBProgress (1): 3.4 kBProgress (1): 6.7 kBProgress (1): 8.7 kBProgress (1): 9.4 kB                    Downloaded from central: https://repo.maven.apache.org/maven2/com/google/code/gson/gson/2.10.1/gson-2.10.1.pom (9.4 kB at 375 kB/s)
#20 5.656 Downloading from central: https://repo.maven.apache.org/maven2/com/google/code/gson/gson-parent/2.10.1/gson-parent-2.10.1.pom
#20 5.680 Progress (1): 1.1 kBProgress (1): 2.7 kBProgress (1): 4.3 kBProgress (1): 6.5 kBProgress (1): 8.5 kBProgress (1): 11 kB Progress (1): 13 kB                   Downloaded from central: https://repo.maven.apache.org/maven2/com/google/code/gson/gson-parent/2.10.1/gson-parent-2.10.1.pom (13 kB at 501 kB/s)
#20 5.684 Downloading from central: https://repo.maven.apache.org/maven2/com/google/code/gson/gson/2.11.0/gson-2.11.0.pom
#20 5.708 Progress (1): 723 BProgress (1): 1.9 kBProgress (1): 4.0 kBProgress (1): 6.3 kBProgress (1): 9.8 kBProgress (1): 12 kB Progress (1): 12 kB                   Downloaded from central: https://repo.maven.apache.org/maven2/com/google/code/gson/gson/2.11.0/gson-2.11.0.pom (12 kB at 493 kB/s)
#20 5.710 Downloading from central: https://repo.maven.apache.org/maven2/com/google/code/gson/gson-parent/2.11.0/gson-parent-2.11.0.pom
#20 5.735 Progress (1): 708 BProgress (1): 2.0 kBProgress (1): 3.9 kBProgress (1): 5.7 kBProgress (1): 7.2 kBProgress (1): 9.1 kBProgress (1): 11 kB Progress (1): 13 kBProgress (1): 15 kBProgress (1): 17 kBProgress (1): 19 kBProgress (1): 21 kBProgress (1): 23 kBProgress (1): 26 kB                   Downloaded from central: https://repo.maven.apache.org/maven2/com/google/code/gson/gson-parent/2.11.0/gson-parent-2.11.0.pom (26 kB at 1.0 MB/s)
#20 5.739 Downloading from central: https://repo.maven.apache.org/maven2/com/google/errorprone/error_prone_annotations/2.27.0/error_prone_annotations-2.27.0.pom
#20 5.764 Progress (1): 759 BProgress (1): 2.8 kBProgress (1): 4.3 kB                    Downloaded from central: https://repo.maven.apache.org/maven2/com/google/errorprone/error_prone_annotations/2.27.0/error_prone_annotations-2.27.0.pom (4.3 kB at 170 kB/s)
#20 5.766 Downloading from central: https://repo.maven.apache.org/maven2/com/google/errorprone/error_prone_parent/2.27.0/error_prone_parent-2.27.0.pom
#20 5.791 Progress (1): 720 BProgress (1): 2.1 kBProgress (1): 4.1 kBProgress (1): 6.5 kBProgress (1): 11 kB Progress (1): 13 kB                   Downloaded from central: https://repo.maven.apache.org/maven2/com/google/errorprone/error_prone_parent/2.27.0/error_prone_parent-2.27.0.pom (13 kB at 505 kB/s)
#20 5.794 Downloading from central: https://repo.maven.apache.org/maven2/com/google/code/gson/gson/2.12.0/gson-2.12.0.pom
#20 5.818 Progress (1): 723 BProgress (1): 1.9 kBProgress (1): 4.0 kBProgress (1): 6.3 kBProgress (1): 9.0 kBProgress (1): 12 kB Progress (1): 13 kB                   Downloaded from central: https://repo.maven.apache.org/maven2/com/google/code/gson/gson/2.12.0/gson-2.12.0.pom (13 kB at 535 kB/s)
#20 5.820 Downloading from central: https://repo.maven.apache.org/maven2/com/google/code/gson/gson-parent/2.12.0/gson-parent-2.12.0.pom
#20 5.847 Progress (1): 706 BProgress (1): 2.0 kBProgress (1): 3.7 kBProgress (1): 5.6 kBProgress (1): 7.1 kBProgress (1): 9.0 kBProgress (1): 10 kB Progress (1): 12 kBProgress (1): 14 kBProgress (1): 18 kBProgress (1): 20 kBProgress (1): 22 kBProgress (1): 24 kBProgress (1): 27 kB                   Downloaded from central: https://repo.maven.apache.org/maven2/com/google/code/gson/gson-parent/2.12.0/gson-parent-2.12.0.pom (27 kB at 952 kB/s)
#20 5.850 Downloading from central: https://repo.maven.apache.org/maven2/com/google/errorprone/error_prone_annotations/2.36.0/error_prone_annotations-2.36.0.pom
#20 5.873 Progress (1): 759 BProgress (1): 2.7 kBProgress (1): 4.3 kB                    Downloaded from central: https://repo.maven.apache.org/maven2/com/google/errorprone/error_prone_annotations/2.36.0/error_prone_annotations-2.36.0.pom (4.3 kB at 177 kB/s)
#20 5.875 Downloading from central: https://repo.maven.apache.org/maven2/com/google/errorprone/error_prone_parent/2.36.0/error_prone_parent-2.36.0.pom
#20 5.901 Progress (1): 728 BProgress (1): 2.1 kBProgress (1): 4.1 kBProgress (1): 6.4 kBProgress (1): 11 kB Progress (1): 14 kBProgress (1): 16 kB                   Downloaded from central: https://repo.maven.apache.org/maven2/com/google/errorprone/error_prone_parent/2.36.0/error_prone_parent-2.36.0.pom (16 kB at 591 kB/s)
#20 5.904 Downloading from central: https://repo.maven.apache.org/maven2/com/google/code/gson/gson/2.12.1/gson-2.12.1.pom
#20 5.929 Progress (1): 726 BProgress (1): 1.9 kBProgress (1): 4.0 kBProgress (1): 6.3 kBProgress (1): 9.0 kBProgress (1): 12 kB Progress (1): 13 kB                   Downloaded from central: https://repo.maven.apache.org/maven2/com/google/code/gson/gson/2.12.1/gson-2.12.1.pom (13 kB at 519 kB/s)
#20 5.932 Downloading from central: https://repo.maven.apache.org/maven2/com/google/code/gson/gson-parent/2.12.1/gson-parent-2.12.1.pom
#20 5.957 Progress (1): 705 BProgress (1): 2.0 kBProgress (1): 3.7 kBProgress (1): 5.6 kBProgress (1): 7.1 kBProgress (1): 8.9 kBProgress (1): 10 kB Progress (1): 12 kBProgress (1): 14 kBProgress (1): 18 kBProgress (1): 20 kBProgress (1): 22 kBProgress (1): 24 kBProgress (1): 27 kB                   Downloaded from central: https://repo.maven.apache.org/maven2/com/google/code/gson/gson-parent/2.12.1/gson-parent-2.12.1.pom (27 kB at 1.0 MB/s)
#20 5.961 Downloading from central: https://repo.maven.apache.org/maven2/com/google/code/gson/gson/2.13.0/gson-2.13.0.pom
#20 5.988 Progress (1): 723 BProgress (1): 1.9 kBProgress (1): 4.0 kBProgress (1): 6.3 kBProgress (1): 9.0 kBProgress (1): 12 kB Progress (1): 13 kB                   Downloaded from central: https://repo.maven.apache.org/maven2/com/google/code/gson/gson/2.13.0/gson-2.13.0.pom (13 kB at 500 kB/s)
#20 5.997 Downloading from central: https://repo.maven.apache.org/maven2/com/google/code/gson/gson-parent/2.13.0/gson-parent-2.13.0.pom
#20 6.023 Progress (1): 705 BProgress (1): 2.0 kBProgress (1): 3.7 kBProgress (1): 5.6 kBProgress (1): 7.1 kBProgress (1): 8.9 kBProgress (1): 10 kB Progress (1): 12 kBProgress (1): 15 kBProgress (1): 18 kBProgress (1): 19 kBProgress (1): 22 kBProgress (1): 24 kBProgress (1): 27 kB                   Downloaded from central: https://repo.maven.apache.org/maven2/com/google/code/gson/gson-parent/2.13.0/gson-parent-2.13.0.pom (27 kB at 1.0 MB/s)
#20 6.026 Downloading from central: https://repo.maven.apache.org/maven2/com/google/errorprone/error_prone_annotations/2.37.0/error_prone_annotations-2.37.0.pom
#20 6.049 Progress (1): 759 BProgress (1): 2.9 kBProgress (1): 4.4 kB                    Downloaded from central: https://repo.maven.apache.org/maven2/com/google/errorprone/error_prone_annotations/2.37.0/error_prone_annotations-2.37.0.pom (4.4 kB at 193 kB/s)
#20 6.051 Downloading from central: https://repo.maven.apache.org/maven2/com/google/errorprone/error_prone_parent/2.37.0/error_prone_parent-2.37.0.pom
#20 6.076 Progress (1): 731 BProgress (1): 2.2 kBProgress (1): 4.1 kBProgress (1): 6.4 kBProgress (1): 11 kB Progress (1): 14 kBProgress (1): 16 kB                   Downloaded from central: https://repo.maven.apache.org/maven2/com/google/errorprone/error_prone_parent/2.37.0/error_prone_parent-2.37.0.pom (16 kB at 637 kB/s)
#20 6.079 Downloading from central: https://repo.maven.apache.org/maven2/com/google/errorprone/error_prone_type_annotations/2.37.0/error_prone_type_annotations-2.37.0.pom
#20 6.104 Progress (1): 857 BProgress (1): 1.5 kB                    Downloaded from central: https://repo.maven.apache.org/maven2/com/google/errorprone/error_prone_type_annotations/2.37.0/error_prone_type_annotations-2.37.0.pom (1.5 kB at 59 kB/s)
#20 6.109 Downloading from central: https://repo.maven.apache.org/maven2/com/google/code/gson/gson/2.13.1/gson-2.13.1.pom
#20 6.137 Progress (1): 723 BProgress (1): 1.9 kBProgress (1): 4.0 kBProgress (1): 6.3 kBProgress (1): 9.0 kBProgress (1): 12 kB Progress (1): 13 kB                   Downloaded from central: https://repo.maven.apache.org/maven2/com/google/code/gson/gson/2.13.1/gson-2.13.1.pom (13 kB at 482 kB/s)
#20 6.139 Downloading from central: https://repo.maven.apache.org/maven2/com/google/code/gson/gson-parent/2.13.1/gson-parent-2.13.1.pom
#20 6.164 Progress (1): 706 BProgress (1): 2.0 kBProgress (1): 3.7 kBProgress (1): 5.6 kBProgress (1): 7.1 kBProgress (1): 8.9 kBProgress (1): 10 kB Progress (1): 12 kBProgress (1): 15 kBProgress (1): 18 kBProgress (1): 19 kBProgress (1): 22 kBProgress (1): 24 kBProgress (1): 27 kBProgress (1): 27 kB                   Downloaded from central: https://repo.maven.apache.org/maven2/com/google/code/gson/gson-parent/2.13.1/gson-parent-2.13.1.pom (27 kB at 1.0 MB/s)
#20 6.168 Downloading from central: https://repo.maven.apache.org/maven2/com/google/errorprone/error_prone_annotations/2.38.0/error_prone_annotations-2.38.0.pom
#20 6.199 Progress (1): 759 BProgress (1): 2.7 kBProgress (1): 4.3 kB                    Downloaded from central: https://repo.maven.apache.org/maven2/com/google/errorprone/error_prone_annotations/2.38.0/error_prone_annotations-2.38.0.pom (4.3 kB at 133 kB/s)
#20 6.201 Downloading from central: https://repo.maven.apache.org/maven2/com/google/errorprone/error_prone_parent/2.38.0/error_prone_parent-2.38.0.pom
#20 6.224 Progress (1): 730 BProgress (1): 2.1 kBProgress (1): 4.1 kBProgress (1): 6.4 kBProgress (1): 11 kB Progress (1): 14 kBProgress (1): 16 kB                   Downloaded from central: https://repo.maven.apache.org/maven2/com/google/errorprone/error_prone_parent/2.38.0/error_prone_parent-2.38.0.pom (16 kB at 663 kB/s)
#20 6.227 Downloading from central: https://repo.maven.apache.org/maven2/com/google/code/gson/gson/2.13.2-rc1/gson-2.13.2-rc1.pom
#20 6.252 Progress (1): 723 BProgress (1): 1.9 kBProgress (1): 4.0 kBProgress (1): 6.3 kBProgress (1): 9.0 kBProgress (1): 12 kB Progress (1): 13 kB                   Downloaded from central: https://repo.maven.apache.org/maven2/com/google/code/gson/gson/2.13.2-rc1/gson-2.13.2-rc1.pom (13 kB at 519 kB/s)
#20 6.254 Downloading from central: https://repo.maven.apache.org/maven2/com/google/code/gson/gson-parent/2.13.2-rc1/gson-parent-2.13.2-rc1.pom
#20 6.280 Progress (1): 704 BProgress (1): 2.0 kBProgress (1): 3.7 kBProgress (1): 5.6 kBProgress (1): 7.2 kBProgress (1): 9.0 kBProgress (1): 10 kB Progress (1): 12 kBProgress (1): 15 kBProgress (1): 17 kBProgress (1): 19 kBProgress (1): 21 kBProgress (1): 24 kBProgress (1): 27 kBProgress (1): 27 kB                   Downloaded from central: https://repo.maven.apache.org/maven2/com/google/code/gson/gson-parent/2.13.2-rc1/gson-parent-2.13.2-rc1.pom (27 kB at 1.0 MB/s)
#20 6.283 Downloading from central: https://repo.maven.apache.org/maven2/com/google/errorprone/error_prone_annotations/2.41.0/error_prone_annotations-2.41.0.pom
#20 6.310 Progress (1): 759 BProgress (1): 2.7 kBProgress (1): 4.3 kB                    Downloaded from central: https://repo.maven.apache.org/maven2/com/google/errorprone/error_prone_annotations/2.41.0/error_prone_annotations-2.41.0.pom (4.3 kB at 157 kB/s)
#20 6.312 Downloading from central: https://repo.maven.apache.org/maven2/com/google/errorprone/error_prone_parent/2.41.0/error_prone_parent-2.41.0.pom
#20 6.339 Progress (1): 744 BProgress (1): 2.2 kBProgress (1): 4.3 kBProgress (1): 6.5 kBProgress (1): 8.2 kBProgress (1): 11 kB Progress (1): 15 kBProgress (1): 16 kB                   Downloaded from central: https://repo.maven.apache.org/maven2/com/google/errorprone/error_prone_parent/2.41.0/error_prone_parent-2.41.0.pom (16 kB at 590 kB/s)
#20 6.342 Downloading from central: https://repo.maven.apache.org/maven2/com/google/code/gson/gson/2.13.2/gson-2.13.2.pom
#20 6.367 Progress (1): 723 BProgress (1): 1.9 kBProgress (1): 4.0 kBProgress (1): 6.3 kBProgress (1): 9.0 kBProgress (1): 12 kB Progress (1): 13 kB                   Downloaded from central: https://repo.maven.apache.org/maven2/com/google/code/gson/gson/2.13.2/gson-2.13.2.pom (13 kB at 540 kB/s)
#20 6.369 Downloading from central: https://repo.maven.apache.org/maven2/com/google/code/gson/gson-parent/2.13.2/gson-parent-2.13.2.pom
#20 6.397 Progress (1): 705 BProgress (1): 2.0 kBProgress (1): 3.7 kBProgress (1): 5.7 kBProgress (1): 7.2 kBProgress (1): 9.0 kBProgress (1): 10 kB Progress (1): 12 kBProgress (1): 15 kBProgress (1): 18 kBProgress (1): 19 kBProgress (1): 22 kBProgress (1): 24 kBProgress (1): 27 kBProgress (1): 27 kB                   Downloaded from central: https://repo.maven.apache.org/maven2/com/google/code/gson/gson-parent/2.13.2/gson-parent-2.13.2.pom (27 kB at 932 kB/s)
#20 6.400 Downloading from central: https://repo.maven.apache.org/maven2/com/google/code/gson/gson/2.14.0/gson-2.14.0.pom
#20 6.424 Progress (1): 723 BProgress (1): 1.9 kBProgress (1): 4.0 kBProgress (1): 6.3 kBProgress (1): 8.4 kBProgress (1): 12 kB Progress (1): 14 kBProgress (1): 17 kBProgress (1): 20 kBProgress (1): 23 kB                   Downloaded from central: https://repo.maven.apache.org/maven2/com/google/code/gson/gson/2.14.0/gson-2.14.0.pom (23 kB at 911 kB/s)
#20 6.427 Downloading from central: https://repo.maven.apache.org/maven2/com/google/code/gson/gson-parent/2.14.0/gson-parent-2.14.0.pom
#20 6.452 Progress (1): 703 BProgress (1): 2.0 kBProgress (1): 3.8 kBProgress (1): 5.5 kBProgress (1): 7.1 kBProgress (1): 9.0 kBProgress (1): 10 kB Progress (1): 13 kBProgress (1): 15 kBProgress (1): 18 kBProgress (1): 20 kBProgress (1): 22 kBProgress (1): 24 kBProgress (1): 27 kB                   Downloaded from central: https://repo.maven.apache.org/maven2/com/google/code/gson/gson-parent/2.14.0/gson-parent-2.14.0.pom (27 kB at 1.1 MB/s)
#20 6.455 Downloading from central: https://repo.maven.apache.org/maven2/com/google/errorprone/error_prone_annotations/2.48.0/error_prone_annotations-2.48.0.pom
#20 6.480 Progress (1): 759 BProgress (1): 2.7 kBProgress (1): 4.3 kB                    Downloaded from central: https://repo.maven.apache.org/maven2/com/google/errorprone/error_prone_annotations/2.48.0/error_prone_annotations-2.48.0.pom (4.3 kB at 164 kB/s)
#20 6.482 Downloading from central: https://repo.maven.apache.org/maven2/com/google/errorprone/error_prone_parent/2.48.0/error_prone_parent-2.48.0.pom
#20 6.507 Progress (1): 725 BProgress (1): 2.1 kBProgress (1): 4.1 kBProgress (1): 6.4 kBProgress (1): 11 kB Progress (1): 14 kBProgress (1): 16 kB                   Downloaded from central: https://repo.maven.apache.org/maven2/com/google/errorprone/error_prone_parent/2.48.0/error_prone_parent-2.48.0.pom (16 kB at 635 kB/s)
#20 6.509 Downloading from central: https://repo.maven.apache.org/maven2/org/junit/jupiter/junit-jupiter/5.10.2/junit-jupiter-5.10.2.pom
#20 6.534 Progress (1): 944 BProgress (1): 3.2 kB                    Downloaded from central: https://repo.maven.apache.org/maven2/org/junit/jupiter/junit-jupiter/5.10.2/junit-jupiter-5.10.2.pom (3.2 kB at 128 kB/s)
#20 6.536 Downloading from central: https://repo.maven.apache.org/maven2/org/junit/jupiter/junit-jupiter-api/5.10.2/junit-jupiter-api-5.10.2.pom
#20 6.561 Progress (1): 954 BProgress (1): 3.2 kB                    Downloaded from central: https://repo.maven.apache.org/maven2/org/junit/jupiter/junit-jupiter-api/5.10.2/junit-jupiter-api-5.10.2.pom (3.2 kB at 127 kB/s)
#20 6.563 Downloading from central: https://repo.maven.apache.org/maven2/org/opentest4j/opentest4j/1.3.0/opentest4j-1.3.0.pom
#20 6.587 Progress (1): 996 BProgress (1): 2.0 kB                    Downloaded from central: https://repo.maven.apache.org/maven2/org/opentest4j/opentest4j/1.3.0/opentest4j-1.3.0.pom (2.0 kB at 81 kB/s)
#20 6.589 Downloading from central: https://repo.maven.apache.org/maven2/org/junit/platform/junit-platform-commons/1.10.2/junit-platform-commons-1.10.2.pom
#20 6.615 Progress (1): 966 BProgress (1): 2.8 kB                    Downloaded from central: https://repo.maven.apache.org/maven2/org/junit/platform/junit-platform-commons/1.10.2/junit-platform-commons-1.10.2.pom (2.8 kB at 109 kB/s)
#20 6.617 Downloading from central: https://repo.maven.apache.org/maven2/org/apiguardian/apiguardian-api/1.1.2/apiguardian-api-1.1.2.pom
#20 6.641 Progress (1): 1.0 kBProgress (1): 1.5 kB                    Downloaded from central: https://repo.maven.apache.org/maven2/org/apiguardian/apiguardian-api/1.1.2/apiguardian-api-1.1.2.pom (1.5 kB at 61 kB/s)
#20 6.643 Downloading from central: https://repo.maven.apache.org/maven2/org/junit/jupiter/junit-jupiter-params/5.10.2/junit-jupiter-params-5.10.2.pom
#20 6.670 Progress (1): 964 BProgress (1): 3.0 kB                    Downloaded from central: https://repo.maven.apache.org/maven2/org/junit/jupiter/junit-jupiter-params/5.10.2/junit-jupiter-params-5.10.2.pom (3.0 kB at 111 kB/s)
#20 6.672 Downloading from central: https://repo.maven.apache.org/maven2/org/junit/jupiter/junit-jupiter-engine/5.10.2/junit-jupiter-engine-5.10.2.pom
#20 6.699 Progress (1): 963 BProgress (1): 3.2 kB                    Downloaded from central: https://repo.maven.apache.org/maven2/org/junit/jupiter/junit-jupiter-engine/5.10.2/junit-jupiter-engine-5.10.2.pom (3.2 kB at 114 kB/s)
#20 6.702 Downloading from central: https://repo.maven.apache.org/maven2/org/junit/platform/junit-platform-engine/1.10.2/junit-platform-engine-1.10.2.pom
#20 6.728 Progress (1): 957 BProgress (1): 3.2 kB                    Downloaded from central: https://repo.maven.apache.org/maven2/org/junit/platform/junit-platform-engine/1.10.2/junit-platform-engine-1.10.2.pom (3.2 kB at 123 kB/s)
#20 6.740 Downloading from central: https://repo.maven.apache.org/maven2/org/jline/jline/3.30.6/jline-3.30.6.jar
#20 6.764 Progress (1): 0/1.5 MBProgress (1): 0/1.5 MBProgress (1): 0/1.5 MBProgress (1): 0/1.5 MBProgress (1): 0.1/1.5 MBProgress (1): 0.1/1.5 MBProgress (1): 0.1/1.5 MBProgress (1): 0.1/1.5 MBProgress (1): 0.1/1.5 MBProgress (1): 0.1/1.5 MBProgress (1): 0.2/1.5 MBProgress (1): 0.2/1.5 MBProgress (1): 0.2/1.5 MBProgress (1): 0.2/1.5 MBProgress (1): 0.2/1.5 MBProgress (1): 0.2/1.5 MBProgress (1): 0.3/1.5 MBProgress (1): 0.3/1.5 MBProgress (1): 0.3/1.5 MBProgress (1): 0.3/1.5 MBProgress (1): 0.3/1.5 MBProgress (1): 0.3/1.5 MBProgress (1): 0.4/1.5 MBProgress (1): 0.4/1.5 MBProgress (1): 0.4/1.5 MBProgress (1): 0.4/1.5 MBProgress (1): 0.4/1.5 MBProgress (1): 0.4/1.5 MBProgress (1): 0.5/1.5 MBProgress (1): 0.5/1.5 MBProgress (1): 0.5/1.5 MBProgress (1): 0.5/1.5 MBProgress (1): 0.5/1.5 MBProgress (1): 0.5/1.5 MBProgress (1): 0.5/1.5 MBProgress (1): 0.6/1.5 MBProgress (1): 0.6/1.5 MBProgress (1): 0.6/1.5 MBProgress (1): 0.6/1.5 MBProgress (1): 0.6/1.5 MBProgress (1): 0.6/1.5 MBProgress (1): 0.7/1.5 MBProgress (1): 0.7/1.5 MBProgress (1): 0.7/1.5 MBProgress (1): 0.7/1.5 MBProgress (1): 0.7/1.5 MBProgress (1): 0.7/1.5 MBProgress (1): 0.8/1.5 MBProgress (1): 0.8/1.5 MBProgress (1): 0.8/1.5 MBProgress (1): 0.8/1.5 MBProgress (1): 0.8/1.5 MBProgress (1): 0.8/1.5 MBProgress (1): 0.9/1.5 MBProgress (1): 0.9/1.5 MBProgress (1): 0.9/1.5 MBProgress (1): 0.9/1.5 MBProgress (1): 0.9/1.5 MBProgress (1): 0.9/1.5 MBProgress (1): 1.0/1.5 MBProgress (1): 1.0/1.5 MBProgress (1): 1.0/1.5 MBProgress (1): 1.0/1.5 MBProgress (1): 1.0/1.5 MBProgress (1): 1.0/1.5 MBProgress (1): 1.1/1.5 MBProgress (1): 1.1/1.5 MBProgress (1): 1.1/1.5 MBProgress (1): 1.1/1.5 MBProgress (1): 1.1/1.5 MBProgress (1): 1.1/1.5 MBProgress (1): 1.2/1.5 MBProgress (1): 1.2/1.5 MBProgress (1): 1.2/1.5 MBProgress (1): 1.2/1.5 MBProgress (1): 1.2/1.5 MBProgress (1): 1.2/1.5 MBProgress (1): 1.2/1.5 MBProgress (1): 1.3/1.5 MBProgress (1): 1.3/1.5 MBProgress (1): 1.3/1.5 MBProgress (1): 1.3/1.5 MBProgress (1): 1.3/1.5 MBProgress (1): 1.3/1.5 MBProgress (1): 1.4/1.5 MBProgress (1): 1.4/1.5 MBProgress (1): 1.4/1.5 MBProgress (1): 1.4/1.5 MBProgress (1): 1.4/1.5 MBProgress (1): 1.4/1.5 MBProgress (1): 1.5/1.5 MBProgress (1): 1.5/1.5 MBProgress (1): 1.5/1.5 MBProgress (1): 1.5 MB                        Downloaded from central: https://repo.maven.apache.org/maven2/org/jline/jline/3.30.6/jline-3.30.6.jar (1.5 MB at 28 MB/s)
#20 6.795 Downloading from central: https://repo.maven.apache.org/maven2/com/ibm/icu/icu4j/78.1/icu4j-78.1.jar
#20 6.795 Downloading from central: https://repo.maven.apache.org/maven2/org/graalvm/sdk/graal-sdk/25.3.4.1/graal-sdk-25.3.4.1.jar
#20 6.795 Downloading from central: https://repo.maven.apache.org/maven2/org/graalvm/sdk/collections/25.3.4.1/collections-25.3.4.1.jar
#20 6.795 Downloading from central: https://repo.maven.apache.org/maven2/org/graalvm/sdk/nativeimage/25.3.4.1/nativeimage-25.3.4.1.jar
#20 6.795 Downloading from central: https://repo.maven.apache.org/maven2/org/graalvm/sdk/word/25.3.4.1/word-25.3.4.1.jar
#20 6.821 Progress (1): 0/15 MBProgress (1): 0/15 MBProgress (1): 0/15 MBProgress (1): 0/15 MBProgress (1): 0.1/15 MBProgress (1): 0.1/15 MBProgress (1): 0.1/15 MBProgress (1): 0.1/15 MBProgress (1): 0.1/15 MBProgress (1): 0.1/15 MBProgress (1): 0.2/15 MBProgress (1): 0.2/15 MBProgress (1): 0.2/15 MBProgress (1): 0.2/15 MBProgress (1): 0.2/15 MBProgress (1): 0.2/15 MBProgress (1): 0.2/15 MBProgress (1): 0.3/15 MBProgress (1): 0.3/15 MBProgress (1): 0.3/15 MBProgress (1): 0.3/15 MBProgress (1): 0.3/15 MBProgress (1): 0.3/15 MBProgress (1): 0.4/15 MBProgress (1): 0.4/15 MBProgress (1): 0.4/15 MBProgress (1): 0.4/15 MBProgress (1): 0.4/15 MBProgress (1): 0.4/15 MBProgress (1): 0.5/15 MBProgress (1): 0.5/15 MBProgress (1): 0.5/15 MBProgress (1): 0.5/15 MBProgress (1): 0.5/15 MBProgress (1): 0.5/15 MBProgress (1): 0.6/15 MBProgress (1): 0.6/15 MBProgress (1): 0.6/15 MBProgress (1): 0.6/15 MBProgress (1): 0.6/15 MBProgress (1): 0.6/15 MBProgress (1): 0.7/15 MBProgress (1): 0.7/15 MBProgress (1): 0.7/15 MBProgress (1): 0.7/15 MBProgress (1): 0.7/15 MBProgress (1): 0.7/15 MBProgress (1): 0.7/15 MBProgress (1): 0.8/15 MBProgress (1): 0.8/15 MBProgress (1): 0.8/15 MBProgress (1): 0.8/15 MBProgress (1): 0.8/15 MBProgress (1): 0.8/15 MBProgress (1): 0.9/15 MBProgress (1): 0.9/15 MBProgress (1): 0.9/15 MBProgress (1): 0.9/15 MBProgress (1): 0.9/15 MBProgress (1): 0.9/15 MBProgress (1): 1.0/15 MBProgress (1): 1.0/15 MBProgress (1): 1.0/15 MBProgress (1): 1.0/15 MBProgress (1): 1.0/15 MBProgress (1): 1.0/15 MBProgress (1): 1.1/15 MBProgress (1): 1.1/15 MBProgress (1): 1.1/15 MBProgress (1): 1.1/15 MBProgress (1): 1.1/15 MBProgress (1): 1.1/15 MBProgress (1): 1.2/15 MBProgress (1): 1.2/15 MBProgress (1): 1.2/15 MBProgress (1): 1.2/15 MBProgress (1): 1.2/15 MBProgress (1): 1.2/15 MBProgress (1): 1.2/15 MBProgress (1): 1.3/15 MBProgress (1): 1.3/15 MBProgress (1): 1.3/15 MBProgress (1): 1.3/15 MBProgress (1): 1.3/15 MBProgress (1): 1.3/15 MBProgress (1): 1.4/15 MBProgress (1): 1.4/15 MBProgress (1): 1.4/15 MBProgress (1): 1.4/15 MBProgress (1): 1.4/15 MBProgress (1): 1.4/15 MBProgress (1): 1.5/15 MBProgress (1): 1.5/15 MBProgress (1): 1.5/15 MBProgress (1): 1.5/15 MBProgress (1): 1.5/15 MBProgress (1): 1.5/15 MBProgress (1): 1.6/15 MBProgress (1): 1.6/15 MBProgress (1): 1.6/15 MBProgress (1): 1.6/15 MBProgress (1): 1.6/15 MBProgress (1): 1.6/15 MBProgress (1): 1.6/15 MBProgress (1): 1.7/15 MBProgress (1): 1.7/15 MBProgress (1): 1.7/15 MBProgress (1): 1.7/15 MBProgress (1): 1.7/15 MBProgress (1): 1.7/15 MBProgress (1): 1.8/15 MBProgress (1): 1.8/15 MBProgress (1): 1.8/15 MBProgress (1): 1.8/15 MBProgress (1): 1.8/15 MBProgress (1): 1.8/15 MBProgress (1): 1.9/15 MBProgress (1): 1.9/15 MBProgress (1): 1.9/15 MBProgress (1): 1.9/15 MBProgress (1): 1.9/15 MBProgress (1): 1.9/15 MBProgress (1): 2.0/15 MBProgress (1): 2.0/15 MBProgress (1): 2.0/15 MBProgress (1): 2.0/15 MBProgress (1): 2.0/15 MBProgress (1): 2.0/15 MBProgress (1): 2.1/15 MBProgress (1): 2.1/15 MBProgress (1): 2.1/15 MBProgress (1): 2.1/15 MBProgress (1): 2.1/15 MBProgress (1): 2.1/15 MBProgress (1): 2.2/15 MBProgress (1): 2.2/15 MBProgress (1): 2.2/15 MBProgress (1): 2.2/15 MBProgress (2): 2.2/15 MB | 0.9/129 kBProgress (2): 2.2/15 MB | 2.3/129 kBProgress (2): 2.2/15 MB | 3.6/129 kBProgress (2): 2.2/15 MB | 5.0/129 kBProgress (2): 2.2/15 MB | 6.4/129 kBProgress (2): 2.2/15 MB | 7.7/129 kBProgress (2): 2.2/15 MB | 9.1/129 kBProgress (2): 2.2/15 MB | 9.1/129 kBProgress (2): 2.2/15 MB | 10/129 kB Progress (2): 2.2/15 MB | 12/129 kBProgress (2): 2.2/15 MB | 12/129 kBProgress (2): 2.2/15 MB | 14/129 kBProgress (2): 2.2/15 MB | 14/129 kBProgress (2): 2.2/15 MB | 15/129 kBProgress (2): 2.2/15 MB | 16/129 kBProgress (2): 2.2/15 MB | 18/129 kBProgress (2): 2.2/15 MB | 19/129 kBProgress (2): 2.2/15 MB | 21/129 kBProgress (2): 2.2/15 MB | 21/129 kBProgress (2): 2.3/15 MB | 21/129 kBProgress (2): 2.3/15 MB | 21/129 kBProgress (2): 2.3/15 MB | 21/129 kBProgress (2): 2.3/15 MB | 21/129 kBProgress (2): 2.3/15 MB | 21/129 kBProgress (2): 2.3/15 MB | 21/129 kBProgress (2): 2.4/15 MB | 21/129 kBProgress (2): 2.4/15 MB | 21/129 kBProgress (2): 2.4/15 MB | 21/129 kBProgress (2): 2.4/15 MB | 21/129 kBProgress (2): 2.4/15 MB | 21/129 kBProgress (2): 2.4/15 MB | 21/129 kBProgress (2): 2.5/15 MB | 21/129 kBProgress (2): 2.5/15 MB | 21/129 kBProgress (2): 2.5/15 MB | 21/129 kBProgress (2): 2.5/15 MB | 21/129 kBProgress (2): 2.5/15 MB | 21/129 kBProgress (2): 2.5/15 MB | 21/129 kBProgress (2): 2.6/15 MB | 21/129 kBProgress (2): 2.6/15 MB | 21/129 kBProgress (2): 2.6/15 MB | 21/129 kBProgress (3): 2.6/15 MB | 21/129 kB | 0.9/1.5 kBProgress (3): 2.6/15 MB | 21/129 kB | 1.5 kB    Progress (3): 2.6/15 MB | 21/129 kB | 1.5 kBProgress (3): 2.6/15 MB | 21/129 kB | 1.5 kB                                            Downloaded from central: https://repo.maven.apache.org/maven2/org/graalvm/sdk/graal-sdk/25.3.4.1/graal-sdk-25.3.4.1.jar (1.5 kB at 19 kB/s)
#20 6.873 Downloading from central: https://repo.maven.apache.org/maven2/org/graalvm/polyglot/polyglot/25.3.4.1/polyglot-25.3.4.1.jar
#20 6.873 Progress (2): 2.6/15 MB | 21/129 kBProgress (2): 2.7/15 MB | 21/129 kBProgress (2): 2.7/15 MB | 21/129 kBProgress (2): 2.7/15 MB | 21/129 kBProgress (2): 2.7/15 MB | 21/129 kBProgress (2): 2.7/15 MB | 21/129 kBProgress (2): 2.7/15 MB | 21/129 kBProgress (2): 2.8/15 MB | 21/129 kBProgress (2): 2.8/15 MB | 21/129 kBProgress (2): 2.8/15 MB | 21/129 kBProgress (2): 2.8/15 MB | 21/129 kBProgress (2): 2.8/15 MB | 21/129 kBProgress (2): 2.8/15 MB | 21/129 kBProgress (2): 2.8/15 MB | 21/129 kBProgress (2): 2.9/15 MB | 21/129 kBProgress (2): 2.9/15 MB | 21/129 kBProgress (3): 2.9/15 MB | 21/129 kB | 0.9/250 kBProgress (3): 2.9/15 MB | 21/129 kB | 2.3/250 kBProgress (3): 2.9/15 MB | 21/129 kB | 3.6/250 kBProgress (3): 2.9/15 MB | 21/129 kB | 3.6/250 kBProgress (3): 2.9/15 MB | 21/129 kB | 4.1/250 kBProgress (3): 2.9/15 MB | 21/129 kB | 5.5/250 kBProgress (3): 2.9/15 MB | 21/129 kB | 6.8/250 kBProgress (3): 2.9/15 MB | 21/129 kB | 8.2/250 kBProgress (3): 2.9/15 MB | 21/129 kB | 9.6/250 kBProgress (3): 2.9/15 MB | 21/129 kB | 11/250 kB Progress (3): 2.9/15 MB | 21/129 kB | 12/250 kBProgress (3): 2.9/15 MB | 21/129 kB | 12/250 kBProgress (3): 2.9/15 MB | 21/129 kB | 14/250 kBProgress (3): 2.9/15 MB | 21/129 kB | 15/250 kBProgress (3): 2.9/15 MB | 21/129 kB | 16/250 kBProgress (3): 2.9/15 MB | 21/129 kB | 18/250 kBProgress (3): 2.9/15 MB | 21/129 kB | 19/250 kBProgress (3): 2.9/15 MB | 21/129 kB | 21/250 kBProgress (3): 2.9/15 MB | 21/129 kB | 21/250 kBProgress (3): 2.9/15 MB | 21/129 kB | 22/250 kBProgress (3): 2.9/15 MB | 21/129 kB | 23/250 kBProgress (3): 2.9/15 MB | 21/129 kB | 25/250 kBProgress (3): 2.9/15 MB | 21/129 kB | 26/250 kBProgress (3): 2.9/15 MB | 21/129 kB | 27/250 kBProgress (3): 2.9/15 MB | 21/129 kB | 27/250 kBProgress (3): 2.9/15 MB | 21/129 kB | 29/250 kBProgress (3): 2.9/15 MB | 21/129 kB | 30/250 kBProgress (3): 2.9/15 MB | 21/129 kB | 31/250 kBProgress (3): 2.9/15 MB | 21/129 kB | 33/250 kBProgress (3): 2.9/15 MB | 21/129 kB | 34/250 kBProgress (3): 2.9/15 MB | 21/129 kB | 36/250 kBProgress (3): 3.0/15 MB | 21/129 kB | 36/250 kBProgress (3): 3.0/15 MB | 21/129 kB | 37/250 kBProgress (3): 3.0/15 MB | 21/129 kB | 38/250 kBProgress (3): 3.0/15 MB | 21/129 kB | 40/250 kBProgress (3): 3.0/15 MB | 21/129 kB | 40/250 kBProgress (3): 3.0/15 MB | 21/129 kB | 41/250 kBProgress (3): 3.0/15 MB | 21/129 kB | 42/250 kBProgress (3): 3.0/15 MB | 21/129 kB | 44/250 kBProgress (3): 3.0/15 MB | 21/129 kB | 45/250 kBProgress (3): 3.0/15 MB | 21/129 kB | 47/250 kBProgress (3): 3.0/15 MB | 21/129 kB | 47/250 kBProgress (3): 3.0/15 MB | 21/129 kB | 48/250 kBProgress (3): 3.0/15 MB | 21/129 kB | 49/250 kBProgress (3): 3.0/15 MB | 21/129 kB | 51/250 kBProgress (3): 3.0/15 MB | 21/129 kB | 52/250 kBProgress (3): 3.0/15 MB | 21/129 kB | 53/250 kBProgress (3): 3.0/15 MB | 21/129 kB | 55/250 kBProgress (3): 3.0/15 MB | 21/129 kB | 55/250 kBProgress (3): 3.0/15 MB | 21/129 kB | 59/250 kBProgress (3): 3.0/15 MB | 21/129 kB | 59/250 kBProgress (3): 3.0/15 MB | 21/129 kB | 63/250 kBProgress (3): 3.0/15 MB | 21/129 kB | 63/250 kBProgress (3): 3.0/15 MB | 21/129 kB | 67/250 kBProgress (3): 3.1/15 MB | 21/129 kB | 67/250 kBProgress (3): 3.1/15 MB | 21/129 kB | 67/250 kBProgress (3): 3.1/15 MB | 21/129 kB | 67/250 kBProgress (3): 3.1/15 MB | 21/129 kB | 67/250 kBProgress (3): 3.1/15 MB | 21/129 kB | 67/250 kBProgress (3): 3.1/15 MB | 21/129 kB | 67/250 kBProgress (3): 3.1/15 MB | 21/129 kB | 67/250 kBProgress (3): 3.2/15 MB | 21/129 kB | 67/250 kBProgress (3): 3.2/15 MB | 22/129 kB | 67/250 kBProgress (3): 3.2/15 MB | 23/129 kB | 67/250 kBProgress (3): 3.2/15 MB | 23/129 kB | 67/250 kBProgress (3): 3.2/15 MB | 25/129 kB | 67/250 kBProgress (3): 3.2/15 MB | 26/129 kB | 67/250 kBProgress (3): 3.2/15 MB | 27/129 kB | 67/250 kBProgress (3): 3.2/15 MB | 29/129 kB | 67/250 kBProgress (3): 3.2/15 MB | 30/129 kB | 67/250 kBProgress (3): 3.2/15 MB | 31/129 kB | 67/250 kBProgress (3): 3.2/15 MB | 31/129 kB | 67/250 kBProgress (3): 3.2/15 MB | 33/129 kB | 67/250 kBProgress (3): 3.2/15 MB | 34/129 kB | 67/250 kBProgress (3): 3.2/15 MB | 36/129 kB | 67/250 kBProgress (3): 3.2/15 MB | 37/129 kB | 67/250 kBProgress (3): 3.2/15 MB | 38/129 kB | 67/250 kBProgress (3): 3.2/15 MB | 40/129 kB | 67/250 kBProgress (3): 3.2/15 MB | 40/129 kB | 67/250 kBProgress (3): 3.2/15 MB | 41/129 kB | 67/250 kBProgress (3): 3.2/15 MB | 42/129 kB | 67/250 kBProgress (3): 3.2/15 MB | 44/129 kB | 67/250 kBProgress (3): 3.2/15 MB | 45/129 kB | 67/250 kBProgress (3): 3.2/15 MB | 45/129 kB | 67/250 kBProgress (3): 3.2/15 MB | 45/129 kB | 67/250 kBProgress (3): 3.3/15 MB | 45/129 kB | 67/250 kBProgress (3): 3.3/15 MB | 45/129 kB | 67/250 kBProgress (3): 3.3/15 MB | 45/129 kB | 67/250 kBProgress (3): 3.3/15 MB | 45/129 kB | 67/250 kBProgress (3): 3.3/15 MB | 45/129 kB | 67/250 kBProgress (3): 3.3/15 MB | 45/129 kB | 67/250 kBProgress (3): 3.4/15 MB | 45/129 kB | 67/250 kBProgress (3): 3.4/15 MB | 45/129 kB | 67/250 kBProgress (3): 3.4/15 MB | 47/129 kB | 67/250 kBProgress (3): 3.4/15 MB | 48/129 kB | 67/250 kBProgress (3): 3.4/15 MB | 49/129 kB | 67/250 kBProgress (3): 3.4/15 MB | 51/129 kB | 67/250 kBProgress (3): 3.4/15 MB | 52/129 kB | 67/250 kBProgress (3): 3.4/15 MB | 52/129 kB | 67/250 kBProgress (3): 3.4/15 MB | 53/129 kB | 67/250 kBProgress (3): 3.4/15 MB | 55/129 kB | 67/250 kBProgress (3): 3.4/15 MB | 59/129 kB | 67/250 kBProgress (3): 3.4/15 MB | 59/129 kB | 67/250 kBProgress (3): 3.4/15 MB | 59/129 kB | 67/250 kBProgress (3): 3.4/15 MB | 59/129 kB | 67/250 kBProgress (3): 3.5/15 MB | 59/129 kB | 67/250 kBProgress (3): 3.5/15 MB | 59/129 kB | 67/250 kBProgress (3): 3.5/15 MB | 59/129 kB | 67/250 kBProgress (4): 3.5/15 MB | 59/129 kB | 67/250 kB | 0.9/73 kBProgress (4): 3.5/15 MB | 59/129 kB | 67/250 kB | 2.3/73 kBProgress (4): 3.5/15 MB | 59/129 kB | 67/250 kB | 3.6/73 kBProgress (4): 3.5/15 MB | 59/129 kB | 67/250 kB | 5.0/73 kBProgress (4): 3.5/15 MB | 59/129 kB | 67/250 kB | 6.4/73 kBProgress (4): 3.5/15 MB | 59/129 kB | 67/250 kB | 6.4/73 kBProgress (4): 3.5/15 MB | 59/129 kB | 67/250 kB | 7.7/73 kBProgress (4): 3.5/15 MB | 59/129 kB | 67/250 kB | 9.1/73 kBProgress (4): 3.5/15 MB | 59/129 kB | 67/250 kB | 10/73 kB Progress (4): 3.5/15 MB | 59/129 kB | 67/250 kB | 12/73 kBProgress (4): 3.5/15 MB | 59/129 kB | 67/250 kB | 13/73 kBProgress (4): 3.5/15 MB | 59/129 kB | 67/250 kB | 15/73 kBProgress (4): 3.5/15 MB | 59/129 kB | 67/250 kB | 15/73 kBProgress (4): 3.5/15 MB | 59/129 kB | 67/250 kB | 15/73 kBProgress (4): 3.5/15 MB | 59/129 kB | 67/250 kB | 17/73 kBProgress (4): 3.5/15 MB | 59/129 kB | 67/250 kB | 18/73 kBProgress (4): 3.5/15 MB | 59/129 kB | 67/250 kB | 20/73 kBProgress (4): 3.5/15 MB | 59/129 kB | 67/250 kB | 21/73 kBProgress (4): 3.5/15 MB | 59/129 kB | 67/250 kB | 22/73 kBProgress (4): 3.5/15 MB | 59/129 kB | 67/250 kB | 22/73 kBProgress (4): 3.5/15 MB | 59/129 kB | 67/250 kB | 24/73 kBProgress (4): 3.5/15 MB | 59/129 kB | 67/250 kB | 25/73 kBProgress (4): 3.5/15 MB | 59/129 kB | 67/250 kB | 26/73 kBProgress (4): 3.5/15 MB | 59/129 kB | 67/250 kB | 28/73 kBProgress (4): 3.5/15 MB | 59/129 kB | 67/250 kB | 29/73 kBProgress (4): 3.5/15 MB | 59/129 kB | 67/250 kB | 29/73 kBProgress (4): 3.5/15 MB | 59/129 kB | 67/250 kB | 31/73 kBProgress (4): 3.5/15 MB | 59/129 kB | 67/250 kB | 32/73 kBProgress (4): 3.5/15 MB | 59/129 kB | 67/250 kB | 33/73 kBProgress (4): 3.5/15 MB | 59/129 kB | 67/250 kB | 35/73 kBProgress (4): 3.5/15 MB | 59/129 kB | 67/250 kB | 36/73 kBProgress (4): 3.5/15 MB | 59/129 kB | 67/250 kB | 37/73 kBProgress (4): 3.6/15 MB | 59/129 kB | 67/250 kB | 37/73 kBProgress (4): 3.6/15 MB | 59/129 kB | 67/250 kB | 39/73 kBProgress (4): 3.6/15 MB | 59/129 kB | 67/250 kB | 40/73 kBProgress (4): 3.6/15 MB | 59/129 kB | 67/250 kB | 41/73 kBProgress (4): 3.6/15 MB | 59/129 kB | 67/250 kB | 43/73 kBProgress (4): 3.6/15 MB | 59/129 kB | 67/250 kB | 44/73 kBProgress (4): 3.6/15 MB | 59/129 kB | 67/250 kB | 44/73 kBProgress (4): 3.6/15 MB | 59/129 kB | 67/250 kB | 46/73 kBProgress (4): 3.6/15 MB | 59/129 kB | 67/250 kB | 47/73 kBProgress (4): 3.6/15 MB | 59/129 kB | 67/250 kB | 48/73 kBProgress (4): 3.6/15 MB | 59/129 kB | 67/250 kB | 50/73 kBProgress (4): 3.6/15 MB | 59/129 kB | 67/250 kB | 51/73 kBProgress (4): 3.6/15 MB | 59/129 kB | 67/250 kB | 51/73 kBProgress (4): 3.6/15 MB | 59/129 kB | 67/250 kB | 52/73 kBProgress (4): 3.6/15 MB | 59/129 kB | 67/250 kB | 54/73 kBProgress (4): 3.6/15 MB | 59/129 kB | 67/250 kB | 55/73 kBProgress (4): 3.6/15 MB | 59/129 kB | 67/250 kB | 59/73 kBProgress (4): 3.6/15 MB | 59/129 kB | 67/250 kB | 59/73 kBProgress (4): 3.6/15 MB | 59/129 kB | 67/250 kB | 64/73 kBProgress (4): 3.6/15 MB | 59/129 kB | 67/250 kB | 68/73 kBProgress (4): 3.6/15 MB | 59/129 kB | 67/250 kB | 68/73 kBProgress (4): 3.6/15 MB | 59/129 kB | 67/250 kB | 68/73 kBProgress (4): 3.7/15 MB | 59/129 kB | 67/250 kB | 68/73 kBProgress (4): 3.7/15 MB | 59/129 kB | 67/250 kB | 68/73 kBProgress (4): 3.7/15 MB | 59/129 kB | 67/250 kB | 68/73 kBProgress (4): 3.7/15 MB | 59/129 kB | 67/250 kB | 68/73 kBProgress (4): 3.7/15 MB | 59/129 kB | 67/250 kB | 68/73 kBProgress (4): 3.7/15 MB | 59/129 kB | 67/250 kB | 68/73 kBProgress (4): 3.8/15 MB | 59/129 kB | 67/250 kB | 68/73 kBProgress (4): 3.8/15 MB | 59/129 kB | 67/250 kB | 68/73 kBProgress (4): 3.8/15 MB | 59/129 kB | 67/250 kB | 68/73 kBProgress (4): 3.8/15 MB | 59/129 kB | 72/250 kB | 68/73 kBProgress (4): 3.8/15 MB | 59/129 kB | 72/250 kB | 68/73 kBProgress (4): 3.8/15 MB | 59/129 kB | 72/250 kB | 68/73 kBProgress (4): 3.8/15 MB | 59/129 kB | 76/250 kB | 68/73 kBProgress (4): 3.8/15 MB | 59/129 kB | 80/250 kB | 68/73 kBProgress (4): 3.8/15 MB | 59/129 kB | 80/250 kB | 68/73 kBProgress (4): 3.8/15 MB | 59/129 kB | 80/250 kB | 68/73 kBProgress (4): 3.9/15 MB | 59/129 kB | 80/250 kB | 68/73 kBProgress (4): 3.9/15 MB | 59/129 kB | 80/250 kB | 68/73 kBProgress (4): 3.9/15 MB | 59/129 kB | 84/250 kB | 68/73 kBProgress (4): 3.9/15 MB | 59/129 kB | 89/250 kB | 68/73 kBProgress (4): 3.9/15 MB | 59/129 kB | 89/250 kB | 68/73 kBProgress (4): 3.9/15 MB | 59/129 kB | 93/250 kB | 68/73 kBProgress (4): 3.9/15 MB | 59/129 kB | 93/250 kB | 68/73 kBProgress (4): 3.9/15 MB | 59/129 kB | 93/250 kB | 68/73 kBProgress (4): 3.9/15 MB | 59/129 kB | 93/250 kB | 68/73 kBProgress (4): 3.9/15 MB | 59/129 kB | 97/250 kB | 68/73 kBProgress (4): 3.9/15 MB | 59/129 kB | 101/250 kB | 68/73 kBProgress (4): 3.9/15 MB | 59/129 kB | 101/250 kB | 68/73 kBProgress (4): 4.0/15 MB | 59/129 kB | 101/250 kB | 68/73 kBProgress (4): 4.0/15 MB | 59/129 kB | 101/250 kB | 68/73 kBProgress (4): 4.0/15 MB | 59/129 kB | 101/250 kB | 68/73 kBProgress (4): 4.0/15 MB | 63/129 kB | 101/250 kB | 68/73 kBProgress (4): 4.0/15 MB | 67/129 kB | 101/250 kB | 68/73 kBProgress (4): 4.0/15 MB | 67/129 kB | 101/250 kB | 68/73 kBProgress (4): 4.0/15 MB | 67/129 kB | 105/250 kB | 68/73 kBProgress (4): 4.0/15 MB | 72/129 kB | 105/250 kB | 68/73 kBProgress (4): 4.0/15 MB | 72/129 kB | 110/250 kB | 68/73 kBProgress (4): 4.0/15 MB | 76/129 kB | 110/250 kB | 68/73 kBProgress (4): 4.0/15 MB | 80/129 kB | 110/250 kB | 68/73 kBProgress (4): 4.0/15 MB | 80/129 kB | 114/250 kB | 68/73 kBProgress (4): 4.0/15 MB | 80/129 kB | 114/250 kB | 68/73 kBProgress (4): 4.0/15 MB | 84/129 kB | 114/250 kB | 68/73 kBProgress (4): 4.0/15 MB | 84/129 kB | 114/250 kB | 68/73 kBProgress (4): 4.1/15 MB | 84/129 kB | 114/250 kB | 68/73 kBProgress (4): 4.1/15 MB | 84/129 kB | 118/250 kB | 68/73 kBProgress (4): 4.1/15 MB | 84/129 kB | 118/250 kB | 68/73 kBProgress (4): 4.1/15 MB | 84/129 kB | 122/250 kB | 68/73 kBProgress (4): 4.1/15 MB | 84/129 kB | 127/250 kB | 68/73 kBProgress (4): 4.1/15 MB | 84/129 kB | 127/250 kB | 68/73 kBProgress (4): 4.1/15 MB | 84/129 kB | 127/250 kB | 68/73 kBProgress (4): 4.1/15 MB | 84/129 kB | 127/250 kB | 68/73 kBProgress (4): 4.1/15 MB | 84/129 kB | 127/250 kB | 68/73 kBProgress (4): 4.1/15 MB | 89/129 kB | 127/250 kB | 68/73 kBProgress (4): 4.1/15 MB | 89/129 kB | 131/250 kB | 68/73 kBProgress (4): 4.1/15 MB | 93/129 kB | 131/250 kB | 68/73 kBProgress (4): 4.1/15 MB | 97/129 kB | 131/250 kB | 68/73 kBProgress (4): 4.1/15 MB | 97/129 kB | 135/250 kB | 68/73 kBProgress (4): 4.2/15 MB | 97/129 kB | 135/250 kB | 68/73 kBProgress (4): 4.2/15 MB | 97/129 kB | 135/250 kB | 68/73 kBProgress (4): 4.2/15 MB | 97/129 kB | 139/250 kB | 68/73 kBProgress (4): 4.2/15 MB | 97/129 kB | 139/250 kB | 68/73 kBProgress (4): 4.2/15 MB | 97/129 kB | 143/250 kB | 68/73 kBProgress (4): 4.2/15 MB | 97/129 kB | 148/250 kB | 68/73 kBProgress (4): 4.2/15 MB | 97/129 kB | 148/250 kB | 68/73 kBProgress (4): 4.2/15 MB | 97/129 kB | 148/250 kB | 68/73 kBProgress (4): 4.2/15 MB | 97/129 kB | 148/250 kB | 68/73 kBProgress (4): 4.2/15 MB | 101/129 kB | 148/250 kB | 68/73 kBProgress (4): 4.3/15 MB | 101/129 kB | 148/250 kB | 68/73 kBProgress (4): 4.3/15 MB | 105/129 kB | 148/250 kB | 68/73 kBProgress (4): 4.3/15 MB | 110/129 kB | 148/250 kB | 68/73 kBProgress (4): 4.3/15 MB | 110/129 kB | 148/250 kB | 68/73 kBProgress (4): 4.3/15 MB | 110/129 kB | 148/250 kB | 68/73 kBProgress (4): 4.3/15 MB | 110/129 kB | 148/250 kB | 68/73 kBProgress (4): 4.3/15 MB | 110/129 kB | 148/250 kB | 68/73 kBProgress (4): 4.3/15 MB | 110/129 kB | 148/250 kB | 68/73 kBProgress (4): 4.4/15 MB | 110/129 kB | 148/250 kB | 68/73 kBProgress (4): 4.4/15 MB | 110/129 kB | 148/250 kB | 68/73 kBProgress (4): 4.4/15 MB | 110/129 kB | 148/250 kB | 68/73 kBProgress (4): 4.4/15 MB | 110/129 kB | 148/250 kB | 68/73 kBProgress (4): 4.4/15 MB | 110/129 kB | 148/250 kB | 68/73 kBProgress (4): 4.4/15 MB | 110/129 kB | 148/250 kB | 68/73 kBProgress (4): 4.4/15 MB | 110/129 kB | 148/250 kB | 68/73 kBProgress (4): 4.5/15 MB | 110/129 kB | 148/250 kB | 68/73 kBProgress (4): 4.5/15 MB | 110/129 kB | 148/250 kB | 68/73 kBProgress (4): 4.5/15 MB | 110/129 kB | 148/250 kB | 68/73 kBProgress (4): 4.5/15 MB | 110/129 kB | 148/250 kB | 68/73 kBProgress (4): 4.5/15 MB | 110/129 kB | 148/250 kB | 68/73 kBProgress (4): 4.5/15 MB | 110/129 kB | 148/250 kB | 72/73 kBProgress (4): 4.5/15 MB | 110/129 kB | 148/250 kB | 73 kB   Progress (4): 4.5/15 MB | 110/129 kB | 148/250 kB | 73 kBProgress (4): 4.5/15 MB | 110/129 kB | 148/250 kB | 73 kBProgress (5): 4.5/15 MB | 110/129 kB | 148/250 kB | 73 kB | 0.9/538 kBProgress (5): 4.5/15 MB | 110/129 kB | 148/250 kB | 73 kB | 2.3/538 kBProgress (5): 4.6/15 MB | 110/129 kB | 148/250 kB | 73 kB | 2.3/538 kB                                                                      Downloaded from central: https://repo.maven.apache.org/maven2/org/graalvm/sdk/word/25.3.4.1/word-25.3.4.1.jar (73 kB at 636 kB/s)
#20 6.910 Downloading from central: https://repo.maven.apache.org/maven2/org/graalvm/truffle/truffle-api/25.3.4.1/truffle-api-25.3.4.1.jar
#20 6.910 Progress (4): 4.6/15 MB | 110/129 kB | 148/250 kB | 3.6/538 kBProgress (4): 4.6/15 MB | 110/129 kB | 148/250 kB | 5.0/538 kBProgress (4): 4.6/15 MB | 110/129 kB | 148/250 kB | 6.4/538 kBProgress (4): 4.6/15 MB | 110/129 kB | 148/250 kB | 7.7/538 kBProgress (4): 4.6/15 MB | 110/129 kB | 148/250 kB | 9.1/538 kBProgress (4): 4.6/15 MB | 110/129 kB | 148/250 kB | 9.1/538 kBProgress (4): 4.6/15 MB | 110/129 kB | 148/250 kB | 10/538 kB Progress (4): 4.6/15 MB | 110/129 kB | 148/250 kB | 12/538 kBProgress (4): 4.6/15 MB | 110/129 kB | 148/250 kB | 13/538 kBProgress (4): 4.6/15 MB | 110/129 kB | 148/250 kB | 15/538 kBProgress (4): 4.6/15 MB | 110/129 kB | 148/250 kB | 16/538 kBProgress (4): 4.6/15 MB | 110/129 kB | 148/250 kB | 17/538 kBProgress (4): 4.6/15 MB | 110/129 kB | 148/250 kB | 17/538 kBProgress (4): 4.6/15 MB | 110/129 kB | 148/250 kB | 19/538 kBProgress (4): 4.6/15 MB | 110/129 kB | 148/250 kB | 20/538 kBProgress (4): 4.6/15 MB | 110/129 kB | 148/250 kB | 21/538 kBProgress (4): 4.6/15 MB | 110/129 kB | 148/250 kB | 23/538 kBProgress (4): 4.6/15 MB | 110/129 kB | 148/250 kB | 24/538 kBProgress (4): 4.6/15 MB | 110/129 kB | 148/250 kB | 25/538 kBProgress (4): 4.6/15 MB | 110/129 kB | 148/250 kB | 26/538 kBProgress (4): 4.6/15 MB | 110/129 kB | 148/250 kB | 27/538 kBProgress (4): 4.6/15 MB | 110/129 kB | 148/250 kB | 27/538 kBProgress (4): 4.6/15 MB | 110/129 kB | 148/250 kB | 29/538 kBProgress (4): 4.6/15 MB | 110/129 kB | 148/250 kB | 30/538 kBProgress (4): 4.6/15 MB | 110/129 kB | 148/250 kB | 31/538 kBProgress (4): 4.6/15 MB | 110/129 kB | 148/250 kB | 33/538 kBProgress (4): 4.6/15 MB | 110/129 kB | 148/250 kB | 34/538 kBProgress (4): 4.6/15 MB | 110/129 kB | 148/250 kB | 34/538 kBProgress (4): 4.6/15 MB | 110/129 kB | 148/250 kB | 36/538 kBProgress (4): 4.6/15 MB | 110/129 kB | 148/250 kB | 37/538 kBProgress (4): 4.6/15 MB | 110/129 kB | 148/250 kB | 38/538 kBProgress (4): 4.6/15 MB | 110/129 kB | 148/250 kB | 40/538 kBProgress (4): 4.6/15 MB | 110/129 kB | 148/250 kB | 40/538 kBProgress (4): 4.6/15 MB | 110/129 kB | 148/250 kB | 41/538 kBProgress (4): 4.6/15 MB | 110/129 kB | 148/250 kB | 42/538 kBProgress (4): 4.6/15 MB | 110/129 kB | 148/250 kB | 44/538 kBProgress (4): 4.6/15 MB | 110/129 kB | 148/250 kB | 45/538 kBProgress (4): 4.6/15 MB | 110/129 kB | 148/250 kB | 46/538 kBProgress (4): 4.7/15 MB | 110/129 kB | 148/250 kB | 46/538 kBProgress (4): 4.7/15 MB | 110/129 kB | 148/250 kB | 48/538 kBProgress (4): 4.7/15 MB | 110/129 kB | 148/250 kB | 49/538 kBProgress (4): 4.7/15 MB | 110/129 kB | 148/250 kB | 51/538 kBProgress (4): 4.7/15 MB | 110/129 kB | 148/250 kB | 52/538 kBProgress (4): 4.7/15 MB | 110/129 kB | 148/250 kB | 52/538 kBProgress (4): 4.7/15 MB | 110/129 kB | 148/250 kB | 56/538 kBProgress (4): 4.7/15 MB | 110/129 kB | 148/250 kB | 60/538 kBProgress (4): 4.7/15 MB | 110/129 kB | 148/250 kB | 65/538 kBProgress (4): 4.7/15 MB | 110/129 kB | 148/250 kB | 69/538 kBProgress (4): 4.7/15 MB | 110/129 kB | 148/250 kB | 69/538 kBProgress (4): 4.7/15 MB | 110/129 kB | 152/250 kB | 69/538 kBProgress (4): 4.7/15 MB | 110/129 kB | 156/250 kB | 69/538 kBProgress (4): 4.7/15 MB | 110/129 kB | 156/250 kB | 69/538 kBProgress (4): 4.7/15 MB | 110/129 kB | 160/250 kB | 69/538 kBProgress (4): 4.7/15 MB | 110/129 kB | 160/250 kB | 69/538 kBProgress (4): 4.7/15 MB | 110/129 kB | 165/250 kB | 69/538 kBProgress (4): 4.7/15 MB | 110/129 kB | 169/250 kB | 69/538 kBProgress (4): 4.7/15 MB | 110/129 kB | 169/250 kB | 69/538 kBProgress (4): 4.7/15 MB | 114/129 kB | 169/250 kB | 69/538 kBProgress (4): 4.7/15 MB | 118/129 kB | 169/250 kB | 69/538 kBProgress (4): 4.7/15 MB | 118/129 kB | 173/250 kB | 69/538 kBProgress (4): 4.7/15 MB | 118/129 kB | 173/250 kB | 69/538 kBProgress (4): 4.7/15 MB | 122/129 kB | 173/250 kB | 69/538 kBProgress (4): 4.7/15 MB | 122/129 kB | 177/250 kB | 69/538 kBProgress (4): 4.7/15 MB | 127/129 kB | 177/250 kB | 69/538 kBProgress (4): 4.7/15 MB | 127/129 kB | 181/250 kB | 69/538 kBProgress (4): 4.8/15 MB | 127/129 kB | 181/250 kB | 69/538 kBProgress (4): 4.8/15 MB | 129 kB | 181/250 kB | 69/538 kB    Progress (4): 4.8/15 MB | 129 kB | 186/250 kB | 69/538 kBProgress (4): 4.8/15 MB | 129 kB | 186/250 kB | 69/538 kB                                                         Downloaded from central: https://repo.maven.apache.org/maven2/org/graalvm/sdk/collections/25.3.4.1/collections-25.3.4.1.jar (129 kB at 1.1 MB/s)
#20 6.915 Progress (3): 4.8/15 MB | 186/250 kB | 69/538 kB                                                Downloading from central: https://repo.maven.apache.org/maven2/org/graalvm/sdk/jniutils/25.3.4.1/jniutils-25.3.4.1.jar
#20 6.915 Progress (3): 4.8/15 MB | 190/250 kB | 69/538 kBProgress (3): 4.8/15 MB | 190/250 kB | 69/538 kBProgress (3): 4.8/15 MB | 194/250 kB | 69/538 kBProgress (3): 4.8/15 MB | 198/250 kB | 69/538 kBProgress (3): 4.8/15 MB | 203/250 kB | 69/538 kBProgress (3): 4.8/15 MB | 203/250 kB | 69/538 kBProgress (3): 4.8/15 MB | 207/250 kB | 69/538 kBProgress (3): 4.8/15 MB | 211/250 kB | 69/538 kBProgress (3): 4.8/15 MB | 215/250 kB | 69/538 kBProgress (3): 4.8/15 MB | 219/250 kB | 69/538 kBProgress (3): 4.8/15 MB | 219/250 kB | 69/538 kBProgress (3): 4.9/15 MB | 219/250 kB | 69/538 kBProgress (3): 4.9/15 MB | 224/250 kB | 69/538 kBProgress (3): 4.9/15 MB | 224/250 kB | 69/538 kBProgress (3): 4.9/15 MB | 224/250 kB | 69/538 kBProgress (3): 4.9/15 MB | 224/250 kB | 69/538 kBProgress (3): 4.9/15 MB | 224/250 kB | 69/538 kBProgress (3): 4.9/15 MB | 224/250 kB | 69/538 kBProgress (3): 5.0/15 MB | 224/250 kB | 69/538 kBProgress (3): 5.0/15 MB | 224/250 kB | 69/538 kBProgress (3): 5.0/15 MB | 224/250 kB | 69/538 kBProgress (3): 5.0/15 MB | 224/250 kB | 69/538 kBProgress (3): 5.0/15 MB | 224/250 kB | 69/538 kBProgress (3): 5.0/15 MB | 224/250 kB | 69/538 kBProgress (3): 5.1/15 MB | 224/250 kB | 69/538 kBProgress (3): 5.1/15 MB | 224/250 kB | 69/538 kBProgress (3): 5.1/15 MB | 224/250 kB | 69/538 kBProgress (3): 5.1/15 MB | 240/250 kB | 69/538 kBProgress (3): 5.1/15 MB | 240/250 kB | 69/538 kBProgress (3): 5.1/15 MB | 250 kB | 69/538 kB    Progress (3): 5.1/15 MB | 250 kB | 69/538 kBProgress (3): 5.1/15 MB | 250 kB | 69/538 kBProgress (3): 5.2/15 MB | 250 kB | 69/538 kBProgress (3): 5.2/15 MB | 250 kB | 69/538 kB                                            Downloaded from central: https://repo.maven.apache.org/maven2/org/graalvm/sdk/nativeimage/25.3.4.1/nativeimage-25.3.4.1.jar (250 kB at 2.0 MB/s)
#20 6.919 Progress (2): 5.2/15 MB | 69/538 kB                                   Downloading from central: https://repo.maven.apache.org/maven2/org/graalvm/truffle/truffle-runtime/25.3.4.1/truffle-runtime-25.3.4.1.jar
#20 6.919 Progress (2): 5.2/15 MB | 69/538 kBProgress (2): 5.2/15 MB | 69/538 kBProgress (2): 5.2/15 MB | 69/538 kBProgress (2): 5.3/15 MB | 69/538 kBProgress (2): 5.3/15 MB | 69/538 kBProgress (2): 5.3/15 MB | 69/538 kBProgress (2): 5.3/15 MB | 69/538 kBProgress (2): 5.3/15 MB | 69/538 kBProgress (2): 5.3/15 MB | 69/538 kBProgress (2): 5.3/15 MB | 69/538 kBProgress (2): 5.4/15 MB | 69/538 kBProgress (2): 5.4/15 MB | 69/538 kBProgress (2): 5.4/15 MB | 69/538 kBProgress (2): 5.4/15 MB | 69/538 kBProgress (2): 5.4/15 MB | 69/538 kBProgress (2): 5.4/15 MB | 69/538 kBProgress (2): 5.4/15 MB | 69/538 kBProgress (2): 5.5/15 MB | 69/538 kBProgress (2): 5.5/15 MB | 69/538 kBProgress (2): 5.5/15 MB | 69/538 kBProgress (2): 5.5/15 MB | 69/538 kBProgress (2): 5.5/15 MB | 69/538 kBProgress (2): 5.5/15 MB | 69/538 kBProgress (2): 5.6/15 MB | 69/538 kBProgress (2): 5.6/15 MB | 69/538 kBProgress (2): 5.6/15 MB | 69/538 kBProgress (2): 5.6/15 MB | 69/538 kBProgress (2): 5.6/15 MB | 69/538 kBProgress (2): 5.6/15 MB | 69/538 kBProgress (2): 5.7/15 MB | 69/538 kBProgress (2): 5.7/15 MB | 69/538 kBProgress (2): 5.7/15 MB | 73/538 kBProgress (2): 5.7/15 MB | 73/538 kBProgress (2): 5.7/15 MB | 77/538 kBProgress (2): 5.7/15 MB | 77/538 kBProgress (2): 5.7/15 MB | 82/538 kBProgress (2): 5.7/15 MB | 82/538 kBProgress (2): 5.7/15 MB | 82/538 kBProgress (2): 5.8/15 MB | 82/538 kBProgress (2): 5.8/15 MB | 86/538 kBProgress (2): 5.8/15 MB | 86/538 kBProgress (2): 5.8/15 MB | 86/538 kBProgress (2): 5.8/15 MB | 90/538 kBProgress (2): 5.8/15 MB | 94/538 kBProgress (2): 5.8/15 MB | 94/538 kBProgress (2): 5.8/15 MB | 94/538 kBProgress (2): 5.8/15 MB | 94/538 kBProgress (2): 5.9/15 MB | 94/538 kBProgress (2): 5.9/15 MB | 94/538 kBProgress (2): 5.9/15 MB | 94/538 kBProgress (2): 5.9/15 MB | 94/538 kBProgress (2): 5.9/15 MB | 94/538 kBProgress (2): 5.9/15 MB | 94/538 kBProgress (2): 5.9/15 MB | 94/538 kBProgress (2): 5.9/15 MB | 98/538 kBProgress (2): 6.0/15 MB | 98/538 kBProgress (2): 6.0/15 MB | 103/538 kBProgress (2): 6.0/15 MB | 107/538 kBProgress (2): 6.0/15 MB | 107/538 kBProgress (2): 6.0/15 MB | 107/538 kBProgress (2): 6.0/15 MB | 107/538 kBProgress (2): 6.0/15 MB | 107/538 kBProgress (2): 6.0/15 MB | 107/538 kBProgress (2): 6.1/15 MB | 107/538 kBProgress (2): 6.1/15 MB | 107/538 kBProgress (2): 6.1/15 MB | 107/538 kBProgress (2): 6.1/15 MB | 107/538 kBProgress (2): 6.1/15 MB | 107/538 kBProgress (2): 6.1/15 MB | 107/538 kBProgress (2): 6.2/15 MB | 107/538 kBProgress (2): 6.2/15 MB | 107/538 kBProgress (2): 6.2/15 MB | 107/538 kBProgress (2): 6.2/15 MB | 107/538 kBProgress (2): 6.2/15 MB | 107/538 kBProgress (2): 6.2/15 MB | 107/538 kBProgress (2): 6.2/15 MB | 107/538 kBProgress (2): 6.3/15 MB | 107/538 kBProgress (2): 6.3/15 MB | 107/538 kBProgress (2): 6.3/15 MB | 107/538 kBProgress (2): 6.3/15 MB | 107/538 kBProgress (2): 6.3/15 MB | 107/538 kBProgress (2): 6.3/15 MB | 107/538 kBProgress (2): 6.4/15 MB | 107/538 kBProgress (2): 6.4/15 MB | 107/538 kBProgress (2): 6.4/15 MB | 107/538 kBProgress (2): 6.4/15 MB | 107/538 kBProgress (2): 6.4/15 MB | 107/538 kBProgress (2): 6.4/15 MB | 107/538 kBProgress (2): 6.5/15 MB | 107/538 kBProgress (2): 6.5/15 MB | 107/538 kBProgress (2): 6.5/15 MB | 107/538 kBProgress (2): 6.5/15 MB | 107/538 kBProgress (2): 6.5/15 MB | 107/538 kBProgress (2): 6.5/15 MB | 107/538 kBProgress (2): 6.5/15 MB | 107/538 kBProgress (2): 6.6/15 MB | 107/538 kBProgress (2): 6.6/15 MB | 107/538 kBProgress (2): 6.6/15 MB | 107/538 kBProgress (2): 6.6/15 MB | 107/538 kBProgress (2): 6.6/15 MB | 107/538 kBProgress (2): 6.6/15 MB | 107/538 kBProgress (2): 6.7/15 MB | 107/538 kBProgress (2): 6.7/15 MB | 107/538 kBProgress (2): 6.7/15 MB | 107/538 kBProgress (2): 6.7/15 MB | 107/538 kBProgress (2): 6.7/15 MB | 107/538 kBProgress (2): 6.7/15 MB | 107/538 kBProgress (2): 6.8/15 MB | 107/538 kBProgress (2): 6.8/15 MB | 107/538 kBProgress (2): 6.8/15 MB | 107/538 kBProgress (2): 6.8/15 MB | 107/538 kBProgress (2): 6.8/15 MB | 107/538 kBProgress (2): 6.8/15 MB | 107/538 kBProgress (2): 6.9/15 MB | 107/538 kBProgress (2): 6.9/15 MB | 107/538 kBProgress (2): 6.9/15 MB | 107/538 kBProgress (2): 6.9/15 MB | 107/538 kBProgress (2): 6.9/15 MB | 107/538 kBProgress (2): 6.9/15 MB | 107/538 kBProgress (2): 7.0/15 MB | 107/538 kBProgress (2): 7.0/15 MB | 107/538 kBProgress (2): 7.0/15 MB | 107/538 kBProgress (2): 7.0/15 MB | 107/538 kBProgress (2): 7.0/15 MB | 107/538 kBProgress (2): 7.0/15 MB | 107/538 kBProgress (2): 7.1/15 MB | 107/538 kBProgress (2): 7.1/15 MB | 107/538 kBProgress (2): 7.1/15 MB | 107/538 kBProgress (2): 7.1/15 MB | 107/538 kBProgress (2): 7.1/15 MB | 107/538 kBProgress (2): 7.1/15 MB | 107/538 kBProgress (2): 7.2/15 MB | 107/538 kBProgress (2): 7.2/15 MB | 107/538 kBProgress (2): 7.2/15 MB | 107/538 kBProgress (2): 7.2/15 MB | 107/538 kBProgress (2): 7.2/15 MB | 107/538 kBProgress (2): 7.2/15 MB | 107/538 kBProgress (2): 7.3/15 MB | 107/538 kBProgress (2): 7.3/15 MB | 107/538 kBProgress (2): 7.3/15 MB | 107/538 kBProgress (2): 7.3/15 MB | 107/538 kBProgress (2): 7.3/15 MB | 107/538 kBProgress (2): 7.3/15 MB | 107/538 kBProgress (2): 7.4/15 MB | 107/538 kBProgress (2): 7.4/15 MB | 107/538 kBProgress (2): 7.4/15 MB | 107/538 kBProgress (2): 7.4/15 MB | 107/538 kBProgress (2): 7.4/15 MB | 107/538 kBProgress (2): 7.4/15 MB | 107/538 kBProgress (2): 7.5/15 MB | 107/538 kBProgress (2): 7.5/15 MB | 107/538 kBProgress (2): 7.5/15 MB | 107/538 kBProgress (2): 7.5/15 MB | 107/538 kBProgress (2): 7.5/15 MB | 107/538 kBProgress (2): 7.5/15 MB | 107/538 kBProgress (2): 7.5/15 MB | 107/538 kBProgress (2): 7.6/15 MB | 107/538 kBProgress (2): 7.6/15 MB | 107/538 kBProgress (2): 7.6/15 MB | 107/538 kBProgress (2): 7.6/15 MB | 107/538 kBProgress (2): 7.6/15 MB | 107/538 kBProgress (2): 7.6/15 MB | 107/538 kBProgress (2): 7.6/15 MB | 107/538 kBProgress (2): 7.7/15 MB | 107/538 kBProgress (2): 7.7/15 MB | 107/538 kBProgress (2): 7.7/15 MB | 111/538 kBProgress (2): 7.7/15 MB | 111/538 kBProgress (2): 7.7/15 MB | 115/538 kBProgress (2): 7.7/15 MB | 115/538 kBProgress (2): 7.7/15 MB | 120/538 kBProgress (2): 7.7/15 MB | 124/538 kBProgress (2): 7.7/15 MB | 124/538 kBProgress (2): 7.7/15 MB | 124/538 kBProgress (2): 7.8/15 MB | 124/538 kBProgress (2): 7.8/15 MB | 124/538 kBProgress (2): 7.8/15 MB | 124/538 kBProgress (2): 7.8/15 MB | 124/538 kBProgress (2): 7.8/15 MB | 124/538 kBProgress (2): 7.8/15 MB | 128/538 kBProgress (2): 7.8/15 MB | 128/538 kBProgress (2): 7.8/15 MB | 132/538 kBProgress (2): 7.8/15 MB | 137/538 kBProgress (2): 7.9/15 MB | 137/538 kBProgress (2): 7.9/15 MB | 141/538 kBProgress (2): 7.9/15 MB | 141/538 kBProgress (2): 7.9/15 MB | 141/538 kBProgress (2): 7.9/15 MB | 141/538 kBProgress (2): 7.9/15 MB | 141/538 kBProgress (2): 7.9/15 MB | 141/538 kBProgress (2): 8.0/15 MB | 141/538 kBProgress (2): 8.0/15 MB | 141/538 kBProgress (2): 8.0/15 MB | 141/538 kBProgress (2): 8.0/15 MB | 141/538 kBProgress (2): 8.0/15 MB | 145/538 kBProgress (2): 8.0/15 MB | 149/538 kBProgress (2): 8.0/15 MB | 149/538 kBProgress (2): 8.0/15 MB | 153/538 kBProgress (2): 8.0/15 MB | 156/538 kBProgress (2): 8.0/15 MB | 156/538 kBProgress (2): 8.1/15 MB | 156/538 kBProgress (2): 8.1/15 MB | 156/538 kBProgress (2): 8.1/15 MB | 156/538 kBProgress (2): 8.1/15 MB | 156/538 kBProgress (2): 8.1/15 MB | 156/538 kBProgress (2): 8.1/15 MB | 156/538 kBProgress (2): 8.2/15 MB | 156/538 kBProgress (2): 8.2/15 MB | 156/538 kBProgress (2): 8.2/15 MB | 156/538 kBProgress (2): 8.2/15 MB | 156/538 kBProgress (2): 8.2/15 MB | 160/538 kBProgress (2): 8.2/15 MB | 160/538 kBProgress (2): 8.2/15 MB | 164/538 kBProgress (2): 8.2/15 MB | 168/538 kBProgress (2): 8.2/15 MB | 168/538 kBProgress (2): 8.2/15 MB | 173/538 kBProgress (2): 8.3/15 MB | 173/538 kBProgress (2): 8.3/15 MB | 173/538 kBProgress (2): 8.3/15 MB | 173/538 kBProgress (2): 8.3/15 MB | 173/538 kBProgress (2): 8.3/15 MB | 173/538 kBProgress (2): 8.3/15 MB | 173/538 kBProgress (2): 8.3/15 MB | 177/538 kBProgress (2): 8.3/15 MB | 177/538 kBProgress (2): 8.4/15 MB | 177/538 kBProgress (2): 8.4/15 MB | 177/538 kBProgress (2): 8.4/15 MB | 181/538 kBProgress (2): 8.4/15 MB | 181/538 kBProgress (2): 8.4/15 MB | 185/538 kBProgress (2): 8.4/15 MB | 189/538 kBProgress (2): 8.4/15 MB | 189/538 kBProgress (2): 8.4/15 MB | 189/538 kBProgress (2): 8.4/15 MB | 189/538 kBProgress (2): 8.5/15 MB | 189/538 kBProgress (2): 8.5/15 MB | 189/538 kBProgress (2): 8.5/15 MB | 189/538 kBProgress (2): 8.5/15 MB | 189/538 kBProgress (2): 8.5/15 MB | 194/538 kBProgress (2): 8.5/15 MB | 198/538 kBProgress (2): 8.5/15 MB | 198/538 kBProgress (2): 8.5/15 MB | 198/538 kBProgress (2): 8.6/15 MB | 198/538 kBProgress (2): 8.6/15 MB | 198/538 kBProgress (2): 8.6/15 MB | 198/538 kBProgress (2): 8.6/15 MB | 198/538 kBProgress (2): 8.6/15 MB | 198/538 kBProgress (2): 8.6/15 MB | 198/538 kBProgress (2): 8.7/15 MB | 198/538 kBProgress (2): 8.7/15 MB | 198/538 kBProgress (2): 8.7/15 MB | 198/538 kBProgress (2): 8.7/15 MB | 198/538 kBProgress (2): 8.7/15 MB | 198/538 kBProgress (2): 8.7/15 MB | 198/538 kBProgress (2): 8.8/15 MB | 198/538 kBProgress (2): 8.8/15 MB | 198/538 kBProgress (2): 8.8/15 MB | 198/538 kBProgress (2): 8.8/15 MB | 198/538 kBProgress (2): 8.8/15 MB | 198/538 kBProgress (2): 8.8/15 MB | 198/538 kBProgress (2): 8.9/15 MB | 198/538 kBProgress (3): 8.9/15 MB | 198/538 kB | 3.8/282 kBProgress (3): 8.9/15 MB | 198/538 kB | 3.8/282 kBProgress (3): 8.9/15 MB | 198/538 kB | 8.0/282 kBProgress (3): 8.9/15 MB | 198/538 kB | 12/282 kB Progress (3): 8.9/15 MB | 198/538 kB | 12/282 kBProgress (3): 8.9/15 MB | 198/538 kB | 16/282 kBProgress (3): 8.9/15 MB | 198/538 kB | 16/282 kBProgress (3): 8.9/15 MB | 198/538 kB | 16/282 kBProgress (3): 8.9/15 MB | 198/538 kB | 16/282 kBProgress (3): 9.0/15 MB | 198/538 kB | 16/282 kBProgress (3): 9.0/15 MB | 198/538 kB | 21/282 kBProgress (3): 9.0/15 MB | 198/538 kB | 25/282 kBProgress (3): 9.0/15 MB | 198/538 kB | 25/282 kBProgress (3): 9.0/15 MB | 198/538 kB | 29/282 kBProgress (3): 9.0/15 MB | 198/538 kB | 29/282 kBProgress (3): 9.0/15 MB | 198/538 kB | 29/282 kBProgress (3): 9.0/15 MB | 198/538 kB | 29/282 kBProgress (3): 9.0/15 MB | 198/538 kB | 29/282 kBProgress (3): 9.1/15 MB | 198/538 kB | 29/282 kBProgress (3): 9.1/15 MB | 198/538 kB | 29/282 kBProgress (3): 9.1/15 MB | 198/538 kB | 29/282 kBProgress (3): 9.1/15 MB | 198/538 kB | 29/282 kBProgress (3): 9.1/15 MB | 198/538 kB | 33/282 kBProgress (3): 9.1/15 MB | 198/538 kB | 38/282 kBProgress (3): 9.1/15 MB | 198/538 kB | 38/282 kBProgress (3): 9.1/15 MB | 198/538 kB | 42/282 kBProgress (3): 9.1/15 MB | 198/538 kB | 42/282 kBProgress (3): 9.2/15 MB | 198/538 kB | 42/282 kBProgress (3): 9.2/15 MB | 198/538 kB | 42/282 kBProgress (3): 9.2/15 MB | 198/538 kB | 42/282 kBProgress (3): 9.2/15 MB | 198/538 kB | 42/282 kBProgress (3): 9.2/15 MB | 198/538 kB | 42/282 kBProgress (3): 9.2/15 MB | 198/538 kB | 42/282 kBProgress (3): 9.3/15 MB | 198/538 kB | 42/282 kBProgress (3): 9.3/15 MB | 198/538 kB | 42/282 kBProgress (3): 9.3/15 MB | 198/538 kB | 46/282 kBProgress (3): 9.3/15 MB | 198/538 kB | 46/282 kBProgress (3): 9.3/15 MB | 198/538 kB | 50/282 kBProgress (3): 9.3/15 MB | 198/538 kB | 54/282 kBProgress (3): 9.3/15 MB | 198/538 kB | 59/282 kBProgress (3): 9.3/15 MB | 198/538 kB | 59/282 kBProgress (3): 9.3/15 MB | 198/538 kB | 59/282 kBProgress (3): 9.3/15 MB | 198/538 kB | 59/282 kBProgress (3): 9.3/15 MB | 198/538 kB | 59/282 kBProgress (3): 9.4/15 MB | 198/538 kB | 59/282 kBProgress (3): 9.4/15 MB | 198/538 kB | 59/282 kBProgress (3): 9.4/15 MB | 198/538 kB | 59/282 kBProgress (3): 9.4/15 MB | 198/538 kB | 59/282 kBProgress (3): 9.4/15 MB | 198/538 kB | 59/282 kBProgress (3): 9.4/15 MB | 198/538 kB | 59/282 kBProgress (3): 9.5/15 MB | 198/538 kB | 59/282 kBProgress (3): 9.5/15 MB | 198/538 kB | 59/282 kBProgress (3): 9.5/15 MB | 198/538 kB | 63/282 kBProgress (3): 9.5/15 MB | 198/538 kB | 67/282 kBProgress (3): 9.5/15 MB | 198/538 kB | 71/282 kBProgress (3): 9.5/15 MB | 198/538 kB | 71/282 kBProgress (3): 9.5/15 MB | 198/538 kB | 71/282 kBProgress (3): 9.5/15 MB | 198/538 kB | 71/282 kBProgress (3): 9.5/15 MB | 198/538 kB | 71/282 kBProgress (3): 9.6/15 MB | 198/538 kB | 71/282 kBProgress (3): 9.6/15 MB | 198/538 kB | 76/282 kBProgress (3): 9.6/15 MB | 198/538 kB | 80/282 kBProgress (3): 9.6/15 MB | 198/538 kB | 80/282 kBProgress (3): 9.6/15 MB | 198/538 kB | 80/282 kBProgress (3): 9.6/15 MB | 198/538 kB | 80/282 kBProgress (3): 9.6/15 MB | 198/538 kB | 80/282 kBProgress (3): 9.6/15 MB | 198/538 kB | 80/282 kBProgress (3): 9.7/15 MB | 198/538 kB | 80/282 kBProgress (3): 9.7/15 MB | 198/538 kB | 80/282 kBProgress (3): 9.7/15 MB | 198/538 kB | 80/282 kBProgress (3): 9.7/15 MB | 198/538 kB | 80/282 kBProgress (3): 9.7/15 MB | 198/538 kB | 80/282 kBProgress (4): 9.7/15 MB | 198/538 kB | 80/282 kB | 0/17 MBProgress (4): 9.7/15 MB | 198/538 kB | 80/282 kB | 0/17 MBProgress (4): 9.7/15 MB | 198/538 kB | 80/282 kB | 0/17 MBProgress (4): 9.7/15 MB | 198/538 kB | 80/282 kB | 0/17 MBProgress (4): 9.7/15 MB | 198/538 kB | 80/282 kB | 0/17 MBProgress (4): 9.8/15 MB | 198/538 kB | 80/282 kB | 0/17 MBProgress (4): 9.8/15 MB | 198/538 kB | 80/282 kB | 0/17 MBProgress (4): 9.8/15 MB | 198/538 kB | 80/282 kB | 0/17 MBProgress (4): 9.8/15 MB | 198/538 kB | 80/282 kB | 0/17 MBProgress (4): 9.8/15 MB | 198/538 kB | 80/282 kB | 0/17 MBProgress (4): 9.8/15 MB | 198/538 kB | 80/282 kB | 0/17 MBProgress (4): 9.8/15 MB | 198/538 kB | 80/282 kB | 0/17 MBProgress (4): 9.9/15 MB | 198/538 kB | 80/282 kB | 0/17 MBProgress (4): 9.9/15 MB | 198/538 kB | 80/282 kB | 0/17 MBProgress (4): 9.9/15 MB | 198/538 kB | 80/282 kB | 0/17 MBProgress (4): 9.9/15 MB | 198/538 kB | 80/282 kB | 0/17 MBProgress (4): 9.9/15 MB | 198/538 kB | 80/282 kB | 0/17 MBProgress (4): 9.9/15 MB | 202/538 kB | 80/282 kB | 0/17 MBProgress (4): 9.9/15 MB | 206/538 kB | 80/282 kB | 0/17 MBProgress (4): 9.9/15 MB | 206/538 kB | 80/282 kB | 0/17 MBProgress (4): 9.9/15 MB | 211/538 kB | 80/282 kB | 0/17 MBProgress (4): 9.9/15 MB | 215/538 kB | 80/282 kB | 0/17 MBProgress (4): 9.9/15 MB | 215/538 kB | 80/282 kB | 0/17 MBProgress (4): 9.9/15 MB | 215/538 kB | 80/282 kB | 0/17 MBProgress (4): 10.0/15 MB | 215/538 kB | 80/282 kB | 0/17 MBProgress (4): 10.0/15 MB | 215/538 kB | 80/282 kB | 0/17 MBProgress (4): 10.0/15 MB | 219/538 kB | 80/282 kB | 0/17 MBProgress (4): 10.0/15 MB | 219/538 kB | 80/282 kB | 0/17 MBProgress (4): 10/15 MB | 219/538 kB | 80/282 kB | 0/17 MB  Progress (4): 10/15 MB | 219/538 kB | 80/282 kB | 0/17 MBProgress (4): 10/15 MB | 219/538 kB | 80/282 kB | 0/17 MBProgress (4): 10/15 MB | 219/538 kB | 80/282 kB | 0/17 MBProgress (4): 10/15 MB | 219/538 kB | 80/282 kB | 0/17 MBProgress (4): 10/15 MB | 219/538 kB | 80/282 kB | 0/17 MBProgress (4): 10/15 MB | 219/538 kB | 80/282 kB | 0/17 MBProgress (4): 10/15 MB | 219/538 kB | 80/282 kB | 0/17 MBProgress (4): 10/15 MB | 219/538 kB | 80/282 kB | 0/17 MBProgress (4): 10/15 MB | 219/538 kB | 80/282 kB | 0/17 MBProgress (4): 10/15 MB | 219/538 kB | 80/282 kB | 0/17 MBProgress (4): 10/15 MB | 219/538 kB | 80/282 kB | 0/17 MBProgress (4): 10/15 MB | 219/538 kB | 80/282 kB | 0/17 MBProgress (4): 10/15 MB | 235/538 kB | 80/282 kB | 0/17 MBProgress (4): 10/15 MB | 235/538 kB | 80/282 kB | 0/17 MBProgress (4): 10/15 MB | 235/538 kB | 80/282 kB | 0/17 MBProgress (4): 10/15 MB | 235/538 kB | 80/282 kB | 0/17 MBProgress (4): 10/15 MB | 235/538 kB | 80/282 kB | 0/17 MBProgress (4): 10/15 MB | 235/538 kB | 80/282 kB | 0/17 MBProgress (4): 10/15 MB | 235/538 kB | 80/282 kB | 0/17 MBProgress (4): 10/15 MB | 235/538 kB | 80/282 kB | 0/17 MBProgress (4): 10/15 MB | 235/538 kB | 80/282 kB | 0/17 MBProgress (4): 10/15 MB | 235/538 kB | 80/282 kB | 0/17 MBProgress (4): 10/15 MB | 235/538 kB | 80/282 kB | 0/17 MBProgress (4): 10/15 MB | 235/538 kB | 80/282 kB | 0/17 MBProgress (4): 10/15 MB | 235/538 kB | 80/282 kB | 0/17 MBProgress (4): 10/15 MB | 235/538 kB | 80/282 kB | 0/17 MBProgress (4): 10/15 MB | 235/538 kB | 80/282 kB | 0/17 MBProgress (4): 10/15 MB | 252/538 kB | 80/282 kB | 0/17 MBProgress (4): 10/15 MB | 252/538 kB | 80/282 kB | 0/17 MBProgress (4): 10/15 MB | 252/538 kB | 80/282 kB | 0/17 MBProgress (5): 10/15 MB | 252/538 kB | 80/282 kB | 0/17 MB | 7.7/936 kBProgress (5): 10/15 MB | 252/538 kB | 80/282 kB | 0/17 MB | 7.7/936 kBProgress (5): 10/15 MB | 252/538 kB | 80/282 kB | 0/17 MB | 16/936 kB Progress (5): 10/15 MB | 252/538 kB | 80/282 kB | 0/17 MB | 16/936 kBProgress (5): 10/15 MB | 252/538 kB | 80/282 kB | 0/17 MB | 16/936 kBProgress (5): 10/15 MB | 252/538 kB | 80/282 kB | 0/17 MB | 16/936 kBProgress (5): 10/15 MB | 252/538 kB | 80/282 kB | 0/17 MB | 29/936 kBProgress (5): 10/15 MB | 252/538 kB | 80/282 kB | 0/17 MB | 29/936 kBProgress (5): 10/15 MB | 252/538 kB | 80/282 kB | 0.1/17 MB | 29/936 kBProgress (5): 10/15 MB | 252/538 kB | 80/282 kB | 0.1/17 MB | 29/936 kBProgress (5): 10/15 MB | 252/538 kB | 80/282 kB | 0.1/17 MB | 29/936 kBProgress (5): 10/15 MB | 252/538 kB | 80/282 kB | 0.1/17 MB | 29/936 kBProgress (5): 11/15 MB | 252/538 kB | 80/282 kB | 0.1/17 MB | 29/936 kBProgress (5): 11/15 MB | 252/538 kB | 80/282 kB | 0.1/17 MB | 29/936 kBProgress (5): 11/15 MB | 252/538 kB | 80/282 kB | 0.1/17 MB | 29/936 kBProgress (5): 11/15 MB | 252/538 kB | 80/282 kB | 0.1/17 MB | 29/936 kBProgress (5): 11/15 MB | 252/538 kB | 80/282 kB | 0.1/17 MB | 29/936 kBProgress (5): 11/15 MB | 268/538 kB | 80/282 kB | 0.1/17 MB | 29/936 kBProgress (5): 11/15 MB | 268/538 kB | 80/282 kB | 0.1/17 MB | 29/936 kBProgress (5): 11/15 MB | 268/538 kB | 80/282 kB | 0.1/17 MB | 45/936 kBProgress (5): 11/15 MB | 268/538 kB | 80/282 kB | 0.1/17 MB | 45/936 kBProgress (5): 11/15 MB | 268/538 kB | 80/282 kB | 0.1/17 MB | 45/936 kBProgress (5): 11/15 MB | 268/538 kB | 80/282 kB | 0.1/17 MB | 45/936 kBProgress (5): 11/15 MB | 268/538 kB | 80/282 kB | 0.1/17 MB | 45/936 kBProgress (5): 11/15 MB | 268/538 kB | 80/282 kB | 0.1/17 MB | 45/936 kBProgress (5): 11/15 MB | 268/538 kB | 80/282 kB | 0.1/17 MB | 45/936 kBProgress (5): 11/15 MB | 268/538 kB | 80/282 kB | 0.1/17 MB | 45/936 kBProgress (5): 11/15 MB | 268/538 kB | 80/282 kB | 0.1/17 MB | 45/936 kBProgress (5): 11/15 MB | 268/538 kB | 80/282 kB | 0.1/17 MB | 45/936 kBProgress (5): 11/15 MB | 268/538 kB | 80/282 kB | 0.1/17 MB | 45/936 kBProgress (5): 11/15 MB | 268/538 kB | 80/282 kB | 0.1/17 MB | 45/936 kBProgress (5): 11/15 MB | 268/538 kB | 80/282 kB | 0.1/17 MB | 45/936 kBProgress (5): 11/15 MB | 285/538 kB | 80/282 kB | 0.1/17 MB | 45/936 kBProgress (5): 11/15 MB | 287/538 kB | 80/282 kB | 0.1/17 MB | 45/936 kBProgress (5): 11/15 MB | 287/538 kB | 80/282 kB | 0.1/17 MB | 45/936 kBProgress (5): 11/15 MB | 287/538 kB | 80/282 kB | 0.1/17 MB | 61/936 kBProgress (5): 11/15 MB | 287/538 kB | 80/282 kB | 0.1/17 MB | 61/936 kBProgress (5): 11/15 MB | 287/538 kB | 80/282 kB | 0.1/17 MB | 61/936 kBProgress (5): 11/15 MB | 287/538 kB | 80/282 kB | 0.1/17 MB | 61/936 kBProgress (5): 11/15 MB | 287/538 kB | 80/282 kB | 0.1/17 MB | 61/936 kBProgress (5): 11/15 MB | 287/538 kB | 80/282 kB | 0.1/17 MB | 61/936 kBProgress (5): 11/15 MB | 287/538 kB | 80/282 kB | 0.1/17 MB | 61/936 kBProgress (5): 11/15 MB | 287/538 kB | 80/282 kB | 0.1/17 MB | 61/936 kBProgress (5): 11/15 MB | 287/538 kB | 80/282 kB | 0.1/17 MB | 61/936 kBProgress (5): 11/15 MB | 287/538 kB | 80/282 kB | 0.1/17 MB | 61/936 kBProgress (5): 11/15 MB | 287/538 kB | 80/282 kB | 0.1/17 MB | 61/936 kBProgress (5): 11/15 MB | 303/538 kB | 80/282 kB | 0.1/17 MB | 61/936 kBProgress (5): 11/15 MB | 303/538 kB | 80/282 kB | 0.1/17 MB | 61/936 kBProgress (5): 11/15 MB | 303/538 kB | 80/282 kB | 0.1/17 MB | 61/936 kBProgress (5): 11/15 MB | 303/538 kB | 80/282 kB | 0.1/17 MB | 61/936 kBProgress (5): 11/15 MB | 303/538 kB | 80/282 kB | 0.1/17 MB | 61/936 kBProgress (5): 11/15 MB | 303/538 kB | 80/282 kB | 0.1/17 MB | 61/936 kBProgress (5): 11/15 MB | 303/538 kB | 80/282 kB | 0.1/17 MB | 78/936 kBProgress (5): 11/15 MB | 303/538 kB | 80/282 kB | 0.1/17 MB | 78/936 kBProgress (5): 11/15 MB | 303/538 kB | 80/282 kB | 0.1/17 MB | 78/936 kBProgress (5): 11/15 MB | 303/538 kB | 80/282 kB | 0.1/17 MB | 78/936 kBProgress (5): 11/15 MB | 303/538 kB | 80/282 kB | 0.1/17 MB | 78/936 kBProgress (5): 11/15 MB | 303/538 kB | 80/282 kB | 0.1/17 MB | 78/936 kBProgress (5): 11/15 MB | 303/538 kB | 80/282 kB | 0.1/17 MB | 78/936 kBProgress (5): 11/15 MB | 303/538 kB | 80/282 kB | 0.1/17 MB | 78/936 kBProgress (5): 11/15 MB | 319/538 kB | 80/282 kB | 0.1/17 MB | 78/936 kBProgress (5): 11/15 MB | 319/538 kB | 80/282 kB | 0.1/17 MB | 78/936 kBProgress (5): 11/15 MB | 319/538 kB | 80/282 kB | 0.1/17 MB | 78/936 kBProgress (5): 11/15 MB | 319/538 kB | 80/282 kB | 0.1/17 MB | 94/936 kBProgress (5): 11/15 MB | 319/538 kB | 80/282 kB | 0.1/17 MB | 94/936 kBProgress (5): 11/15 MB | 319/538 kB | 80/282 kB | 0.1/17 MB | 94/936 kBProgress (5): 11/15 MB | 319/538 kB | 80/282 kB | 0.1/17 MB | 94/936 kBProgress (5): 11/15 MB | 319/538 kB | 80/282 kB | 0.1/17 MB | 94/936 kBProgress (5): 11/15 MB | 319/538 kB | 80/282 kB | 0.1/17 MB | 94/936 kBProgress (5): 11/15 MB | 319/538 kB | 80/282 kB | 0.1/17 MB | 94/936 kBProgress (5): 11/15 MB | 319/538 kB | 80/282 kB | 0.1/17 MB | 94/936 kBProgress (5): 11/15 MB | 319/538 kB | 80/282 kB | 0.1/17 MB | 94/936 kBProgress (5): 11/15 MB | 319/538 kB | 80/282 kB | 0.1/17 MB | 94/936 kBProgress (5): 11/15 MB | 319/538 kB | 80/282 kB | 0.1/17 MB | 94/936 kBProgress (5): 11/15 MB | 319/538 kB | 80/282 kB | 0.1/17 MB | 94/936 kBProgress (5): 11/15 MB | 319/538 kB | 80/282 kB | 0.1/17 MB | 94/936 kBProgress (5): 11/15 MB | 319/538 kB | 80/282 kB | 0.1/17 MB | 94/936 kBProgress (5): 11/15 MB | 336/538 kB | 80/282 kB | 0.1/17 MB | 94/936 kBProgress (5): 11/15 MB | 336/538 kB | 80/282 kB | 0.1/17 MB | 94/936 kBProgress (5): 11/15 MB | 336/538 kB | 80/282 kB | 0.1/17 MB | 111/936 kBProgress (5): 11/15 MB | 336/538 kB | 80/282 kB | 0.1/17 MB | 111/936 kBProgress (5): 11/15 MB | 336/538 kB | 80/282 kB | 0.1/17 MB | 111/936 kBProgress (5): 11/15 MB | 336/538 kB | 80/282 kB | 0.1/17 MB | 111/936 kBProgress (5): 11/15 MB | 336/538 kB | 80/282 kB | 0.1/17 MB | 111/936 kBProgress (5): 11/15 MB | 336/538 kB | 80/282 kB | 0.1/17 MB | 111/936 kBProgress (5): 11/15 MB | 336/538 kB | 80/282 kB | 0.1/17 MB | 111/936 kBProgress (5): 11/15 MB | 336/538 kB | 80/282 kB | 0.1/17 MB | 111/936 kBProgress (5): 11/15 MB | 336/538 kB | 80/282 kB | 0.1/17 MB | 111/936 kBProgress (5): 11/15 MB | 336/538 kB | 80/282 kB | 0.1/17 MB | 111/936 kBProgress (5): 11/15 MB | 336/538 kB | 80/282 kB | 0.1/17 MB | 111/936 kBProgress (5): 11/15 MB | 352/538 kB | 80/282 kB | 0.1/17 MB | 111/936 kBProgress (5): 11/15 MB | 352/538 kB | 80/282 kB | 0.1/17 MB | 111/936 kBProgress (5): 11/15 MB | 352/538 kB | 80/282 kB | 0.1/17 MB | 111/936 kBProgress (5): 11/15 MB | 352/538 kB | 80/282 kB | 0.1/17 MB | 111/936 kBProgress (5): 12/15 MB | 352/538 kB | 80/282 kB | 0.1/17 MB | 111/936 kBProgress (5): 12/15 MB | 352/538 kB | 80/282 kB | 0.1/17 MB | 111/936 kBProgress (5): 12/15 MB | 352/538 kB | 80/282 kB | 0.1/17 MB | 127/936 kBProgress (5): 12/15 MB | 352/538 kB | 80/282 kB | 0.1/17 MB | 127/936 kBProgress (5): 12/15 MB | 352/538 kB | 80/282 kB | 0.1/17 MB | 131/936 kBProgress (5): 12/15 MB | 352/538 kB | 80/282 kB | 0.1/17 MB | 131/936 kBProgress (5): 12/15 MB | 352/538 kB | 80/282 kB | 0.1/17 MB | 131/936 kBProgress (5): 12/15 MB | 352/538 kB | 80/282 kB | 0.1/17 MB | 131/936 kBProgress (5): 12/15 MB | 352/538 kB | 80/282 kB | 0.1/17 MB | 131/936 kBProgress (5): 12/15 MB | 352/538 kB | 84/282 kB | 0.1/17 MB | 131/936 kBProgress (5): 12/15 MB | 352/538 kB | 84/282 kB | 0.1/17 MB | 131/936 kBProgress (5): 12/15 MB | 352/538 kB | 88/282 kB | 0.1/17 MB | 131/936 kBProgress (5): 12/15 MB | 352/538 kB | 88/282 kB | 0.1/17 MB | 131/936 kBProgress (5): 12/15 MB | 352/538 kB | 93/282 kB | 0.1/17 MB | 131/936 kBProgress (5): 12/15 MB | 352/538 kB | 93/282 kB | 0.1/17 MB | 131/936 kBProgress (5): 12/15 MB | 369/538 kB | 93/282 kB | 0.1/17 MB | 131/936 kBProgress (5): 12/15 MB | 369/538 kB | 93/282 kB | 0.1/17 MB | 131/936 kBProgress (5): 12/15 MB | 369/538 kB | 93/282 kB | 0.1/17 MB | 131/936 kBProgress (5): 12/15 MB | 369/538 kB | 93/282 kB | 0.1/17 MB | 131/936 kBProgress (5): 12/15 MB | 369/538 kB | 93/282 kB | 0.1/17 MB | 131/936 kBProgress (5): 12/15 MB | 369/538 kB | 93/282 kB | 0.1/17 MB | 131/936 kBProgress (5): 12/15 MB | 369/538 kB | 93/282 kB | 0.1/17 MB | 131/936 kBProgress (5): 12/15 MB | 369/538 kB | 93/282 kB | 0.1/17 MB | 131/936 kBProgress (5): 12/15 MB | 369/538 kB | 93/282 kB | 0.1/17 MB | 131/936 kBProgress (5): 12/15 MB | 369/538 kB | 93/282 kB | 0.1/17 MB | 131/936 kBProgress (5): 12/15 MB | 369/538 kB | 93/282 kB | 0.1/17 MB | 131/936 kBProgress (5): 12/15 MB | 369/538 kB | 93/282 kB | 0.1/17 MB | 131/936 kBProgress (5): 12/15 MB | 369/538 kB | 93/282 kB | 0.1/17 MB | 131/936 kBProgress (5): 12/15 MB | 369/538 kB | 93/282 kB | 0.1/17 MB | 131/936 kBProgress (5): 12/15 MB | 369/538 kB | 93/282 kB | 0.1/17 MB | 131/936 kBProgress (5): 12/15 MB | 369/538 kB | 93/282 kB | 0.1/17 MB | 131/936 kBProgress (5): 12/15 MB | 369/538 kB | 93/282 kB | 0.1/17 MB | 131/936 kBProgress (5): 12/15 MB | 369/538 kB | 93/282 kB | 0.1/17 MB | 131/936 kBProgress (5): 12/15 MB | 369/538 kB | 93/282 kB | 0.1/17 MB | 131/936 kBProgress (5): 12/15 MB | 369/538 kB | 109/282 kB | 0.1/17 MB | 131/936 kBProgress (5): 12/15 MB | 369/538 kB | 109/282 kB | 0.1/17 MB | 131/936 kBProgress (5): 12/15 MB | 369/538 kB | 109/282 kB | 0.1/17 MB | 131/936 kBProgress (5): 12/15 MB | 369/538 kB | 109/282 kB | 0.1/17 MB | 131/936 kBProgress (5): 12/15 MB | 369/538 kB | 109/282 kB | 0.1/17 MB | 131/936 kBProgress (5): 12/15 MB | 369/538 kB | 109/282 kB | 0.1/17 MB | 131/936 kBProgress (5): 12/15 MB | 369/538 kB | 109/282 kB | 0.1/17 MB | 131/936 kBProgress (5): 12/15 MB | 369/538 kB | 109/282 kB | 0.1/17 MB | 131/936 kBProgress (5): 12/15 MB | 369/538 kB | 109/282 kB | 0.1/17 MB | 131/936 kBProgress (5): 12/15 MB | 369/538 kB | 109/282 kB | 0.1/17 MB | 131/936 kBProgress (5): 12/15 MB | 369/538 kB | 109/282 kB | 0.1/17 MB | 131/936 kBProgress (5): 12/15 MB | 369/538 kB | 109/282 kB | 0.1/17 MB | 131/936 kBProgress (5): 12/15 MB | 369/538 kB | 109/282 kB | 0.1/17 MB | 131/936 kBProgress (5): 12/15 MB | 369/538 kB | 109/282 kB | 0.1/17 MB | 131/936 kBProgress (5): 12/15 MB | 369/538 kB | 109/282 kB | 0.1/17 MB | 131/936 kBProgress (5): 12/15 MB | 369/538 kB | 109/282 kB | 0.1/17 MB | 131/936 kBProgress (5): 12/15 MB | 369/538 kB | 109/282 kB | 0.1/17 MB | 131/936 kBProgress (5): 12/15 MB | 369/538 kB | 109/282 kB | 0.1/17 MB | 131/936 kBProgress (5): 12/15 MB | 369/538 kB | 109/282 kB | 0.1/17 MB | 131/936 kBProgress (5): 12/15 MB | 369/538 kB | 109/282 kB | 0.1/17 MB | 131/936 kBProgress (5): 12/15 MB | 369/538 kB | 109/282 kB | 0.1/17 MB | 131/936 kBProgress (5): 12/15 MB | 369/538 kB | 109/282 kB | 0.1/17 MB | 131/936 kBProgress (5): 12/15 MB | 369/538 kB | 109/282 kB | 0.1/17 MB | 131/936 kBProgress (5): 12/15 MB | 369/538 kB | 109/282 kB | 0.1/17 MB | 131/936 kBProgress (5): 12/15 MB | 369/538 kB | 109/282 kB | 0.1/17 MB | 131/936 kBProgress (5): 12/15 MB | 369/538 kB | 109/282 kB | 0.1/17 MB | 131/936 kBProgress (5): 12/15 MB | 369/538 kB | 109/282 kB | 0.1/17 MB | 131/936 kBProgress (5): 12/15 MB | 369/538 kB | 109/282 kB | 0.1/17 MB | 131/936 kBProgress (5): 12/15 MB | 369/538 kB | 109/282 kB | 0.1/17 MB | 131/936 kBProgress (5): 12/15 MB | 369/538 kB | 109/282 kB | 0.1/17 MB | 131/936 kBProgress (5): 12/15 MB | 369/538 kB | 109/282 kB | 0.1/17 MB | 131/936 kBProgress (5): 12/15 MB | 369/538 kB | 109/282 kB | 0.1/17 MB | 131/936 kBProgress (5): 12/15 MB | 369/538 kB | 109/282 kB | 0.1/17 MB | 131/936 kBProgress (5): 12/15 MB | 369/538 kB | 109/282 kB | 0.1/17 MB | 131/936 kBProgress (5): 12/15 MB | 369/538 kB | 109/282 kB | 0.1/17 MB | 131/936 kBProgress (5): 12/15 MB | 369/538 kB | 109/282 kB | 0.1/17 MB | 131/936 kBProgress (5): 12/15 MB | 369/538 kB | 109/282 kB | 0.1/17 MB | 131/936 kBProgress (5): 12/15 MB | 369/538 kB | 109/282 kB | 0.1/17 MB | 131/936 kBProgress (5): 12/15 MB | 369/538 kB | 109/282 kB | 0.1/17 MB | 131/936 kBProgress (5): 12/15 MB | 369/538 kB | 109/282 kB | 0.1/17 MB | 131/936 kBProgress (5): 13/15 MB | 369/538 kB | 109/282 kB | 0.1/17 MB | 131/936 kBProgress (5): 13/15 MB | 369/538 kB | 109/282 kB | 0.1/17 MB | 131/936 kBProgress (5): 13/15 MB | 369/538 kB | 109/282 kB | 0.1/17 MB | 131/936 kBProgress (5): 13/15 MB | 369/538 kB | 109/282 kB | 0.1/17 MB | 131/936 kBProgress (5): 13/15 MB | 369/538 kB | 109/282 kB | 0.1/17 MB | 131/936 kBProgress (5): 13/15 MB | 369/538 kB | 109/282 kB | 0.1/17 MB | 131/936 kBProgress (5): 13/15 MB | 369/538 kB | 109/282 kB | 0.1/17 MB | 131/936 kBProgress (5): 13/15 MB | 369/538 kB | 109/282 kB | 0.1/17 MB | 131/936 kBProgress (5): 13/15 MB | 369/538 kB | 109/282 kB | 0.1/17 MB | 131/936 kBProgress (5): 13/15 MB | 369/538 kB | 109/282 kB | 0.1/17 MB | 131/936 kBProgress (5): 13/15 MB | 369/538 kB | 109/282 kB | 0.1/17 MB | 131/936 kBProgress (5): 13/15 MB | 369/538 kB | 109/282 kB | 0.1/17 MB | 131/936 kBProgress (5): 13/15 MB | 369/538 kB | 109/282 kB | 0.1/17 MB | 131/936 kBProgress (5): 13/15 MB | 369/538 kB | 109/282 kB | 0.1/17 MB | 131/936 kBProgress (5): 13/15 MB | 369/538 kB | 109/282 kB | 0.1/17 MB | 131/936 kBProgress (5): 13/15 MB | 369/538 kB | 109/282 kB | 0.1/17 MB | 131/936 kBProgress (5): 13/15 MB | 369/538 kB | 109/282 kB | 0.1/17 MB | 131/936 kBProgress (5): 13/15 MB | 369/538 kB | 109/282 kB | 0.1/17 MB | 131/936 kBProgress (5): 13/15 MB | 369/538 kB | 109/282 kB | 0.1/17 MB | 131/936 kBProgress (5): 13/15 MB | 369/538 kB | 109/282 kB | 0.1/17 MB | 131/936 kBProgress (5): 13/15 MB | 369/538 kB | 109/282 kB | 0.1/17 MB | 131/936 kBProgress (5): 13/15 MB | 369/538 kB | 109/282 kB | 0.1/17 MB | 131/936 kBProgress (5): 13/15 MB | 369/538 kB | 109/282 kB | 0.1/17 MB | 131/936 kBProgress (5): 13/15 MB | 369/538 kB | 109/282 kB | 0.1/17 MB | 131/936 kBProgress (5): 13/15 MB | 369/538 kB | 109/282 kB | 0.1/17 MB | 131/936 kBProgress (5): 13/15 MB | 369/538 kB | 109/282 kB | 0.1/17 MB | 131/936 kBProgress (5): 13/15 MB | 369/538 kB | 109/282 kB | 0.1/17 MB | 131/936 kBProgress (5): 13/15 MB | 369/538 kB | 109/282 kB | 0.1/17 MB | 131/936 kBProgress (5): 13/15 MB | 369/538 kB | 109/282 kB | 0.1/17 MB | 131/936 kBProgress (5): 13/15 MB | 369/538 kB | 109/282 kB | 0.1/17 MB | 131/936 kBProgress (5): 13/15 MB | 369/538 kB | 109/282 kB | 0.1/17 MB | 131/936 kBProgress (5): 13/15 MB | 369/538 kB | 109/282 kB | 0.1/17 MB | 131/936 kBProgress (5): 13/15 MB | 369/538 kB | 109/282 kB | 0.1/17 MB | 131/936 kBProgress (5): 13/15 MB | 369/538 kB | 109/282 kB | 0.1/17 MB | 131/936 kBProgress (5): 13/15 MB | 369/538 kB | 109/282 kB | 0.1/17 MB | 131/936 kBProgress (5): 13/15 MB | 369/538 kB | 109/282 kB | 0.1/17 MB | 131/936 kBProgress (5): 13/15 MB | 369/538 kB | 109/282 kB | 0.1/17 MB | 131/936 kBProgress (5): 13/15 MB | 369/538 kB | 109/282 kB | 0.1/17 MB | 131/936 kBProgress (5): 13/15 MB | 369/538 kB | 109/282 kB | 0.1/17 MB | 131/936 kBProgress (5): 13/15 MB | 369/538 kB | 109/282 kB | 0.1/17 MB | 131/936 kBProgress (5): 13/15 MB | 369/538 kB | 109/282 kB | 0.1/17 MB | 131/936 kBProgress (5): 13/15 MB | 369/538 kB | 109/282 kB | 0.1/17 MB | 131/936 kBProgress (5): 13/15 MB | 369/538 kB | 109/282 kB | 0.1/17 MB | 131/936 kBProgress (5): 13/15 MB | 369/538 kB | 109/282 kB | 0.1/17 MB | 131/936 kBProgress (5): 13/15 MB | 369/538 kB | 109/282 kB | 0.1/17 MB | 131/936 kBProgress (5): 13/15 MB | 369/538 kB | 125/282 kB | 0.1/17 MB | 131/936 kBProgress (5): 13/15 MB | 369/538 kB | 125/282 kB | 0.1/17 MB | 131/936 kBProgress (5): 13/15 MB | 369/538 kB | 131/282 kB | 0.1/17 MB | 131/936 kBProgress (5): 13/15 MB | 369/538 kB | 131/282 kB | 0.1/17 MB | 131/936 kBProgress (5): 13/15 MB | 369/538 kB | 147/282 kB | 0.1/17 MB | 131/936 kBProgress (5): 13/15 MB | 369/538 kB | 147/282 kB | 0.1/17 MB | 131/936 kBProgress (5): 13/15 MB | 369/538 kB | 147/282 kB | 0.1/17 MB | 131/936 kBProgress (5): 13/15 MB | 369/538 kB | 163/282 kB | 0.1/17 MB | 131/936 kBProgress (5): 13/15 MB | 369/538 kB | 163/282 kB | 0.1/17 MB | 131/936 kBProgress (5): 13/15 MB | 369/538 kB | 180/282 kB | 0.1/17 MB | 131/936 kBProgress (5): 13/15 MB | 369/538 kB | 180/282 kB | 0.1/17 MB | 131/936 kBProgress (5): 13/15 MB | 369/538 kB | 196/282 kB | 0.1/17 MB | 131/936 kBProgress (5): 13/15 MB | 369/538 kB | 196/282 kB | 0.1/17 MB | 131/936 kBProgress (5): 13/15 MB | 369/538 kB | 196/282 kB | 0.1/17 MB | 131/936 kBProgress (5): 13/15 MB | 385/538 kB | 196/282 kB | 0.1/17 MB | 131/936 kBProgress (5): 13/15 MB | 385/538 kB | 196/282 kB | 0.1/17 MB | 131/936 kBProgress (5): 13/15 MB | 385/538 kB | 196/282 kB | 0.1/17 MB | 131/936 kBProgress (5): 13/15 MB | 385/538 kB | 196/282 kB | 0.1/17 MB | 131/936 kBProgress (5): 13/15 MB | 385/538 kB | 196/282 kB | 0.1/17 MB | 131/936 kBProgress (5): 13/15 MB | 385/538 kB | 196/282 kB | 0.1/17 MB | 147/936 kBProgress (5): 13/15 MB | 385/538 kB | 196/282 kB | 0.1/17 MB | 147/936 kBProgress (5): 13/15 MB | 385/538 kB | 196/282 kB | 0.1/17 MB | 164/936 kBProgress (5): 13/15 MB | 385/538 kB | 196/282 kB | 0.1/17 MB | 164/936 kBProgress (5): 13/15 MB | 385/538 kB | 196/282 kB | 0.1/17 MB | 180/936 kBProgress (5): 13/15 MB | 385/538 kB | 196/282 kB | 0.1/17 MB | 180/936 kBProgress (5): 13/15 MB | 385/538 kB | 196/282 kB | 0.1/17 MB | 197/936 kBProgress (5): 13/15 MB | 385/538 kB | 196/282 kB | 0.1/17 MB | 197/936 kBProgress (5): 14/15 MB | 385/538 kB | 196/282 kB | 0.1/17 MB | 197/936 kBProgress (5): 14/15 MB | 385/538 kB | 196/282 kB | 0.1/17 MB | 197/936 kBProgress (5): 14/15 MB | 401/538 kB | 196/282 kB | 0.1/17 MB | 197/936 kBProgress (5): 14/15 MB | 401/538 kB | 196/282 kB | 0.1/17 MB | 197/936 kBProgress (5): 14/15 MB | 418/538 kB | 196/282 kB | 0.1/17 MB | 197/936 kBProgress (5): 14/15 MB | 418/538 kB | 196/282 kB | 0.1/17 MB | 197/936 kBProgress (5): 14/15 MB | 434/538 kB | 196/282 kB | 0.1/17 MB | 197/936 kBProgress (5): 14/15 MB | 434/538 kB | 196/282 kB | 0.1/17 MB | 197/936 kBProgress (5): 14/15 MB | 434/538 kB | 196/282 kB | 0.1/17 MB | 197/936 kBProgress (5): 14/15 MB | 434/538 kB | 196/282 kB | 0.1/17 MB | 197/936 kBProgress (5): 14/15 MB | 434/538 kB | 196/282 kB | 0.1/17 MB | 197/936 kBProgress (5): 14/15 MB | 434/538 kB | 196/282 kB | 0.1/17 MB | 197/936 kBProgress (5): 14/15 MB | 434/538 kB | 196/282 kB | 0.1/17 MB | 197/936 kBProgress (5): 14/15 MB | 434/538 kB | 212/282 kB | 0.1/17 MB | 197/936 kBProgress (5): 14/15 MB | 434/538 kB | 212/282 kB | 0.1/17 MB | 197/936 kBProgress (5): 14/15 MB | 434/538 kB | 212/282 kB | 0.1/17 MB | 197/936 kBProgress (5): 14/15 MB | 434/538 kB | 212/282 kB | 0.1/17 MB | 197/936 kBProgress (5): 14/15 MB | 434/538 kB | 212/282 kB | 0.1/17 MB | 197/936 kBProgress (5): 14/15 MB | 434/538 kB | 212/282 kB | 0.1/17 MB | 197/936 kBProgress (5): 14/15 MB | 451/538 kB | 212/282 kB | 0.1/17 MB | 197/936 kBProgress (5): 14/15 MB | 451/538 kB | 212/282 kB | 0.1/17 MB | 197/936 kBProgress (5): 14/15 MB | 451/538 kB | 212/282 kB | 0.1/17 MB | 213/936 kBProgress (5): 14/15 MB | 467/538 kB | 212/282 kB | 0.1/17 MB | 213/936 kBProgress (5): 14/15 MB | 467/538 kB | 212/282 kB | 0.1/17 MB | 213/936 kBProgress (5): 14/15 MB | 467/538 kB | 212/282 kB | 0.1/17 MB | 229/936 kBProgress (5): 14/15 MB | 473/538 kB | 212/282 kB | 0.1/17 MB | 229/936 kBProgress (5): 14/15 MB | 473/538 kB | 229/282 kB | 0.1/17 MB | 229/936 kBProgress (5): 14/15 MB | 473/538 kB | 229/282 kB | 0.1/17 MB | 229/936 kBProgress (5): 14/15 MB | 473/538 kB | 229/282 kB | 0.1/17 MB | 246/936 kBProgress (5): 14/15 MB | 473/538 kB | 229/282 kB | 0.1/17 MB | 246/936 kBProgress (5): 14/15 MB | 473/538 kB | 229/282 kB | 0.1/17 MB | 262/936 kBProgress (5): 14/15 MB | 473/538 kB | 229/282 kB | 0.1/17 MB | 262/936 kBProgress (5): 14/15 MB | 473/538 kB | 229/282 kB | 0.1/17 MB | 279/936 kBProgress (5): 14/15 MB | 473/538 kB | 229/282 kB | 0.1/17 MB | 279/936 kBProgress (5): 14/15 MB | 473/538 kB | 229/282 kB | 0.1/17 MB | 279/936 kBProgress (5): 14/15 MB | 473/538 kB | 245/282 kB | 0.1/17 MB | 279/936 kBProgress (5): 14/15 MB | 473/538 kB | 245/282 kB | 0.1/17 MB | 279/936 kBProgress (5): 14/15 MB | 473/538 kB | 245/282 kB | 0.1/17 MB | 279/936 kBProgress (5): 14/15 MB | 473/538 kB | 245/282 kB | 0.1/17 MB | 279/936 kBProgress (5): 14/15 MB | 473/538 kB | 245/282 kB | 0.1/17 MB | 279/936 kBProgress (5): 14/15 MB | 473/538 kB | 262/282 kB | 0.1/17 MB | 279/936 kBProgress (5): 14/15 MB | 473/538 kB | 262/282 kB | 0.1/17 MB | 279/936 kBProgress (5): 14/15 MB | 473/538 kB | 278/282 kB | 0.1/17 MB | 279/936 kBProgress (5): 14/15 MB | 473/538 kB | 282 kB | 0.1/17 MB | 279/936 kB    Progress (5): 14/15 MB | 473/538 kB | 282 kB | 0.1/17 MB | 279/936 kBProgress (5): 14/15 MB | 473/538 kB | 282 kB | 0.1/17 MB | 279/936 kBProgress (5): 14/15 MB | 473/538 kB | 282 kB | 0.1/17 MB | 279/936 kBProgress (5): 14/15 MB | 473/538 kB | 282 kB | 0.1/17 MB | 279/936 kBProgress (5): 14/15 MB | 473/538 kB | 282 kB | 0.1/17 MB | 279/936 kBProgress (5): 14/15 MB | 473/538 kB | 282 kB | 0.1/17 MB | 279/936 kB                                                                     Downloaded from central: https://repo.maven.apache.org/maven2/org/graalvm/sdk/jniutils/25.3.4.1/jniutils-25.3.4.1.jar (282 kB at 1.5 MB/s)
#20 6.986 Downloading from central: https://repo.maven.apache.org/maven2/org/graalvm/truffle/truffle-compiler/25.3.4.1/truffle-compiler-25.3.4.1.jar
#20 6.986 Progress (4): 14/15 MB | 473/538 kB | 0.1/17 MB | 279/936 kBProgress (4): 14/15 MB | 473/538 kB | 0.1/17 MB | 279/936 kBProgress (4): 14/15 MB | 473/538 kB | 0.1/17 MB | 279/936 kBProgress (4): 14/15 MB | 483/538 kB | 0.1/17 MB | 279/936 kBProgress (4): 14/15 MB | 483/538 kB | 0.1/17 MB | 279/936 kBProgress (4): 14/15 MB | 500/538 kB | 0.1/17 MB | 279/936 kBProgress (4): 14/15 MB | 500/538 kB | 0.1/17 MB | 279/936 kBProgress (4): 14/15 MB | 516/538 kB | 0.1/17 MB | 279/936 kBProgress (4): 14/15 MB | 516/538 kB | 0.1/17 MB | 279/936 kBProgress (4): 14/15 MB | 532/538 kB | 0.1/17 MB | 279/936 kBProgress (4): 14/15 MB | 538 kB | 0.1/17 MB | 279/936 kB    Progress (4): 14/15 MB | 538 kB | 0.1/17 MB | 279/936 kBProgress (4): 14/15 MB | 538 kB | 0.1/17 MB | 279/936 kBProgress (4): 14/15 MB | 538 kB | 0.1/17 MB | 279/936 kBProgress (4): 14/15 MB | 538 kB | 0.1/17 MB | 279/936 kBProgress (4): 14/15 MB | 538 kB | 0.1/17 MB | 279/936 kB                                                        Downloaded from central: https://repo.maven.apache.org/maven2/org/graalvm/polyglot/polyglot/25.3.4.1/polyglot-25.3.4.1.jar (538 kB at 2.8 MB/s)
#20 6.987 Downloading from central: https://repo.maven.apache.org/maven2/org/graalvm/tools/dap-tool/25.3.4.1/dap-tool-25.3.4.1.jar
#20 6.987 Progress (3): 14/15 MB | 0.1/17 MB | 279/936 kBProgress (3): 14/15 MB | 0.1/17 MB | 279/936 kBProgress (3): 14/15 MB | 0.1/17 MB | 279/936 kBProgress (3): 14/15 MB | 0.1/17 MB | 279/936 kBProgress (3): 14/15 MB | 0.1/17 MB | 279/936 kBProgress (3): 14/15 MB | 0.1/17 MB | 279/936 kBProgress (3): 14/15 MB | 0.1/17 MB | 279/936 kBProgress (3): 14/15 MB | 0.1/17 MB | 279/936 kBProgress (3): 14/15 MB | 0.1/17 MB | 295/936 kBProgress (3): 14/15 MB | 0.1/17 MB | 295/936 kBProgress (3): 14/15 MB | 0.1/17 MB | 311/936 kBProgress (3): 14/15 MB | 0.1/17 MB | 311/936 kBProgress (3): 14/15 MB | 0.1/17 MB | 328/936 kBProgress (3): 14/15 MB | 0.1/17 MB | 328/936 kBProgress (3): 14/15 MB | 0.1/17 MB | 344/936 kBProgress (3): 14/15 MB | 0.1/17 MB | 344/936 kBProgress (3): 14/15 MB | 0.1/17 MB | 360/936 kBProgress (3): 14/15 MB | 0.1/17 MB | 360/936 kBProgress (3): 14/15 MB | 0.1/17 MB | 377/936 kBProgress (3): 14/15 MB | 0.1/17 MB | 377/936 kBProgress (3): 14/15 MB | 0.1/17 MB | 393/936 kBProgress (3): 14/15 MB | 0.1/17 MB | 393/936 kBProgress (3): 14/15 MB | 0.1/17 MB | 393/936 kBProgress (3): 14/15 MB | 0.1/17 MB | 393/936 kBProgress (3): 15/15 MB | 0.1/17 MB | 393/936 kBProgress (3): 15/15 MB | 0.1/17 MB | 393/936 kBProgress (3): 15/15 MB | 0.1/17 MB | 393/936 kBProgress (3): 15/15 MB | 0.1/17 MB | 393/936 kBProgress (3): 15/15 MB | 0.1/17 MB | 393/936 kBProgress (3): 15/15 MB | 0.1/17 MB | 393/936 kBProgress (3): 15/15 MB | 0.1/17 MB | 393/936 kBProgress (3): 15/15 MB | 0.1/17 MB | 393/936 kBProgress (3): 15/15 MB | 0.1/17 MB | 393/936 kBProgress (3): 15/15 MB | 0.1/17 MB | 393/936 kBProgress (3): 15/15 MB | 0.1/17 MB | 393/936 kBProgress (3): 15/15 MB | 0.1/17 MB | 393/936 kBProgress (3): 15/15 MB | 0.1/17 MB | 393/936 kBProgress (3): 15/15 MB | 0.1/17 MB | 393/936 kBProgress (3): 15/15 MB | 0.1/17 MB | 393/936 kBProgress (3): 15/15 MB | 0.1/17 MB | 393/936 kBProgress (3): 15/15 MB | 0.1/17 MB | 393/936 kBProgress (3): 15/15 MB | 0.1/17 MB | 393/936 kBProgress (3): 15/15 MB | 0.1/17 MB | 393/936 kBProgress (3): 15/15 MB | 0.1/17 MB | 393/936 kBProgress (3): 15/15 MB | 0.1/17 MB | 393/936 kBProgress (3): 15/15 MB | 0.1/17 MB | 393/936 kBProgress (3): 15/15 MB | 0.1/17 MB | 393/936 kBProgress (3): 15/15 MB | 0.1/17 MB | 393/936 kBProgress (3): 15/15 MB | 0.1/17 MB | 393/936 kBProgress (3): 15/15 MB | 0.1/17 MB | 393/936 kBProgress (3): 15/15 MB | 0.1/17 MB | 393/936 kBProgress (3): 15/15 MB | 0.1/17 MB | 393/936 kBProgress (3): 15/15 MB | 0.1/17 MB | 393/936 kBProgress (3): 15/15 MB | 0.1/17 MB | 393/936 kBProgress (3): 15/15 MB | 0.1/17 MB | 393/936 kBProgress (3): 15/15 MB | 0.1/17 MB | 393/936 kBProgress (3): 15/15 MB | 0.1/17 MB | 393/936 kBProgress (3): 15/15 MB | 0.1/17 MB | 393/936 kBProgress (3): 15/15 MB | 0.1/17 MB | 393/936 kBProgress (3): 15/15 MB | 0.1/17 MB | 393/936 kBProgress (3): 15/15 MB | 0.1/17 MB | 393/936 kBProgress (3): 15/15 MB | 0.1/17 MB | 393/936 kBProgress (3): 15/15 MB | 0.1/17 MB | 393/936 kBProgress (3): 15/15 MB | 0.1/17 MB | 393/936 kBProgress (3): 15 MB | 0.1/17 MB | 393/936 kB   Progress (3): 15 MB | 0.1/17 MB | 393/936 kBProgress (3): 15 MB | 0.1/17 MB | 393/936 kBProgress (3): 15 MB | 0.1/17 MB | 393/936 kBProgress (3): 15 MB | 0.1/17 MB | 393/936 kB                                            Downloaded from central: https://repo.maven.apache.org/maven2/com/ibm/icu/icu4j/78.1/icu4j-78.1.jar (15 MB at 76 MB/s)
#20 6.994 Downloading from central: https://repo.maven.apache.org/maven2/org/graalvm/shadowed/json/25.3.4.1/json-25.3.4.1.jar
#20 6.994 Progress (2): 0.1/17 MB | 393/936 kBProgress (2): 0.1/17 MB | 393/936 kBProgress (2): 0.1/17 MB | 393/936 kBProgress (2): 0.1/17 MB | 393/936 kBProgress (2): 0.1/17 MB | 393/936 kBProgress (2): 0.1/17 MB | 393/936 kBProgress (2): 0.1/17 MB | 393/936 kBProgress (2): 0.1/17 MB | 393/936 kBProgress (2): 0.1/17 MB | 393/936 kBProgress (2): 0.1/17 MB | 393/936 kBProgress (2): 0.1/17 MB | 410/936 kBProgress (2): 0.1/17 MB | 410/936 kBProgress (2): 0.1/17 MB | 426/936 kBProgress (2): 0.1/17 MB | 442/936 kBProgress (2): 0.1/17 MB | 459/936 kBProgress (2): 0.1/17 MB | 475/936 kBProgress (2): 0.1/17 MB | 492/936 kBProgress (2): 0.1/17 MB | 508/936 kBProgress (2): 0.1/17 MB | 524/936 kBProgress (2): 0.1/17 MB | 541/936 kBProgress (2): 0.1/17 MB | 557/936 kBProgress (2): 0.1/17 MB | 561/936 kBProgress (2): 0.1/17 MB | 577/936 kBProgress (2): 0.2/17 MB | 577/936 kBProgress (2): 0.2/17 MB | 594/936 kBProgress (2): 0.2/17 MB | 594/936 kBProgress (2): 0.2/17 MB | 610/936 kBProgress (2): 0.2/17 MB | 610/936 kBProgress (2): 0.2/17 MB | 626/936 kBProgress (2): 0.2/17 MB | 626/936 kBProgress (2): 0.2/17 MB | 643/936 kBProgress (2): 0.2/17 MB | 659/936 kBProgress (2): 0.2/17 MB | 659/936 kBProgress (2): 0.2/17 MB | 676/936 kBProgress (2): 0.2/17 MB | 676/936 kBProgress (2): 0.2/17 MB | 692/936 kBProgress (2): 0.3/17 MB | 692/936 kBProgress (2): 0.3/17 MB | 708/936 kBProgress (2): 0.3/17 MB | 708/936 kBProgress (2): 0.3/17 MB | 725/936 kBProgress (2): 0.3/17 MB | 725/936 kBProgress (2): 0.3/17 MB | 741/936 kBProgress (2): 0.3/17 MB | 741/936 kBProgress (2): 0.3/17 MB | 757/936 kBProgress (2): 0.3/17 MB | 757/936 kBProgress (2): 0.3/17 MB | 757/936 kBProgress (2): 0.3/17 MB | 774/936 kBProgress (2): 0.4/17 MB | 774/936 kBProgress (2): 0.4/17 MB | 790/936 kBProgress (2): 0.4/17 MB | 790/936 kBProgress (2): 0.4/17 MB | 807/936 kBProgress (2): 0.4/17 MB | 807/936 kBProgress (2): 0.4/17 MB | 807/936 kBProgress (2): 0.4/17 MB | 807/936 kBProgress (2): 0.4/17 MB | 823/936 kBProgress (2): 0.4/17 MB | 839/936 kBProgress (2): 0.4/17 MB | 839/936 kBProgress (2): 0.4/17 MB | 856/936 kBProgress (2): 0.4/17 MB | 872/936 kBProgress (2): 0.5/17 MB | 872/936 kBProgress (2): 0.5/17 MB | 889/936 kBProgress (2): 0.5/17 MB | 905/936 kBProgress (2): 0.5/17 MB | 905/936 kBProgress (2): 0.5/17 MB | 921/936 kBProgress (2): 0.5/17 MB | 936 kB    Progress (2): 0.5/17 MB | 936 kB                                Downloaded from central: https://repo.maven.apache.org/maven2/org/graalvm/truffle/truffle-runtime/25.3.4.1/truffle-runtime-25.3.4.1.jar (936 kB at 4.5 MB/s)
#20 7.001 Downloading from central: https://repo.maven.apache.org/maven2/org/graalvm/tools/lsp-tool/25.3.4.1/lsp-tool-25.3.4.1.jar
#20 7.002 Progress (1): 0.5/17 MBProgress (1): 0.5/17 MBProgress (1): 0.5/17 MBProgress (1): 0.6/17 MBProgress (1): 0.6/17 MBProgress (1): 0.6/17 MBProgress (1): 0.6/17 MBProgress (1): 0.6/17 MBProgress (1): 0.6/17 MBProgress (1): 0.7/17 MBProgress (1): 0.7/17 MBProgress (1): 0.7/17 MBProgress (2): 0.7/17 MB | 3.2/55 kBProgress (2): 0.7/17 MB | 20/55 kB Progress (2): 0.7/17 MB | 36/55 kBProgress (2): 0.7/17 MB | 36/55 kBProgress (2): 0.7/17 MB | 36/55 kBProgress (2): 0.7/17 MB | 52/55 kBProgress (2): 0.7/17 MB | 52/55 kBProgress (2): 0.7/17 MB | 52/55 kBProgress (2): 0.7/17 MB | 55 kB                                  Downloaded from central: https://repo.maven.apache.org/maven2/org/graalvm/truffle/truffle-compiler/25.3.4.1/truffle-compiler-25.3.4.1.jar (55 kB at 247 kB/s)
#20 7.016 Downloading from central: https://repo.maven.apache.org/maven2/org/graalvm/tools/lsp_api/25.3.4.1/lsp_api-25.3.4.1.jar
#20 7.017 Progress (1): 0.8/17 MBProgress (1): 0.8/17 MBProgress (1): 0.8/17 MBProgress (1): 0.8/17 MBProgress (1): 0.8/17 MBProgress (1): 0.8/17 MBProgress (1): 0.9/17 MBProgress (2): 0.9/17 MB | 7.7/880 kBProgress (3): 0.9/17 MB | 7.7/880 kB | 7.7/181 kBProgress (3): 0.9/17 MB | 12/880 kB | 7.7/181 kB Progress (3): 0.9/17 MB | 12/880 kB | 12/181 kB Progress (3): 0.9/17 MB | 29/880 kB | 12/181 kBProgress (3): 0.9/17 MB | 29/880 kB | 29/181 kBProgress (3): 0.9/17 MB | 29/880 kB | 45/181 kBProgress (3): 0.9/17 MB | 29/880 kB | 61/181 kBProgress (3): 0.9/17 MB | 29/880 kB | 78/181 kBProgress (3): 0.9/17 MB | 29/880 kB | 94/181 kBProgress (3): 0.9/17 MB | 29/880 kB | 111/181 kBProgress (3): 0.9/17 MB | 45/880 kB | 111/181 kBProgress (3): 0.9/17 MB | 45/880 kB | 127/181 kBProgress (3): 0.9/17 MB | 61/880 kB | 127/181 kBProgress (3): 0.9/17 MB | 61/880 kB | 143/181 kBProgress (3): 0.9/17 MB | 78/880 kB | 143/181 kBProgress (3): 0.9/17 MB | 78/880 kB | 160/181 kBProgress (3): 0.9/17 MB | 78/880 kB | 176/181 kBProgress (3): 0.9/17 MB | 78/880 kB | 181 kB    Progress (3): 0.9/17 MB | 78/880 kB | 181 kBProgress (3): 0.9/17 MB | 78/880 kB | 181 kBProgress (3): 0.9/17 MB | 94/880 kB | 181 kB                                            Downloaded from central: https://repo.maven.apache.org/maven2/org/graalvm/shadowed/json/25.3.4.1/json-25.3.4.1.jar (181 kB at 805 kB/s)
#20 7.021 Downloading from central: https://repo.maven.apache.org/maven2/org/eclipse/lsp4j/org.eclipse.lsp4j/1.0.0/org.eclipse.lsp4j-1.0.0.jar
#20 7.021 Progress (2): 0.9/17 MB | 111/880 kBProgress (2): 0.9/17 MB | 127/880 kBProgress (2): 0.9/17 MB | 143/880 kBProgress (2): 0.9/17 MB | 143/880 kBProgress (2): 0.9/17 MB | 143/880 kBProgress (2): 0.9/17 MB | 143/880 kBProgress (2): 0.9/17 MB | 160/880 kBProgress (2): 0.9/17 MB | 176/880 kBProgress (2): 1.0/17 MB | 176/880 kBProgress (2): 1.0/17 MB | 193/880 kBProgress (2): 1.0/17 MB | 209/880 kBProgress (2): 1.0/17 MB | 225/880 kBProgress (2): 1.0/17 MB | 242/880 kBProgress (2): 1.0/17 MB | 242/880 kBProgress (2): 1.0/17 MB | 242/880 kBProgress (2): 1.0/17 MB | 258/880 kBProgress (2): 1.0/17 MB | 258/880 kBProgress (2): 1.0/17 MB | 274/880 kBProgress (2): 1.0/17 MB | 274/880 kBProgress (2): 1.0/17 MB | 291/880 kBProgress (2): 1.0/17 MB | 307/880 kBProgress (2): 1.0/17 MB | 307/880 kBProgress (2): 1.1/17 MB | 307/880 kBProgress (2): 1.1/17 MB | 307/880 kBProgress (2): 1.1/17 MB | 324/880 kBProgress (2): 1.1/17 MB | 340/880 kBProgress (2): 1.1/17 MB | 340/880 kBProgress (2): 1.1/17 MB | 340/880 kBProgress (2): 1.1/17 MB | 340/880 kBProgress (2): 1.1/17 MB | 356/880 kBProgress (2): 1.1/17 MB | 356/880 kBProgress (2): 1.2/17 MB | 356/880 kBProgress (2): 1.2/17 MB | 356/880 kBProgress (2): 1.2/17 MB | 356/880 kBProgress (2): 1.2/17 MB | 373/880 kBProgress (2): 1.2/17 MB | 389/880 kBProgress (2): 1.2/17 MB | 389/880 kBProgress (2): 1.2/17 MB | 389/880 kBProgress (3): 1.2/17 MB | 389/880 kB | 0/1.1 MBProgress (3): 1.2/17 MB | 389/880 kB | 0/1.1 MBProgress (3): 1.2/17 MB | 389/880 kB | 0/1.1 MBProgress (3): 1.2/17 MB | 389/880 kB | 0/1.1 MBProgress (3): 1.2/17 MB | 406/880 kB | 0/1.1 MBProgress (3): 1.2/17 MB | 422/880 kB | 0/1.1 MBProgress (3): 1.2/17 MB | 422/880 kB | 0.1/1.1 MBProgress (3): 1.2/17 MB | 422/880 kB | 0.1/1.1 MBProgress (3): 1.2/17 MB | 422/880 kB | 0.1/1.1 MBProgress (3): 1.2/17 MB | 422/880 kB | 0.1/1.1 MBProgress (3): 1.2/17 MB | 422/880 kB | 0.1/1.1 MBProgress (3): 1.2/17 MB | 422/880 kB | 0.1/1.1 MBProgress (3): 1.3/17 MB | 422/880 kB | 0.1/1.1 MBProgress (3): 1.3/17 MB | 422/880 kB | 0.1/1.1 MBProgress (3): 1.3/17 MB | 422/880 kB | 0.1/1.1 MBProgress (3): 1.3/17 MB | 422/880 kB | 0.1/1.1 MBProgress (3): 1.3/17 MB | 438/880 kB | 0.1/1.1 MBProgress (3): 1.3/17 MB | 455/880 kB | 0.1/1.1 MBProgress (3): 1.3/17 MB | 455/880 kB | 0.1/1.1 MBProgress (3): 1.3/17 MB | 455/880 kB | 0.1/1.1 MBProgress (3): 1.3/17 MB | 455/880 kB | 0.2/1.1 MBProgress (3): 1.3/17 MB | 455/880 kB | 0.2/1.1 MBProgress (3): 1.3/17 MB | 455/880 kB | 0.2/1.1 MBProgress (3): 1.3/17 MB | 471/880 kB | 0.2/1.1 MBProgress (3): 1.3/17 MB | 487/880 kB | 0.2/1.1 MBProgress (3): 1.3/17 MB | 487/880 kB | 0.2/1.1 MBProgress (3): 1.3/17 MB | 487/880 kB | 0.2/1.1 MBProgress (3): 1.3/17 MB | 487/880 kB | 0.2/1.1 MBProgress (3): 1.4/17 MB | 487/880 kB | 0.2/1.1 MBProgress (3): 1.4/17 MB | 487/880 kB | 0.2/1.1 MBProgress (3): 1.4/17 MB | 487/880 kB | 0.2/1.1 MBProgress (3): 1.4/17 MB | 487/880 kB | 0.2/1.1 MBProgress (3): 1.4/17 MB | 487/880 kB | 0.2/1.1 MBProgress (3): 1.4/17 MB | 504/880 kB | 0.2/1.1 MBProgress (3): 1.4/17 MB | 504/880 kB | 0.2/1.1 MBProgress (3): 1.4/17 MB | 520/880 kB | 0.2/1.1 MBProgress (3): 1.4/17 MB | 520/880 kB | 0.2/1.1 MBProgress (3): 1.4/17 MB | 520/880 kB | 0.2/1.1 MBProgress (3): 1.4/17 MB | 520/880 kB | 0.2/1.1 MBProgress (3): 1.4/17 MB | 520/880 kB | 0.3/1.1 MBProgress (3): 1.4/17 MB | 520/880 kB | 0.3/1.1 MBProgress (3): 1.4/17 MB | 537/880 kB | 0.3/1.1 MBProgress (3): 1.4/17 MB | 537/880 kB | 0.3/1.1 MBProgress (3): 1.4/17 MB | 537/880 kB | 0.3/1.1 MBProgress (3): 1.4/17 MB | 553/880 kB | 0.3/1.1 MBProgress (3): 1.4/17 MB | 553/880 kB | 0.3/1.1 MBProgress (3): 1.5/17 MB | 553/880 kB | 0.3/1.1 MBProgress (3): 1.5/17 MB | 553/880 kB | 0.3/1.1 MBProgress (3): 1.5/17 MB | 553/880 kB | 0.3/1.1 MBProgress (3): 1.5/17 MB | 553/880 kB | 0.3/1.1 MBProgress (3): 1.5/17 MB | 553/880 kB | 0.4/1.1 MBProgress (3): 1.5/17 MB | 553/880 kB | 0.4/1.1 MBProgress (3): 1.5/17 MB | 569/880 kB | 0.4/1.1 MBProgress (3): 1.5/17 MB | 586/880 kB | 0.4/1.1 MBProgress (3): 1.5/17 MB | 586/880 kB | 0.4/1.1 MBProgress (3): 1.5/17 MB | 586/880 kB | 0.4/1.1 MBProgress (3): 1.5/17 MB | 586/880 kB | 0.4/1.1 MBProgress (3): 1.5/17 MB | 586/880 kB | 0.4/1.1 MBProgress (3): 1.5/17 MB | 586/880 kB | 0.4/1.1 MBProgress (3): 1.5/17 MB | 586/880 kB | 0.4/1.1 MBProgress (3): 1.5/17 MB | 586/880 kB | 0.4/1.1 MBProgress (3): 1.5/17 MB | 602/880 kB | 0.4/1.1 MBProgress (3): 1.5/17 MB | 610/880 kB | 0.4/1.1 MBProgress (3): 1.5/17 MB | 626/880 kB | 0.4/1.1 MBProgress (3): 1.5/17 MB | 626/880 kB | 0.4/1.1 MBProgress (3): 1.6/17 MB | 626/880 kB | 0.4/1.1 MBProgress (3): 1.6/17 MB | 626/880 kB | 0.4/1.1 MBProgress (3): 1.6/17 MB | 626/880 kB | 0.5/1.1 MBProgress (3): 1.6/17 MB | 626/880 kB | 0.5/1.1 MBProgress (3): 1.6/17 MB | 626/880 kB | 0.5/1.1 MBProgress (3): 1.6/17 MB | 643/880 kB | 0.5/1.1 MBProgress (3): 1.6/17 MB | 643/880 kB | 0.5/1.1 MBProgress (3): 1.6/17 MB | 659/880 kB | 0.5/1.1 MBProgress (3): 1.6/17 MB | 659/880 kB | 0.5/1.1 MBProgress (3): 1.6/17 MB | 659/880 kB | 0.5/1.1 MBProgress (3): 1.6/17 MB | 659/880 kB | 0.5/1.1 MBProgress (3): 1.6/17 MB | 676/880 kB | 0.5/1.1 MBProgress (3): 1.6/17 MB | 676/880 kB | 0.6/1.1 MBProgress (3): 1.6/17 MB | 676/880 kB | 0.6/1.1 MBProgress (3): 1.6/17 MB | 676/880 kB | 0.6/1.1 MBProgress (3): 1.6/17 MB | 692/880 kB | 0.6/1.1 MBProgress (3): 1.6/17 MB | 692/880 kB | 0.6/1.1 MBProgress (3): 1.6/17 MB | 692/880 kB | 0.6/1.1 MBProgress (3): 1.6/17 MB | 692/880 kB | 0.6/1.1 MBProgress (3): 1.7/17 MB | 692/880 kB | 0.6/1.1 MBProgress (3): 1.7/17 MB | 692/880 kB | 0.6/1.1 MBProgress (3): 1.7/17 MB | 692/880 kB | 0.6/1.1 MBProgress (3): 1.7/17 MB | 692/880 kB | 0.6/1.1 MBProgress (3): 1.7/17 MB | 692/880 kB | 0.6/1.1 MBProgress (3): 1.7/17 MB | 708/880 kB | 0.6/1.1 MBProgress (3): 1.7/17 MB | 725/880 kB | 0.6/1.1 MBProgress (3): 1.7/17 MB | 725/880 kB | 0.6/1.1 MBProgress (3): 1.7/17 MB | 725/880 kB | 0.6/1.1 MBProgress (3): 1.7/17 MB | 725/880 kB | 0.6/1.1 MBProgress (3): 1.7/17 MB | 725/880 kB | 0.6/1.1 MBProgress (3): 1.7/17 MB | 741/880 kB | 0.6/1.1 MBProgress (3): 1.7/17 MB | 757/880 kB | 0.6/1.1 MBProgress (3): 1.7/17 MB | 774/880 kB | 0.6/1.1 MBProgress (3): 1.7/17 MB | 774/880 kB | 0.7/1.1 MBProgress (3): 1.7/17 MB | 774/880 kB | 0.7/1.1 MBProgress (3): 1.7/17 MB | 774/880 kB | 0.7/1.1 MBProgress (3): 1.7/17 MB | 774/880 kB | 0.7/1.1 MBProgress (3): 1.7/17 MB | 774/880 kB | 0.7/1.1 MBProgress (3): 1.8/17 MB | 774/880 kB | 0.7/1.1 MBProgress (3): 1.8/17 MB | 774/880 kB | 0.7/1.1 MBProgress (3): 1.8/17 MB | 774/880 kB | 0.7/1.1 MBProgress (3): 1.8/17 MB | 774/880 kB | 0.7/1.1 MBProgress (3): 1.8/17 MB | 790/880 kB | 0.7/1.1 MBProgress (3): 1.8/17 MB | 807/880 kB | 0.7/1.1 MBProgress (3): 1.8/17 MB | 823/880 kB | 0.7/1.1 MBProgress (3): 1.8/17 MB | 823/880 kB | 0.7/1.1 MBProgress (3): 1.8/17 MB | 823/880 kB | 0.8/1.1 MBProgress (3): 1.8/17 MB | 823/880 kB | 0.8/1.1 MBProgress (3): 1.8/17 MB | 839/880 kB | 0.8/1.1 MBProgress (3): 1.8/17 MB | 839/880 kB | 0.8/1.1 MBProgress (3): 1.8/17 MB | 856/880 kB | 0.8/1.1 MBProgress (4): 1.8/17 MB | 856/880 kB | 0.8/1.1 MB | 7.7/45 kBProgress (4): 1.8/17 MB | 856/880 kB | 0.8/1.1 MB | 16/45 kB Progress (4): 1.8/17 MB | 872/880 kB | 0.8/1.1 MB | 16/45 kBProgress (4): 1.8/17 MB | 872/880 kB | 0.8/1.1 MB | 24/45 kBProgress (4): 1.8/17 MB | 872/880 kB | 0.8/1.1 MB | 24/45 kBProgress (4): 1.8/17 MB | 880 kB | 0.8/1.1 MB | 24/45 kB    Progress (4): 1.8/17 MB | 880 kB | 0.8/1.1 MB | 40/45 kBProgress (4): 1.8/17 MB | 880 kB | 0.8/1.1 MB | 40/45 kBProgress (4): 1.8/17 MB | 880 kB | 0.8/1.1 MB | 40/45 kBProgress (4): 1.9/17 MB | 880 kB | 0.8/1.1 MB | 40/45 kB                                                        Downloaded from central: https://repo.maven.apache.org/maven2/org/graalvm/tools/dap-tool/25.3.4.1/dap-tool-25.3.4.1.jar (880 kB at 3.5 MB/s)
#20 7.047 Downloading from central: https://repo.maven.apache.org/maven2/org/eclipse/lsp4j/org.eclipse.lsp4j.jsonrpc/1.0.0/org.eclipse.lsp4j.jsonrpc-1.0.0.jar
#20 7.047 Progress (3): 1.9/17 MB | 0.8/1.1 MB | 40/45 kBProgress (3): 1.9/17 MB | 0.8/1.1 MB | 45 kB   Progress (3): 1.9/17 MB | 0.8/1.1 MB | 45 kBProgress (3): 1.9/17 MB | 0.8/1.1 MB | 45 kBProgress (3): 1.9/17 MB | 0.8/1.1 MB | 45 kBProgress (3): 1.9/17 MB | 0.8/1.1 MB | 45 kBProgress (3): 1.9/17 MB | 0.8/1.1 MB | 45 kBProgress (3): 2.0/17 MB | 0.8/1.1 MB | 45 kB                                            Downloaded from central: https://repo.maven.apache.org/maven2/org/graalvm/tools/lsp_api/25.3.4.1/lsp_api-25.3.4.1.jar (45 kB at 178 kB/s)
#20 7.048 Downloading from central: https://repo.maven.apache.org/maven2/com/google/code/gson/gson/2.14.0/gson-2.14.0.jar
#20 7.048 Progress (2): 2.0/17 MB | 0.8/1.1 MBProgress (2): 2.0/17 MB | 0.8/1.1 MBProgress (2): 2.0/17 MB | 0.8/1.1 MBProgress (2): 2.0/17 MB | 0.8/1.1 MBProgress (2): 2.0/17 MB | 0.8/1.1 MBProgress (2): 2.1/17 MB | 0.8/1.1 MBProgress (2): 2.1/17 MB | 0.8/1.1 MBProgress (2): 2.1/17 MB | 0.8/1.1 MBProgress (2): 2.1/17 MB | 0.8/1.1 MBProgress (2): 2.1/17 MB | 0.8/1.1 MBProgress (2): 2.1/17 MB | 0.8/1.1 MBProgress (2): 2.1/17 MB | 0.8/1.1 MBProgress (2): 2.1/17 MB | 0.8/1.1 MBProgress (2): 2.1/17 MB | 0.9/1.1 MBProgress (2): 2.1/17 MB | 0.9/1.1 MBProgress (2): 2.1/17 MB | 0.9/1.1 MBProgress (2): 2.1/17 MB | 0.9/1.1 MBProgress (2): 2.2/17 MB | 0.9/1.1 MBProgress (2): 2.2/17 MB | 0.9/1.1 MBProgress (2): 2.2/17 MB | 0.9/1.1 MBProgress (2): 2.2/17 MB | 0.9/1.1 MBProgress (2): 2.2/17 MB | 0.9/1.1 MBProgress (2): 2.2/17 MB | 0.9/1.1 MBProgress (2): 2.2/17 MB | 0.9/1.1 MBProgress (2): 2.2/17 MB | 0.9/1.1 MBProgress (3): 2.2/17 MB | 0.9/1.1 MB | 7.7/684 kBProgress (3): 2.2/17 MB | 0.9/1.1 MB | 16/684 kB Progress (3): 2.3/17 MB | 0.9/1.1 MB | 16/684 kBProgress (3): 2.3/17 MB | 0.9/1.1 MB | 16/684 kBProgress (3): 2.3/17 MB | 0.9/1.1 MB | 24/684 kBProgress (3): 2.3/17 MB | 0.9/1.1 MB | 24/684 kBProgress (3): 2.3/17 MB | 0.9/1.1 MB | 24/684 kBProgress (3): 2.3/17 MB | 0.9/1.1 MB | 40/684 kBProgress (3): 2.3/17 MB | 0.9/1.1 MB | 40/684 kBProgress (3): 2.3/17 MB | 1.0/1.1 MB | 40/684 kBProgress (3): 2.3/17 MB | 1.0/1.1 MB | 40/684 kBProgress (3): 2.3/17 MB | 1.0/1.1 MB | 40/684 kBProgress (3): 2.3/17 MB | 1.0/1.1 MB | 57/684 kBProgress (3): 2.3/17 MB | 1.0/1.1 MB | 73/684 kBProgress (3): 2.3/17 MB | 1.0/1.1 MB | 90/684 kBProgress (3): 2.3/17 MB | 1.0/1.1 MB | 106/684 kBProgress (3): 2.3/17 MB | 1.0/1.1 MB | 106/684 kBProgress (3): 2.3/17 MB | 1.0/1.1 MB | 122/684 kBProgress (3): 2.3/17 MB | 1.0/1.1 MB | 131/684 kBProgress (3): 2.3/17 MB | 1.0/1.1 MB | 131/684 kBProgress (3): 2.3/17 MB | 1.0/1.1 MB | 147/684 kBProgress (3): 2.3/17 MB | 1.0/1.1 MB | 147/684 kBProgress (3): 2.3/17 MB | 1.0/1.1 MB | 147/684 kBProgress (3): 2.3/17 MB | 1.0/1.1 MB | 164/684 kBProgress (3): 2.3/17 MB | 1.0/1.1 MB | 164/684 kBProgress (3): 2.3/17 MB | 1.0/1.1 MB | 164/684 kBProgress (3): 2.3/17 MB | 1.0/1.1 MB | 180/684 kBProgress (3): 2.4/17 MB | 1.0/1.1 MB | 180/684 kBProgress (3): 2.4/17 MB | 1.1/1.1 MB | 180/684 kBProgress (3): 2.4/17 MB | 1.1/1.1 MB | 180/684 kBProgress (3): 2.4/17 MB | 1.1/1.1 MB | 197/684 kBProgress (3): 2.4/17 MB | 1.1/1.1 MB | 213/684 kBProgress (3): 2.4/17 MB | 1.1/1.1 MB | 229/684 kBProgress (3): 2.4/17 MB | 1.1/1.1 MB | 246/684 kBProgress (3): 2.4/17 MB | 1.1/1.1 MB | 262/684 kBProgress (3): 2.4/17 MB | 1.1/1.1 MB | 279/684 kBProgress (3): 2.4/17 MB | 1.1/1.1 MB | 295/684 kBProgress (3): 2.4/17 MB | 1.1/1.1 MB | 311/684 kBProgress (3): 2.4/17 MB | 1.1/1.1 MB | 328/684 kBProgress (3): 2.4/17 MB | 1.1/1.1 MB | 344/684 kBProgress (3): 2.4/17 MB | 1.1/1.1 MB | 360/684 kBProgress (3): 2.4/17 MB | 1.1/1.1 MB | 377/684 kBProgress (3): 2.4/17 MB | 1.1/1.1 MB | 393/684 kBProgress (3): 2.4/17 MB | 1.1/1.1 MB | 410/684 kBProgress (3): 2.4/17 MB | 1.1/1.1 MB | 426/684 kBProgress (3): 2.4/17 MB | 1.1/1.1 MB | 442/684 kBProgress (3): 2.4/17 MB | 1.1/1.1 MB | 459/684 kBProgress (3): 2.4/17 MB | 1.1/1.1 MB | 475/684 kBProgress (3): 2.4/17 MB | 1.1/1.1 MB | 492/684 kBProgress (3): 2.4/17 MB | 1.1/1.1 MB | 508/684 kBProgress (3): 2.4/17 MB | 1.1/1.1 MB | 524/684 kBProgress (3): 2.4/17 MB | 1.1/1.1 MB | 541/684 kBProgress (3): 2.4/17 MB | 1.1/1.1 MB | 557/684 kBProgress (3): 2.4/17 MB | 1.1/1.1 MB | 557/684 kBProgress (3): 2.4/17 MB | 1.1/1.1 MB | 573/684 kBProgress (3): 2.4/17 MB | 1.1/1.1 MB | 590/684 kBProgress (3): 2.4/17 MB | 1.1/1.1 MB | 606/684 kBProgress (3): 2.4/17 MB | 1.1/1.1 MB | 623/684 kBProgress (3): 2.4/17 MB | 1.1/1.1 MB | 639/684 kBProgress (3): 2.4/17 MB | 1.1/1.1 MB | 655/684 kBProgress (3): 2.4/17 MB | 1.1/1.1 MB | 672/684 kBProgress (3): 2.4/17 MB | 1.1/1.1 MB | 684 kB    Progress (4): 2.4/17 MB | 1.1/1.1 MB | 684 kB | 7.7/156 kBProgress (4): 2.4/17 MB | 1.1/1.1 MB | 684 kB | 7.7/156 kBProgress (4): 2.4/17 MB | 1.1/1.1 MB | 684 kB | 24/156 kB                                                          Downloaded from central: https://repo.maven.apache.org/maven2/org/eclipse/lsp4j/org.eclipse.lsp4j/1.0.0/org.eclipse.lsp4j-1.0.0.jar (684 kB at 2.4 MB/s)
#20 7.079 Downloading from central: https://repo.maven.apache.org/maven2/com/google/errorprone/error_prone_annotations/2.48.0/error_prone_annotations-2.48.0.jar
#20 7.079 Progress (3): 2.4/17 MB | 1.1/1.1 MB | 40/156 kBProgress (3): 2.4/17 MB | 1.1/1.1 MB | 57/156 kBProgress (3): 2.4/17 MB | 1.1/1.1 MB | 57/156 kBProgress (3): 2.4/17 MB | 1.1/1.1 MB | 57/156 kBProgress (3): 2.4/17 MB | 1.1/1.1 MB | 57/156 kBProgress (3): 2.4/17 MB | 1.1/1.1 MB | 57/156 kBProgress (3): 2.4/17 MB | 1.1/1.1 MB | 73/156 kBProgress (3): 2.4/17 MB | 1.1/1.1 MB | 90/156 kBProgress (3): 2.4/17 MB | 1.1/1.1 MB | 90/156 kBProgress (3): 2.5/17 MB | 1.1/1.1 MB | 90/156 kBProgress (3): 2.5/17 MB | 1.1/1.1 MB | 90/156 kBProgress (3): 2.5/17 MB | 1.1/1.1 MB | 90/156 kBProgress (3): 2.5/17 MB | 1.1/1.1 MB | 90/156 kBProgress (3): 2.5/17 MB | 1.1/1.1 MB | 90/156 kBProgress (3): 2.5/17 MB | 1.1/1.1 MB | 90/156 kBProgress (3): 2.5/17 MB | 1.1/1.1 MB | 106/156 kBProgress (3): 2.6/17 MB | 1.1/1.1 MB | 106/156 kBProgress (3): 2.6/17 MB | 1.1/1.1 MB | 106/156 kBProgress (3): 2.6/17 MB | 1.1/1.1 MB | 106/156 kBProgress (3): 2.6/17 MB | 1.1/1.1 MB | 106/156 kBProgress (3): 2.6/17 MB | 1.1/1.1 MB | 106/156 kBProgress (3): 2.6/17 MB | 1.1/1.1 MB | 106/156 kBProgress (3): 2.6/17 MB | 1.1/1.1 MB | 122/156 kBProgress (3): 2.7/17 MB | 1.1/1.1 MB | 122/156 kBProgress (3): 2.7/17 MB | 1.1/1.1 MB | 122/156 kBProgress (3): 2.7/17 MB | 1.1/1.1 MB | 122/156 kBProgress (3): 2.7/17 MB | 1.1/1.1 MB | 122/156 kBProgress (3): 2.7/17 MB | 1.1/1.1 MB | 122/156 kBProgress (3): 2.7/17 MB | 1.1/1.1 MB | 122/156 kBProgress (3): 2.8/17 MB | 1.1/1.1 MB | 122/156 kBProgress (3): 2.8/17 MB | 1.1/1.1 MB | 122/156 kBProgress (3): 2.8/17 MB | 1.1/1.1 MB | 122/156 kBProgress (3): 2.8/17 MB | 1.1/1.1 MB | 122/156 kBProgress (3): 2.8/17 MB | 1.1/1.1 MB | 122/156 kBProgress (3): 2.8/17 MB | 1.1/1.1 MB | 122/156 kBProgress (3): 2.9/17 MB | 1.1/1.1 MB | 122/156 kBProgress (3): 2.9/17 MB | 1.1/1.1 MB | 122/156 kBProgress (3): 2.9/17 MB | 1.1/1.1 MB | 122/156 kBProgress (3): 2.9/17 MB | 1.1/1.1 MB | 122/156 kBProgress (3): 2.9/17 MB | 1.1/1.1 MB | 122/156 kBProgress (3): 2.9/17 MB | 1.1/1.1 MB | 139/156 kBProgress (3): 2.9/17 MB | 1.1/1.1 MB | 139/156 kBProgress (3): 2.9/17 MB | 1.1/1.1 MB | 139/156 kBProgress (3): 3.0/17 MB | 1.1/1.1 MB | 139/156 kBProgress (3): 3.0/17 MB | 1.1/1.1 MB | 139/156 kBProgress (3): 3.0/17 MB | 1.1/1.1 MB | 139/156 kBProgress (3): 3.0/17 MB | 1.1/1.1 MB | 139/156 kBProgress (3): 3.0/17 MB | 1.1/1.1 MB | 139/156 kBProgress (3): 3.0/17 MB | 1.1/1.1 MB | 139/156 kBProgress (3): 3.1/17 MB | 1.1/1.1 MB | 139/156 kBProgress (3): 3.1/17 MB | 1.1/1.1 MB | 139/156 kBProgress (3): 3.1/17 MB | 1.1/1.1 MB | 139/156 kBProgress (3): 3.1/17 MB | 1.1/1.1 MB | 139/156 kBProgress (3): 3.1/17 MB | 1.1/1.1 MB | 139/156 kBProgress (3): 3.1/17 MB | 1.1/1.1 MB | 139/156 kBProgress (3): 3.2/17 MB | 1.1/1.1 MB | 139/156 kBProgress (3): 3.2/17 MB | 1.1/1.1 MB | 139/156 kBProgress (3): 3.2/17 MB | 1.1/1.1 MB | 139/156 kBProgress (3): 3.2/17 MB | 1.1/1.1 MB | 139/156 kBProgress (4): 3.2/17 MB | 1.1/1.1 MB | 139/156 kB | 7.7/314 kBProgress (4): 3.2/17 MB | 1.1/1.1 MB | 139/156 kB | 11/314 kB Progress (4): 3.2/17 MB | 1.1/1.1 MB | 139/156 kB | 11/314 kBProgress (4): 3.2/17 MB | 1.1/1.1 MB | 139/156 kB | 11/314 kBProgress (4): 3.2/17 MB | 1.1/1.1 MB | 139/156 kB | 28/314 kBProgress (4): 3.2/17 MB | 1.1/1.1 MB | 139/156 kB | 28/314 kBProgress (4): 3.3/17 MB | 1.1/1.1 MB | 139/156 kB | 28/314 kBProgress (4): 3.3/17 MB | 1.1/1.1 MB | 139/156 kB | 44/314 kBProgress (4): 3.3/17 MB | 1.1/1.1 MB | 139/156 kB | 61/314 kBProgress (4): 3.3/17 MB | 1.1/1.1 MB | 139/156 kB | 61/314 kBProgress (4): 3.3/17 MB | 1.1/1.1 MB | 139/156 kB | 61/314 kBProgress (4): 3.3/17 MB | 1.1/1.1 MB | 139/156 kB | 61/314 kBProgress (4): 3.3/17 MB | 1.1/1.1 MB | 139/156 kB | 61/314 kBProgress (4): 3.3/17 MB | 1.1/1.1 MB | 155/156 kB | 61/314 kBProgress (4): 3.3/17 MB | 1.1/1.1 MB | 155/156 kB | 61/314 kBProgress (4): 3.3/17 MB | 1.1/1.1 MB | 156 kB | 61/314 kB    Progress (4): 3.4/17 MB | 1.1/1.1 MB | 156 kB | 61/314 kBProgress (4): 3.4/17 MB | 1.1/1.1 MB | 156 kB | 77/314 kBProgress (4): 3.4/17 MB | 1.1/1.1 MB | 156 kB | 77/314 kBProgress (4): 3.4/17 MB | 1.1/1.1 MB | 156 kB | 93/314 kBProgress (4): 3.4/17 MB | 1.1/1.1 MB | 156 kB | 93/314 kBProgress (4): 3.4/17 MB | 1.1/1.1 MB | 156 kB | 93/314 kBProgress (4): 3.4/17 MB | 1.1/1.1 MB | 156 kB | 110/314 kBProgress (4): 3.4/17 MB | 1.1/1.1 MB | 156 kB | 110/314 kBProgress (4): 3.4/17 MB | 1.1/1.1 MB | 156 kB | 110/314 kBProgress (4): 3.5/17 MB | 1.1/1.1 MB | 156 kB | 110/314 kBProgress (4): 3.5/17 MB | 1.1/1.1 MB | 156 kB | 110/314 kBProgress (4): 3.5/17 MB | 1.1/1.1 MB | 156 kB | 110/314 kBProgress (4): 3.5/17 MB | 1.1/1.1 MB | 156 kB | 110/314 kBProgress (4): 3.5/17 MB | 1.1/1.1 MB | 156 kB | 110/314 kB                                                          Downloaded from central: https://repo.maven.apache.org/maven2/org/eclipse/lsp4j/org.eclipse.lsp4j.jsonrpc/1.0.0/org.eclipse.lsp4j.jsonrpc-1.0.0.jar (156 kB at 534 kB/s)
#20 7.087 Downloading from central: https://repo.maven.apache.org/maven2/org/junit/jupiter/junit-jupiter/5.10.2/junit-jupiter-5.10.2.jar
#20 7.087 Progress (3): 3.5/17 MB | 1.1/1.1 MB | 110/314 kBProgress (3): 3.6/17 MB | 1.1/1.1 MB | 110/314 kBProgress (3): 3.6/17 MB | 1.1/1.1 MB | 110/314 kBProgress (3): 3.6/17 MB | 1.1/1.1 MB | 110/314 kBProgress (3): 3.6/17 MB | 1.1/1.1 MB | 110/314 kBProgress (3): 3.6/17 MB | 1.1/1.1 MB | 110/314 kBProgress (3): 3.6/17 MB | 1.1/1.1 MB | 110/314 kBProgress (3): 3.7/17 MB | 1.1/1.1 MB | 110/314 kBProgress (3): 3.7/17 MB | 1.1/1.1 MB | 126/314 kBProgress (3): 3.7/17 MB | 1.1/1.1 MB | 126/314 kBProgress (3): 3.7/17 MB | 1.1/1.1 MB | 126/314 kBProgress (3): 3.7/17 MB | 1.1/1.1 MB | 142/314 kBProgress (3): 3.7/17 MB | 1.1/1.1 MB | 142/314 kBProgress (3): 3.7/17 MB | 1.1/1.1 MB | 142/314 kBProgress (3): 3.7/17 MB | 1.1/1.1 MB | 142/314 kBProgress (3): 3.8/17 MB | 1.1/1.1 MB | 142/314 kBProgress (3): 3.8/17 MB | 1.1/1.1 MB | 142/314 kBProgress (3): 3.8/17 MB | 1.1/1.1 MB | 142/314 kBProgress (3): 3.8/17 MB | 1.1/1.1 MB | 142/314 kBProgress (3): 3.8/17 MB | 1.1/1.1 MB | 159/314 kBProgress (3): 3.8/17 MB | 1.1/1.1 MB | 159/314 kBProgress (3): 3.8/17 MB | 1.1/1.1 MB | 175/314 kBProgress (3): 3.8/17 MB | 1.1/1.1 MB | 175/314 kBProgress (3): 3.8/17 MB | 1.1/1.1 MB | 192/314 kBProgress (3): 3.9/17 MB | 1.1/1.1 MB | 192/314 kBProgress (3): 3.9/17 MB | 1.1/1.1 MB | 192/314 kBProgress (3): 3.9/17 MB | 1.1/1.1 MB | 192/314 kBProgress (3): 3.9/17 MB | 1.1/1.1 MB | 192/314 kBProgress (3): 3.9/17 MB | 1.1/1.1 MB | 192/314 kBProgress (3): 3.9/17 MB | 1.1/1.1 MB | 192/314 kBProgress (3): 4.0/17 MB | 1.1/1.1 MB | 192/314 kBProgress (3): 4.0/17 MB | 1.1/1.1 MB | 192/314 kBProgress (3): 4.0/17 MB | 1.1/1.1 MB | 192/314 kBProgress (3): 4.0/17 MB | 1.1/1.1 MB | 192/314 kBProgress (3): 4.0/17 MB | 1.1/1.1 MB | 192/314 kBProgress (3): 4.0/17 MB | 1.1/1.1 MB | 192/314 kBProgress (3): 4.0/17 MB | 1.1/1.1 MB | 192/314 kBProgress (3): 4.0/17 MB | 1.1/1.1 MB | 192/314 kBProgress (3): 4.1/17 MB | 1.1/1.1 MB | 192/314 kBProgress (3): 4.1/17 MB | 1.1/1.1 MB | 192/314 kBProgress (3): 4.1/17 MB | 1.1/1.1 MB | 208/314 kBProgress (3): 4.1/17 MB | 1.1/1.1 MB | 208/314 kBProgress (3): 4.1/17 MB | 1.1/1.1 MB | 224/314 kBProgress (3): 4.1/17 MB | 1.1/1.1 MB | 224/314 kBProgress (3): 4.1/17 MB | 1.1/1.1 MB | 224/314 kBProgress (3): 4.1/17 MB | 1.1/1.1 MB | 241/314 kBProgress (3): 4.1/17 MB | 1.1/1.1 MB | 241/314 kBProgress (3): 4.1/17 MB | 1.1/1.1 MB | 250/314 kBProgress (3): 4.1/17 MB | 1.1/1.1 MB | 250/314 kBProgress (3): 4.1/17 MB | 1.1/1.1 MB | 266/314 kBProgress (3): 4.2/17 MB | 1.1/1.1 MB | 266/314 kBProgress (3): 4.2/17 MB | 1.1/1.1 MB | 266/314 kBProgress (3): 4.2/17 MB | 1.1/1.1 MB | 282/314 kBProgress (3): 4.2/17 MB | 1.1/1.1 MB | 282/314 kBProgress (3): 4.2/17 MB | 1.1/1.1 MB | 282/314 kBProgress (3): 4.2/17 MB | 1.1/1.1 MB | 299/314 kBProgress (3): 4.2/17 MB | 1.1/1.1 MB | 299/314 kBProgress (3): 4.2/17 MB | 1.1/1.1 MB | 314 kB    Progress (3): 4.2/17 MB | 1.1/1.1 MB | 314 kBProgress (3): 4.3/17 MB | 1.1/1.1 MB | 314 kBProgress (3): 4.3/17 MB | 1.1/1.1 MB | 314 kBProgress (3): 4.3/17 MB | 1.1/1.1 MB | 314 kBProgress (3): 4.3/17 MB | 1.1/1.1 MB | 314 kBProgress (3): 4.3/17 MB | 1.1/1.1 MB | 314 kB                                             Downloaded from central: https://repo.maven.apache.org/maven2/com/google/code/gson/gson/2.14.0/gson-2.14.0.jar (314 kB at 1.1 MB/s)
#20 7.091 Downloading from central: https://repo.maven.apache.org/maven2/org/junit/jupiter/junit-jupiter-api/5.10.2/junit-jupiter-api-5.10.2.jar
#20 7.091 Progress (2): 4.3/17 MB | 1.1/1.1 MBProgress (2): 4.4/17 MB | 1.1/1.1 MBProgress (2): 4.4/17 MB | 1.1/1.1 MBProgress (2): 4.4/17 MB | 1.1/1.1 MBProgress (2): 4.4/17 MB | 1.1/1.1 MBProgress (2): 4.4/17 MB | 1.1/1.1 MBProgress (2): 4.4/17 MB | 1.1/1.1 MBProgress (2): 4.5/17 MB | 1.1/1.1 MBProgress (2): 4.5/17 MB | 1.1/1.1 MBProgress (2): 4.5/17 MB | 1.1/1.1 MBProgress (2): 4.5/17 MB | 1.1/1.1 MBProgress (2): 4.5/17 MB | 1.1/1.1 MBProgress (2): 4.5/17 MB | 1.1/1.1 MBProgress (2): 4.6/17 MB | 1.1/1.1 MBProgress (2): 4.6/17 MB | 1.1/1.1 MBProgress (2): 4.6/17 MB | 1.1/1.1 MBProgress (2): 4.6/17 MB | 1.1/1.1 MBProgress (2): 4.6/17 MB | 1.1/1.1 MBProgress (2): 4.6/17 MB | 1.1/1.1 MBProgress (2): 4.6/17 MB | 1.1/1.1 MBProgress (2): 4.6/17 MB | 1.1/1.1 MBProgress (2): 4.7/17 MB | 1.1/1.1 MBProgress (2): 4.7/17 MB | 1.1/1.1 MBProgress (2): 4.7/17 MB | 1.1/1.1 MBProgress (2): 4.7/17 MB | 1.1/1.1 MBProgress (2): 4.7/17 MB | 1.1/1.1 MBProgress (2): 4.7/17 MB | 1.1/1.1 MBProgress (2): 4.7/17 MB | 1.1/1.1 MBProgress (2): 4.8/17 MB | 1.1/1.1 MBProgress (2): 4.8/17 MB | 1.1/1.1 MBProgress (2): 4.8/17 MB | 1.1/1.1 MBProgress (2): 4.8/17 MB | 1.1/1.1 MBProgress (2): 4.8/17 MB | 1.1/1.1 MBProgress (2): 4.8/17 MB | 1.1/1.1 MBProgress (2): 4.9/17 MB | 1.1/1.1 MBProgress (2): 4.9/17 MB | 1.1/1.1 MBProgress (2): 4.9/17 MB | 1.1/1.1 MBProgress (2): 4.9/17 MB | 1.1/1.1 MBProgress (2): 4.9/17 MB | 1.1/1.1 MBProgress (2): 4.9/17 MB | 1.1/1.1 MBProgress (2): 4.9/17 MB | 1.1/1.1 MBProgress (2): 5.0/17 MB | 1.1/1.1 MBProgress (2): 5.0/17 MB | 1.1/1.1 MBProgress (2): 5.0/17 MB | 1.1/1.1 MBProgress (2): 5.0/17 MB | 1.1/1.1 MBProgress (2): 5.0/17 MB | 1.1/1.1 MBProgress (2): 5.0/17 MB | 1.1/1.1 MBProgress (2): 5.1/17 MB | 1.1/1.1 MBProgress (2): 5.1/17 MB | 1.1/1.1 MBProgress (2): 5.1/17 MB | 1.1/1.1 MBProgress (2): 5.1/17 MB | 1.1/1.1 MBProgress (2): 5.1/17 MB | 1.1/1.1 MBProgress (2): 5.1/17 MB | 1.1/1.1 MBProgress (2): 5.2/17 MB | 1.1/1.1 MBProgress (2): 5.2/17 MB | 1.1/1.1 MBProgress (2): 5.2/17 MB | 1.1/1.1 MBProgress (2): 5.2/17 MB | 1.1/1.1 MBProgress (2): 5.2/17 MB | 1.1/1.1 MBProgress (2): 5.2/17 MB | 1.1/1.1 MBProgress (2): 5.3/17 MB | 1.1/1.1 MBProgress (2): 5.3/17 MB | 1.1/1.1 MBProgress (2): 5.3/17 MB | 1.1/1.1 MBProgress (2): 5.3/17 MB | 1.1/1.1 MBProgress (2): 5.3/17 MB | 1.1/1.1 MBProgress (2): 5.3/17 MB | 1.1/1.1 MBProgress (2): 5.3/17 MB | 1.1/1.1 MBProgress (2): 5.4/17 MB | 1.1/1.1 MBProgress (2): 5.4/17 MB | 1.1/1.1 MBProgress (2): 5.4/17 MB | 1.1/1.1 MBProgress (2): 5.4/17 MB | 1.1/1.1 MBProgress (2): 5.4/17 MB | 1.1/1.1 MBProgress (2): 5.4/17 MB | 1.1/1.1 MBProgress (2): 5.5/17 MB | 1.1/1.1 MBProgress (2): 5.5/17 MB | 1.1/1.1 MBProgress (2): 5.5/17 MB | 1.1/1.1 MBProgress (2): 5.5/17 MB | 1.1/1.1 MBProgress (2): 5.5/17 MB | 1.1/1.1 MBProgress (2): 5.5/17 MB | 1.1/1.1 MBProgress (3): 5.5/17 MB | 1.1/1.1 MB | 7.7/20 kBProgress (3): 5.5/17 MB | 1.1/1.1 MB | 16/20 kB Progress (3): 5.6/17 MB | 1.1/1.1 MB | 16/20 kBProgress (3): 5.6/17 MB | 1.1/1.1 MB | 16/20 kBProgress (3): 5.6/17 MB | 1.1/1.1 MB | 16/20 kBProgress (3): 5.6/17 MB | 1.1/1.1 MB | 16/20 kBProgress (3): 5.6/17 MB | 1.1/1.1 MB | 16/20 kBProgress (3): 5.6/17 MB | 1.1/1.1 MB | 16/20 kBProgress (3): 5.7/17 MB | 1.1/1.1 MB | 16/20 kBProgress (3): 5.7/17 MB | 1.1/1.1 MB | 16/20 kBProgress (3): 5.7/17 MB | 1.1/1.1 MB | 16/20 kBProgress (3): 5.7/17 MB | 1.1/1.1 MB | 16/20 kBProgress (3): 5.7/17 MB | 1.1/1.1 MB | 16/20 kBProgress (3): 5.7/17 MB | 1.1/1.1 MB | 16/20 kBProgress (3): 5.8/17 MB | 1.1/1.1 MB | 16/20 kBProgress (3): 5.8/17 MB | 1.1/1.1 MB | 16/20 kBProgress (3): 5.8/17 MB | 1.1/1.1 MB | 16/20 kBProgress (3): 5.8/17 MB | 1.1/1.1 MB | 16/20 kBProgress (3): 5.8/17 MB | 1.1/1.1 MB | 16/20 kBProgress (3): 5.8/17 MB | 1.1/1.1 MB | 16/20 kBProgress (3): 5.9/17 MB | 1.1/1.1 MB | 16/20 kBProgress (3): 5.9/17 MB | 1.1/1.1 MB | 16/20 kBProgress (3): 5.9/17 MB | 1.1/1.1 MB | 16/20 kBProgress (3): 5.9/17 MB | 1.1/1.1 MB | 16/20 kBProgress (3): 5.9/17 MB | 1.1/1.1 MB | 16/20 kBProgress (3): 5.9/17 MB | 1.1/1.1 MB | 16/20 kBProgress (3): 5.9/17 MB | 1.1/1.1 MB | 16/20 kBProgress (3): 6.0/17 MB | 1.1/1.1 MB | 16/20 kBProgress (3): 6.0/17 MB | 1.1/1.1 MB | 16/20 kBProgress (3): 6.0/17 MB | 1.1/1.1 MB | 16/20 kBProgress (3): 6.0/17 MB | 1.1/1.1 MB | 16/20 kBProgress (3): 6.0/17 MB | 1.1/1.1 MB | 16/20 kBProgress (4): 6.0/17 MB | 1.1/1.1 MB | 16/20 kB | 3.1/6.4 kBProgress (4): 6.0/17 MB | 1.1/1.1 MB | 16/20 kB | 3.1/6.4 kBProgress (4): 6.1/17 MB | 1.1/1.1 MB | 16/20 kB | 3.1/6.4 kBProgress (4): 6.1/17 MB | 1.1/1.1 MB | 16/20 kB | 3.1/6.4 kBProgress (4): 6.1/17 MB | 1.1/1.1 MB | 16/20 kB | 6.4 kB    Progress (4): 6.1/17 MB | 1.1/1.1 MB | 16/20 kB | 6.4 kBProgress (4): 6.1/17 MB | 1.1/1.1 MB | 16/20 kB | 6.4 kBProgress (4): 6.1/17 MB | 1.1/1.1 MB | 16/20 kB | 6.4 kBProgress (4): 6.1/17 MB | 1.1/1.1 MB | 16/20 kB | 6.4 kBProgress (4): 6.2/17 MB | 1.1/1.1 MB | 16/20 kB | 6.4 kBProgress (4): 6.2/17 MB | 1.1/1.1 MB | 16/20 kB | 6.4 kBProgress (4): 6.2/17 MB | 1.1/1.1 MB | 16/20 kB | 6.4 kBProgress (4): 6.2/17 MB | 1.1/1.1 MB | 16/20 kB | 6.4 kB                                                        Downloaded from central: https://repo.maven.apache.org/maven2/org/junit/jupiter/junit-jupiter/5.10.2/junit-jupiter-5.10.2.jar (6.4 kB at 19 kB/s)
#20 7.123 Downloading from central: https://repo.maven.apache.org/maven2/org/opentest4j/opentest4j/1.3.0/opentest4j-1.3.0.jar
#20 7.123 Progress (3): 6.2/17 MB | 1.1/1.1 MB | 16/20 kBProgress (3): 6.2/17 MB | 1.1/1.1 MB | 16/20 kBProgress (3): 6.3/17 MB | 1.1/1.1 MB | 16/20 kBProgress (3): 6.3/17 MB | 1.1/1.1 MB | 16/20 kBProgress (3): 6.3/17 MB | 1.1/1.1 MB | 16/20 kBProgress (3): 6.3/17 MB | 1.1/1.1 MB | 16/20 kBProgress (3): 6.3/17 MB | 1.1/1.1 MB | 16/20 kBProgress (3): 6.3/17 MB | 1.1 MB | 16/20 kB    Progress (3): 6.3/17 MB | 1.1 MB | 16/20 kBProgress (3): 6.3/17 MB | 1.1 MB | 16/20 kBProgress (3): 6.4/17 MB | 1.1 MB | 16/20 kBProgress (3): 6.4/17 MB | 1.1 MB | 16/20 kBProgress (3): 6.4/17 MB | 1.1 MB | 16/20 kBProgress (3): 6.4/17 MB | 1.1 MB | 16/20 kBProgress (3): 6.4/17 MB | 1.1 MB | 16/20 kB                                           Downloaded from central: https://repo.maven.apache.org/maven2/org/graalvm/tools/lsp-tool/25.3.4.1/lsp-tool-25.3.4.1.jar (1.1 MB at 3.4 MB/s)
#20 7.124 Downloading from central: https://repo.maven.apache.org/maven2/org/junit/platform/junit-platform-commons/1.10.2/junit-platform-commons-1.10.2.jar
#20 7.124 Progress (2): 6.4/17 MB | 16/20 kBProgress (2): 6.5/17 MB | 16/20 kBProgress (2): 6.5/17 MB | 16/20 kBProgress (2): 6.5/17 MB | 16/20 kBProgress (2): 6.5/17 MB | 16/20 kBProgress (2): 6.5/17 MB | 16/20 kBProgress (2): 6.5/17 MB | 16/20 kBProgress (2): 6.5/17 MB | 16/20 kBProgress (2): 6.6/17 MB | 16/20 kBProgress (2): 6.6/17 MB | 16/20 kBProgress (2): 6.6/17 MB | 16/20 kBProgress (2): 6.6/17 MB | 16/20 kBProgress (2): 6.6/17 MB | 16/20 kBProgress (2): 6.6/17 MB | 16/20 kBProgress (2): 6.7/17 MB | 16/20 kBProgress (2): 6.7/17 MB | 16/20 kBProgress (2): 6.7/17 MB | 16/20 kBProgress (2): 6.7/17 MB | 16/20 kBProgress (2): 6.7/17 MB | 16/20 kBProgress (2): 6.7/17 MB | 16/20 kBProgress (2): 6.8/17 MB | 16/20 kBProgress (2): 6.8/17 MB | 16/20 kBProgress (2): 6.8/17 MB | 16/20 kBProgress (2): 6.8/17 MB | 16/20 kBProgress (2): 6.8/17 MB | 16/20 kBProgress (2): 6.8/17 MB | 16/20 kBProgress (2): 6.8/17 MB | 16/20 kBProgress (2): 6.9/17 MB | 16/20 kBProgress (2): 6.9/17 MB | 16/20 kBProgress (2): 6.9/17 MB | 16/20 kBProgress (2): 6.9/17 MB | 16/20 kBProgress (2): 6.9/17 MB | 16/20 kBProgress (2): 6.9/17 MB | 16/20 kBProgress (2): 7.0/17 MB | 16/20 kBProgress (2): 7.0/17 MB | 16/20 kBProgress (2): 7.0/17 MB | 16/20 kBProgress (2): 7.0/17 MB | 16/20 kBProgress (2): 7.0/17 MB | 16/20 kBProgress (2): 7.0/17 MB | 16/20 kBProgress (2): 7.1/17 MB | 16/20 kBProgress (2): 7.1/17 MB | 16/20 kBProgress (2): 7.1/17 MB | 16/20 kBProgress (2): 7.1/17 MB | 16/20 kBProgress (2): 7.1/17 MB | 16/20 kBProgress (2): 7.1/17 MB | 16/20 kBProgress (2): 7.1/17 MB | 16/20 kBProgress (2): 7.2/17 MB | 16/20 kBProgress (2): 7.2/17 MB | 16/20 kBProgress (2): 7.2/17 MB | 16/20 kBProgress (2): 7.2/17 MB | 16/20 kBProgress (2): 7.2/17 MB | 16/20 kBProgress (2): 7.2/17 MB | 16/20 kBProgress (2): 7.3/17 MB | 16/20 kBProgress (2): 7.3/17 MB | 16/20 kBProgress (2): 7.3/17 MB | 16/20 kBProgress (2): 7.3/17 MB | 16/20 kBProgress (2): 7.3/17 MB | 16/20 kBProgress (2): 7.3/17 MB | 16/20 kBProgress (2): 7.3/17 MB | 16/20 kBProgress (2): 7.4/17 MB | 16/20 kBProgress (2): 7.4/17 MB | 16/20 kBProgress (2): 7.4/17 MB | 16/20 kBProgress (2): 7.4/17 MB | 16/20 kBProgress (2): 7.4/17 MB | 16/20 kBProgress (2): 7.4/17 MB | 16/20 kBProgress (2): 7.5/17 MB | 16/20 kBProgress (2): 7.5/17 MB | 16/20 kBProgress (2): 7.5/17 MB | 16/20 kBProgress (2): 7.5/17 MB | 16/20 kBProgress (2): 7.5/17 MB | 16/20 kBProgress (2): 7.5/17 MB | 16/20 kBProgress (2): 7.6/17 MB | 16/20 kBProgress (2): 7.6/17 MB | 16/20 kBProgress (2): 7.6/17 MB | 16/20 kBProgress (2): 7.6/17 MB | 16/20 kBProgress (2): 7.6/17 MB | 16/20 kBProgress (2): 7.6/17 MB | 16/20 kBProgress (3): 7.6/17 MB | 16/20 kB | 7.7/211 kBProgress (3): 7.6/17 MB | 16/20 kB | 11/211 kB Progress (3): 7.6/17 MB | 16/20 kB | 28/211 kBProgress (3): 7.6/17 MB | 16/20 kB | 44/211 kBProgress (3): 7.6/17 MB | 16/20 kB | 60/211 kBProgress (3): 7.6/17 MB | 16/20 kB | 77/211 kBProgress (3): 7.6/17 MB | 20 kB | 77/211 kB                                              Downloaded from central: https://repo.maven.apache.org/maven2/com/google/errorprone/error_prone_annotations/2.48.0/error_prone_annotations-2.48.0.jar (20 kB at 59 kB/s)
#20 7.137 Downloading from central: https://repo.maven.apache.org/maven2/org/apiguardian/apiguardian-api/1.1.2/apiguardian-api-1.1.2.jar
#20 7.138 Progress (2): 7.7/17 MB | 77/211 kBProgress (2): 7.7/17 MB | 77/211 kBProgress (2): 7.7/17 MB | 77/211 kBProgress (2): 7.7/17 MB | 77/211 kBProgress (2): 7.7/17 MB | 77/211 kBProgress (2): 7.7/17 MB | 77/211 kBProgress (2): 7.8/17 MB | 77/211 kBProgress (2): 7.8/17 MB | 77/211 kBProgress (2): 7.8/17 MB | 77/211 kBProgress (2): 7.8/17 MB | 77/211 kBProgress (2): 7.8/17 MB | 77/211 kBProgress (2): 7.8/17 MB | 77/211 kBProgress (2): 7.9/17 MB | 77/211 kBProgress (2): 7.9/17 MB | 77/211 kBProgress (2): 7.9/17 MB | 77/211 kBProgress (2): 7.9/17 MB | 77/211 kBProgress (2): 7.9/17 MB | 77/211 kBProgress (2): 7.9/17 MB | 77/211 kBProgress (2): 7.9/17 MB | 77/211 kBProgress (2): 8.0/17 MB | 77/211 kBProgress (2): 8.0/17 MB | 77/211 kBProgress (2): 8.0/17 MB | 77/211 kBProgress (2): 8.0/17 MB | 77/211 kBProgress (2): 8.0/17 MB | 77/211 kBProgress (2): 8.0/17 MB | 77/211 kBProgress (2): 8.1/17 MB | 77/211 kBProgress (2): 8.1/17 MB | 77/211 kBProgress (2): 8.1/17 MB | 77/211 kBProgress (2): 8.1/17 MB | 77/211 kBProgress (2): 8.1/17 MB | 77/211 kBProgress (2): 8.1/17 MB | 77/211 kBProgress (2): 8.2/17 MB | 77/211 kBProgress (2): 8.2/17 MB | 77/211 kBProgress (2): 8.2/17 MB | 77/211 kBProgress (2): 8.2/17 MB | 77/211 kBProgress (2): 8.2/17 MB | 77/211 kBProgress (2): 8.2/17 MB | 77/211 kBProgress (2): 8.2/17 MB | 77/211 kBProgress (2): 8.3/17 MB | 77/211 kBProgress (2): 8.3/17 MB | 77/211 kBProgress (2): 8.3/17 MB | 77/211 kBProgress (2): 8.3/17 MB | 77/211 kBProgress (2): 8.3/17 MB | 77/211 kBProgress (2): 8.3/17 MB | 77/211 kBProgress (2): 8.4/17 MB | 77/211 kBProgress (2): 8.4/17 MB | 77/211 kBProgress (2): 8.4/17 MB | 77/211 kBProgress (2): 8.4/17 MB | 77/211 kBProgress (2): 8.4/17 MB | 77/211 kBProgress (2): 8.4/17 MB | 77/211 kBProgress (2): 8.5/17 MB | 77/211 kBProgress (2): 8.5/17 MB | 77/211 kBProgress (2): 8.5/17 MB | 77/211 kBProgress (2): 8.5/17 MB | 77/211 kBProgress (2): 8.5/17 MB | 77/211 kBProgress (2): 8.5/17 MB | 77/211 kBProgress (2): 8.6/17 MB | 77/211 kBProgress (2): 8.6/17 MB | 77/211 kBProgress (2): 8.6/17 MB | 77/211 kBProgress (2): 8.6/17 MB | 77/211 kBProgress (2): 8.6/17 MB | 77/211 kBProgress (2): 8.6/17 MB | 77/211 kBProgress (2): 8.7/17 MB | 77/211 kBProgress (2): 8.7/17 MB | 77/211 kBProgress (2): 8.7/17 MB | 77/211 kBProgress (2): 8.7/17 MB | 77/211 kBProgress (2): 8.7/17 MB | 77/211 kBProgress (2): 8.7/17 MB | 77/211 kBProgress (2): 8.7/17 MB | 77/211 kBProgress (2): 8.8/17 MB | 77/211 kBProgress (2): 8.8/17 MB | 77/211 kBProgress (2): 8.8/17 MB | 77/211 kBProgress (2): 8.8/17 MB | 77/211 kBProgress (2): 8.8/17 MB | 77/211 kBProgress (2): 8.8/17 MB | 77/211 kBProgress (2): 8.9/17 MB | 77/211 kBProgress (2): 8.9/17 MB | 77/211 kBProgress (2): 8.9/17 MB | 77/211 kBProgress (2): 8.9/17 MB | 77/211 kBProgress (2): 8.9/17 MB | 77/211 kBProgress (2): 8.9/17 MB | 77/211 kBProgress (2): 8.9/17 MB | 77/211 kBProgress (2): 9.0/17 MB | 77/211 kBProgress (2): 9.0/17 MB | 77/211 kBProgress (2): 9.0/17 MB | 77/211 kBProgress (2): 9.0/17 MB | 93/211 kBProgress (2): 9.0/17 MB | 110/211 kBProgress (2): 9.0/17 MB | 126/211 kBProgress (2): 9.0/17 MB | 142/211 kBProgress (2): 9.0/17 MB | 159/211 kBProgress (2): 9.0/17 MB | 175/211 kBProgress (2): 9.0/17 MB | 192/211 kBProgress (2): 9.0/17 MB | 208/211 kBProgress (2): 9.0/17 MB | 211 kB    Progress (3): 9.0/17 MB | 211 kB | 7.3/14 kBProgress (3): 9.0/17 MB | 211 kB | 14 kB                                            Downloaded from central: https://repo.maven.apache.org/maven2/org/junit/jupiter/junit-jupiter-api/5.10.2/junit-jupiter-api-5.10.2.jar (211 kB at 581 kB/s)
#20 7.159 Downloaded from central: https://repo.maven.apache.org/maven2/org/opentest4j/opentest4j/1.3.0/opentest4j-1.3.0.jar (14 kB at 39 kB/s)
#20 7.159 Downloading from central: https://repo.maven.apache.org/maven2/org/junit/jupiter/junit-jupiter-params/5.10.2/junit-jupiter-params-5.10.2.jar
#20 7.159 Downloading from central: https://repo.maven.apache.org/maven2/org/junit/jupiter/junit-jupiter-engine/5.10.2/junit-jupiter-engine-5.10.2.jar
#20 7.162 Progress (2): 9.0/17 MB | 7.7/106 kBProgress (2): 9.0/17 MB | 16/106 kB Progress (2): 9.0/17 MB | 25/106 kBProgress (2): 9.0/17 MB | 41/106 kBProgress (3): 9.0/17 MB | 41/106 kB | 3.1/6.8 kBProgress (3): 9.0/17 MB | 41/106 kB | 6.8 kB                                                Downloaded from central: https://repo.maven.apache.org/maven2/org/apiguardian/apiguardian-api/1.1.2/apiguardian-api-1.1.2.jar (6.8 kB at 18 kB/s)
#20 7.171 Downloading from central: https://repo.maven.apache.org/maven2/org/junit/platform/junit-platform-engine/1.10.2/junit-platform-engine-1.10.2.jar
#20 7.173 Progress (2): 9.0/17 MB | 41/106 kBProgress (2): 9.0/17 MB | 41/106 kBProgress (2): 9.0/17 MB | 41/106 kBProgress (2): 9.1/17 MB | 41/106 kBProgress (2): 9.1/17 MB | 41/106 kBProgress (2): 9.1/17 MB | 41/106 kBProgress (2): 9.1/17 MB | 41/106 kBProgress (2): 9.1/17 MB | 41/106 kBProgress (2): 9.1/17 MB | 41/106 kBProgress (2): 9.2/17 MB | 41/106 kBProgress (2): 9.2/17 MB | 41/106 kBProgress (2): 9.2/17 MB | 41/106 kBProgress (2): 9.2/17 MB | 41/106 kBProgress (2): 9.2/17 MB | 41/106 kBProgress (2): 9.2/17 MB | 41/106 kBProgress (2): 9.3/17 MB | 41/106 kBProgress (2): 9.3/17 MB | 41/106 kBProgress (2): 9.3/17 MB | 41/106 kBProgress (2): 9.3/17 MB | 41/106 kBProgress (2): 9.3/17 MB | 41/106 kBProgress (2): 9.3/17 MB | 41/106 kBProgress (2): 9.3/17 MB | 41/106 kBProgress (2): 9.4/17 MB | 41/106 kBProgress (2): 9.4/17 MB | 41/106 kBProgress (2): 9.4/17 MB | 41/106 kBProgress (2): 9.4/17 MB | 41/106 kBProgress (2): 9.4/17 MB | 41/106 kBProgress (2): 9.4/17 MB | 41/106 kBProgress (2): 9.5/17 MB | 41/106 kBProgress (2): 9.5/17 MB | 41/106 kBProgress (2): 9.5/17 MB | 41/106 kBProgress (2): 9.5/17 MB | 41/106 kBProgress (2): 9.5/17 MB | 41/106 kBProgress (2): 9.5/17 MB | 41/106 kBProgress (2): 9.6/17 MB | 41/106 kBProgress (2): 9.6/17 MB | 41/106 kBProgress (2): 9.6/17 MB | 41/106 kBProgress (2): 9.6/17 MB | 41/106 kBProgress (2): 9.6/17 MB | 41/106 kBProgress (2): 9.6/17 MB | 41/106 kBProgress (2): 9.7/17 MB | 41/106 kBProgress (2): 9.7/17 MB | 41/106 kBProgress (2): 9.7/17 MB | 41/106 kBProgress (2): 9.7/17 MB | 41/106 kBProgress (2): 9.7/17 MB | 41/106 kBProgress (2): 9.7/17 MB | 41/106 kBProgress (2): 9.8/17 MB | 41/106 kBProgress (2): 9.8/17 MB | 41/106 kBProgress (2): 9.8/17 MB | 41/106 kBProgress (2): 9.8/17 MB | 41/106 kBProgress (2): 9.8/17 MB | 41/106 kBProgress (2): 9.8/17 MB | 41/106 kBProgress (2): 9.9/17 MB | 41/106 kBProgress (2): 9.9/17 MB | 41/106 kBProgress (2): 9.9/17 MB | 41/106 kBProgress (2): 9.9/17 MB | 41/106 kBProgress (2): 9.9/17 MB | 41/106 kBProgress (2): 9.9/17 MB | 41/106 kBProgress (2): 10.0/17 MB | 41/106 kBProgress (2): 10.0/17 MB | 41/106 kBProgress (2): 10.0/17 MB | 41/106 kBProgress (2): 10.0/17 MB | 41/106 kBProgress (2): 10/17 MB | 41/106 kB  Progress (2): 10/17 MB | 41/106 kBProgress (2): 10/17 MB | 41/106 kBProgress (2): 10/17 MB | 41/106 kBProgress (2): 10/17 MB | 41/106 kBProgress (2): 10/17 MB | 41/106 kBProgress (2): 10/17 MB | 41/106 kBProgress (2): 10/17 MB | 41/106 kBProgress (2): 10/17 MB | 41/106 kBProgress (2): 10/17 MB | 41/106 kBProgress (2): 10/17 MB | 41/106 kBProgress (2): 10/17 MB | 41/106 kBProgress (2): 10/17 MB | 41/106 kBProgress (2): 10/17 MB | 41/106 kBProgress (2): 10/17 MB | 41/106 kBProgress (2): 10/17 MB | 41/106 kBProgress (2): 10/17 MB | 41/106 kBProgress (2): 10/17 MB | 41/106 kBProgress (2): 10/17 MB | 41/106 kBProgress (2): 10/17 MB | 41/106 kBProgress (2): 10/17 MB | 41/106 kBProgress (2): 10/17 MB | 41/106 kBProgress (2): 10/17 MB | 41/106 kBProgress (2): 10/17 MB | 41/106 kBProgress (2): 10/17 MB | 41/106 kBProgress (2): 10/17 MB | 41/106 kBProgress (2): 10/17 MB | 41/106 kBProgress (2): 10/17 MB | 41/106 kBProgress (2): 10/17 MB | 41/106 kBProgress (2): 10/17 MB | 41/106 kBProgress (2): 10/17 MB | 57/106 kBProgress (2): 10/17 MB | 57/106 kBProgress (2): 11/17 MB | 57/106 kBProgress (2): 11/17 MB | 57/106 kBProgress (2): 11/17 MB | 57/106 kBProgress (2): 11/17 MB | 57/106 kBProgress (2): 11/17 MB | 57/106 kBProgress (2): 11/17 MB | 57/106 kBProgress (2): 11/17 MB | 57/106 kBProgress (2): 11/17 MB | 57/106 kBProgress (2): 11/17 MB | 57/106 kBProgress (2): 11/17 MB | 57/106 kBProgress (2): 11/17 MB | 57/106 kBProgress (2): 11/17 MB | 57/106 kBProgress (2): 11/17 MB | 57/106 kBProgress (2): 11/17 MB | 57/106 kBProgress (2): 11/17 MB | 57/106 kBProgress (2): 11/17 MB | 57/106 kBProgress (2): 11/17 MB | 57/106 kBProgress (2): 11/17 MB | 57/106 kBProgress (2): 11/17 MB | 57/106 kBProgress (2): 11/17 MB | 57/106 kBProgress (2): 11/17 MB | 57/106 kBProgress (2): 11/17 MB | 57/106 kBProgress (2): 11/17 MB | 57/106 kBProgress (2): 11/17 MB | 57/106 kBProgress (2): 11/17 MB | 57/106 kBProgress (2): 11/17 MB | 57/106 kBProgress (2): 11/17 MB | 57/106 kBProgress (3): 11/17 MB | 57/106 kB | 7.7/586 kBProgress (3): 11/17 MB | 57/106 kB | 12/586 kB Progress (3): 11/17 MB | 57/106 kB | 29/586 kBProgress (3): 11/17 MB | 57/106 kB | 45/586 kBProgress (3): 11/17 MB | 57/106 kB | 61/586 kBProgress (3): 11/17 MB | 57/106 kB | 78/586 kBProgress (3): 11/17 MB | 57/106 kB | 94/586 kBProgress (3): 11/17 MB | 57/106 kB | 94/586 kBProgress (3): 11/17 MB | 57/106 kB | 94/586 kBProgress (3): 11/17 MB | 57/106 kB | 94/586 kBProgress (3): 11/17 MB | 57/106 kB | 94/586 kBProgress (3): 11/17 MB | 57/106 kB | 94/586 kBProgress (3): 11/17 MB | 57/106 kB | 94/586 kBProgress (3): 11/17 MB | 57/106 kB | 94/586 kBProgress (3): 11/17 MB | 57/106 kB | 94/586 kBProgress (3): 11/17 MB | 57/106 kB | 94/586 kBProgress (3): 11/17 MB | 57/106 kB | 94/586 kBProgress (3): 11/17 MB | 57/106 kB | 94/586 kBProgress (3): 11/17 MB | 57/106 kB | 94/586 kBProgress (3): 11/17 MB | 57/106 kB | 94/586 kBProgress (3): 11/17 MB | 57/106 kB | 94/586 kBProgress (3): 11/17 MB | 57/106 kB | 94/586 kBProgress (3): 11/17 MB | 57/106 kB | 94/586 kBProgress (3): 11/17 MB | 57/106 kB | 94/586 kBProgress (3): 11/17 MB | 57/106 kB | 94/586 kBProgress (3): 11/17 MB | 57/106 kB | 94/586 kBProgress (3): 11/17 MB | 57/106 kB | 94/586 kBProgress (3): 11/17 MB | 57/106 kB | 94/586 kBProgress (3): 11/17 MB | 57/106 kB | 94/586 kBProgress (3): 11/17 MB | 57/106 kB | 94/586 kBProgress (3): 11/17 MB | 57/106 kB | 94/586 kBProgress (3): 11/17 MB | 57/106 kB | 94/586 kBProgress (3): 11/17 MB | 57/106 kB | 94/586 kBProgress (3): 11/17 MB | 57/106 kB | 94/586 kBProgress (3): 11/17 MB | 57/106 kB | 94/586 kBProgress (3): 11/17 MB | 57/106 kB | 94/586 kBProgress (3): 11/17 MB | 57/106 kB | 94/586 kBProgress (3): 11/17 MB | 57/106 kB | 111/586 kBProgress (3): 11/17 MB | 57/106 kB | 111/586 kBProgress (3): 11/17 MB | 57/106 kB | 111/586 kBProgress (3): 11/17 MB | 57/106 kB | 111/586 kBProgress (3): 11/17 MB | 57/106 kB | 111/586 kBProgress (3): 11/17 MB | 57/106 kB | 111/586 kBProgress (3): 12/17 MB | 57/106 kB | 111/586 kBProgress (3): 12/17 MB | 57/106 kB | 111/586 kBProgress (3): 12/17 MB | 57/106 kB | 111/586 kBProgress (3): 12/17 MB | 57/106 kB | 111/586 kBProgress (3): 12/17 MB | 57/106 kB | 111/586 kBProgress (3): 12/17 MB | 57/106 kB | 111/586 kBProgress (3): 12/17 MB | 57/106 kB | 111/586 kBProgress (3): 12/17 MB | 57/106 kB | 111/586 kBProgress (3): 12/17 MB | 57/106 kB | 111/586 kBProgress (3): 12/17 MB | 57/106 kB | 111/586 kBProgress (3): 12/17 MB | 57/106 kB | 111/586 kBProgress (3): 12/17 MB | 57/106 kB | 111/586 kBProgress (3): 12/17 MB | 57/106 kB | 111/586 kBProgress (3): 12/17 MB | 57/106 kB | 111/586 kBProgress (3): 12/17 MB | 57/106 kB | 111/586 kBProgress (3): 12/17 MB | 57/106 kB | 111/586 kBProgress (3): 12/17 MB | 57/106 kB | 111/586 kBProgress (3): 12/17 MB | 57/106 kB | 111/586 kBProgress (3): 12/17 MB | 57/106 kB | 111/586 kBProgress (3): 12/17 MB | 57/106 kB | 111/586 kBProgress (3): 12/17 MB | 57/106 kB | 111/586 kBProgress (3): 12/17 MB | 57/106 kB | 111/586 kBProgress (3): 12/17 MB | 57/106 kB | 111/586 kBProgress (3): 12/17 MB | 57/106 kB | 111/586 kBProgress (3): 12/17 MB | 57/106 kB | 111/586 kBProgress (3): 12/17 MB | 57/106 kB | 111/586 kBProgress (3): 12/17 MB | 57/106 kB | 111/586 kBProgress (3): 12/17 MB | 57/106 kB | 111/586 kBProgress (3): 12/17 MB | 57/106 kB | 111/586 kBProgress (3): 12/17 MB | 57/106 kB | 111/586 kBProgress (3): 12/17 MB | 57/106 kB | 111/586 kBProgress (3): 12/17 MB | 57/106 kB | 111/586 kBProgress (3): 12/17 MB | 57/106 kB | 127/586 kBProgress (3): 12/17 MB | 57/106 kB | 127/586 kBProgress (3): 12/17 MB | 57/106 kB | 127/586 kBProgress (3): 12/17 MB | 57/106 kB | 127/586 kBProgress (3): 12/17 MB | 57/106 kB | 127/586 kBProgress (3): 12/17 MB | 57/106 kB | 127/586 kBProgress (3): 12/17 MB | 57/106 kB | 127/586 kBProgress (3): 12/17 MB | 57/106 kB | 127/586 kBProgress (3): 12/17 MB | 57/106 kB | 127/586 kBProgress (3): 12/17 MB | 57/106 kB | 127/586 kBProgress (3): 12/17 MB | 57/106 kB | 127/586 kBProgress (3): 12/17 MB | 57/106 kB | 127/586 kBProgress (3): 12/17 MB | 57/106 kB | 127/586 kBProgress (3): 12/17 MB | 57/106 kB | 127/586 kBProgress (3): 12/17 MB | 57/106 kB | 127/586 kBProgress (3): 12/17 MB | 57/106 kB | 127/586 kBProgress (3): 12/17 MB | 57/106 kB | 127/586 kBProgress (4): 12/17 MB | 57/106 kB | 127/586 kB | 7.7/245 kBProgress (4): 12/17 MB | 57/106 kB | 127/586 kB | 7.7/245 kBProgress (4): 12/17 MB | 57/106 kB | 127/586 kB | 11/245 kB Progress (4): 12/17 MB | 57/106 kB | 127/586 kB | 11/245 kBProgress (4): 12/17 MB | 57/106 kB | 127/586 kB | 28/245 kBProgress (4): 12/17 MB | 57/106 kB | 127/586 kB | 28/245 kBProgress (4): 12/17 MB | 57/106 kB | 127/586 kB | 28/245 kBProgress (4): 12/17 MB | 57/106 kB | 127/586 kB | 28/245 kBProgress (4): 12/17 MB | 57/106 kB | 127/586 kB | 28/245 kBProgress (4): 12/17 MB | 57/106 kB | 127/586 kB | 28/245 kBProgress (4): 12/17 MB | 57/106 kB | 127/586 kB | 28/245 kBProgress (4): 12/17 MB | 57/106 kB | 127/586 kB | 28/245 kBProgress (4): 12/17 MB | 57/106 kB | 127/586 kB | 28/245 kBProgress (4): 12/17 MB | 57/106 kB | 127/586 kB | 28/245 kBProgress (4): 12/17 MB | 57/106 kB | 127/586 kB | 28/245 kBProgress (4): 12/17 MB | 57/106 kB | 127/586 kB | 44/245 kBProgress (4): 12/17 MB | 57/106 kB | 127/586 kB | 44/245 kBProgress (4): 12/17 MB | 57/106 kB | 127/586 kB | 44/245 kBProgress (4): 12/17 MB | 57/106 kB | 127/586 kB | 44/245 kBProgress (4): 13/17 MB | 57/106 kB | 127/586 kB | 44/245 kBProgress (4): 13/17 MB | 57/106 kB | 127/586 kB | 44/245 kBProgress (4): 13/17 MB | 57/106 kB | 127/586 kB | 44/245 kBProgress (4): 13/17 MB | 57/106 kB | 127/586 kB | 44/245 kBProgress (4): 13/17 MB | 57/106 kB | 127/586 kB | 44/245 kBProgress (4): 13/17 MB | 57/106 kB | 127/586 kB | 61/245 kBProgress (4): 13/17 MB | 57/106 kB | 127/586 kB | 61/245 kBProgress (4): 13/17 MB | 57/106 kB | 127/586 kB | 61/245 kBProgress (4): 13/17 MB | 57/106 kB | 127/586 kB | 77/245 kBProgress (4): 13/17 MB | 57/106 kB | 127/586 kB | 77/245 kBProgress (4): 13/17 MB | 57/106 kB | 127/586 kB | 77/245 kBProgress (4): 13/17 MB | 57/106 kB | 127/586 kB | 77/245 kBProgress (4): 13/17 MB | 57/106 kB | 127/586 kB | 77/245 kBProgress (4): 13/17 MB | 57/106 kB | 127/586 kB | 77/245 kBProgress (4): 13/17 MB | 57/106 kB | 127/586 kB | 77/245 kBProgress (4): 13/17 MB | 57/106 kB | 127/586 kB | 77/245 kBProgress (4): 13/17 MB | 57/106 kB | 127/586 kB | 77/245 kBProgress (4): 13/17 MB | 57/106 kB | 127/586 kB | 77/245 kBProgress (4): 13/17 MB | 57/106 kB | 127/586 kB | 77/245 kBProgress (4): 13/17 MB | 57/106 kB | 127/586 kB | 77/245 kBProgress (4): 13/17 MB | 57/106 kB | 127/586 kB | 77/245 kBProgress (4): 13/17 MB | 57/106 kB | 127/586 kB | 77/245 kBProgress (4): 13/17 MB | 57/106 kB | 127/586 kB | 77/245 kBProgress (4): 13/17 MB | 57/106 kB | 127/586 kB | 77/245 kBProgress (4): 13/17 MB | 57/106 kB | 127/586 kB | 77/245 kBProgress (4): 13/17 MB | 57/106 kB | 127/586 kB | 77/245 kBProgress (4): 13/17 MB | 57/106 kB | 127/586 kB | 77/245 kBProgress (4): 13/17 MB | 57/106 kB | 127/586 kB | 77/245 kBProgress (4): 13/17 MB | 57/106 kB | 127/586 kB | 77/245 kBProgress (4): 13/17 MB | 57/106 kB | 127/586 kB | 77/245 kBProgress (4): 13/17 MB | 57/106 kB | 127/586 kB | 77/245 kBProgress (4): 13/17 MB | 57/106 kB | 127/586 kB | 77/245 kBProgress (4): 13/17 MB | 57/106 kB | 127/586 kB | 77/245 kBProgress (4): 13/17 MB | 57/106 kB | 127/586 kB | 77/245 kBProgress (4): 13/17 MB | 57/106 kB | 127/586 kB | 77/245 kBProgress (4): 13/17 MB | 57/106 kB | 127/586 kB | 77/245 kBProgress (4): 13/17 MB | 57/106 kB | 127/586 kB | 77/245 kBProgress (4): 13/17 MB | 57/106 kB | 127/586 kB | 77/245 kBProgress (4): 13/17 MB | 57/106 kB | 127/586 kB | 77/245 kBProgress (4): 13/17 MB | 57/106 kB | 127/586 kB | 77/245 kBProgress (4): 13/17 MB | 57/106 kB | 127/586 kB | 77/245 kBProgress (4): 13/17 MB | 57/106 kB | 127/586 kB | 77/245 kBProgress (4): 13/17 MB | 57/106 kB | 127/586 kB | 77/245 kBProgress (4): 13/17 MB | 74/106 kB | 127/586 kB | 77/245 kBProgress (4): 13/17 MB | 74/106 kB | 127/586 kB | 77/245 kBProgress (4): 13/17 MB | 74/106 kB | 127/586 kB | 77/245 kBProgress (4): 13/17 MB | 74/106 kB | 127/586 kB | 77/245 kBProgress (4): 13/17 MB | 74/106 kB | 127/586 kB | 77/245 kBProgress (4): 13/17 MB | 90/106 kB | 127/586 kB | 77/245 kBProgress (4): 13/17 MB | 90/106 kB | 127/586 kB | 77/245 kBProgress (4): 13/17 MB | 90/106 kB | 127/586 kB | 77/245 kBProgress (4): 13/17 MB | 90/106 kB | 127/586 kB | 77/245 kBProgress (4): 13/17 MB | 90/106 kB | 127/586 kB | 77/245 kBProgress (4): 13/17 MB | 90/106 kB | 127/586 kB | 77/245 kBProgress (4): 13/17 MB | 90/106 kB | 127/586 kB | 77/245 kBProgress (4): 13/17 MB | 90/106 kB | 127/586 kB | 77/245 kBProgress (4): 13/17 MB | 90/106 kB | 127/586 kB | 77/245 kBProgress (5): 13/17 MB | 90/106 kB | 127/586 kB | 77/245 kB | 7.7/205 kBProgress (5): 13/17 MB | 90/106 kB | 127/586 kB | 77/245 kB | 11/205 kB Progress (5): 13/17 MB | 90/106 kB | 127/586 kB | 77/245 kB | 11/205 kBProgress (5): 13/17 MB | 90/106 kB | 127/586 kB | 77/245 kB | 28/205 kBProgress (5): 13/17 MB | 90/106 kB | 127/586 kB | 77/245 kB | 28/205 kBProgress (5): 13/17 MB | 90/106 kB | 127/586 kB | 77/245 kB | 44/205 kBProgress (5): 13/17 MB | 90/106 kB | 127/586 kB | 77/245 kB | 44/205 kBProgress (5): 13/17 MB | 90/106 kB | 127/586 kB | 77/245 kB | 44/205 kBProgress (5): 13/17 MB | 90/106 kB | 127/586 kB | 77/245 kB | 44/205 kBProgress (5): 13/17 MB | 90/106 kB | 127/586 kB | 77/245 kB | 60/205 kBProgress (5): 13/17 MB | 90/106 kB | 127/586 kB | 77/245 kB | 60/205 kBProgress (5): 13/17 MB | 90/106 kB | 127/586 kB | 77/245 kB | 60/205 kBProgress (5): 13/17 MB | 90/106 kB | 127/586 kB | 77/245 kB | 77/205 kBProgress (5): 13/17 MB | 90/106 kB | 127/586 kB | 77/245 kB | 77/205 kBProgress (5): 13/17 MB | 90/106 kB | 127/586 kB | 77/245 kB | 93/205 kBProgress (5): 13/17 MB | 90/106 kB | 127/586 kB | 77/245 kB | 93/205 kBProgress (5): 13/17 MB | 90/106 kB | 127/586 kB | 77/245 kB | 110/205 kBProgress (5): 14/17 MB | 90/106 kB | 127/586 kB | 77/245 kB | 110/205 kBProgress (5): 14/17 MB | 90/106 kB | 127/586 kB | 77/245 kB | 110/205 kBProgress (5): 14/17 MB | 90/106 kB | 127/586 kB | 77/245 kB | 110/205 kBProgress (5): 14/17 MB | 106 kB | 127/586 kB | 77/245 kB | 110/205 kB   Progress (5): 14/17 MB | 106 kB | 127/586 kB | 77/245 kB | 110/205 kBProgress (5): 14/17 MB | 106 kB | 127/586 kB | 77/245 kB | 110/205 kBProgress (5): 14/17 MB | 106 kB | 127/586 kB | 77/245 kB | 110/205 kBProgress (5): 14/17 MB | 106 kB | 127/586 kB | 77/245 kB | 110/205 kBProgress (5): 14/17 MB | 106 kB | 127/586 kB | 77/245 kB | 110/205 kBProgress (5): 14/17 MB | 106 kB | 127/586 kB | 77/245 kB | 110/205 kBProgress (5): 14/17 MB | 106 kB | 127/586 kB | 77/245 kB | 110/205 kBProgress (5): 14/17 MB | 106 kB | 127/586 kB | 77/245 kB | 110/205 kBProgress (5): 14/17 MB | 106 kB | 127/586 kB | 77/245 kB | 126/205 kB                                                                     Downloaded from central: https://repo.maven.apache.org/maven2/org/junit/platform/junit-platform-commons/1.10.2/junit-platform-commons-1.10.2.jar (106 kB at 264 kB/s)
#20 7.200 Progress (4): 14/17 MB | 127/586 kB | 77/245 kB | 142/205 kBProgress (4): 14/17 MB | 127/586 kB | 77/245 kB | 142/205 kBProgress (4): 14/17 MB | 127/586 kB | 77/245 kB | 159/205 kBProgress (4): 14/17 MB | 127/586 kB | 77/245 kB | 159/205 kBProgress (4): 14/17 MB | 127/586 kB | 77/245 kB | 159/205 kBProgress (4): 14/17 MB | 127/586 kB | 77/245 kB | 175/205 kBProgress (4): 14/17 MB | 127/586 kB | 77/245 kB | 175/205 kBProgress (4): 14/17 MB | 127/586 kB | 77/245 kB | 192/205 kBProgress (4): 14/17 MB | 127/586 kB | 77/245 kB | 192/205 kBProgress (4): 14/17 MB | 127/586 kB | 77/245 kB | 192/205 kBProgress (4): 14/17 MB | 127/586 kB | 77/245 kB | 205 kB    Progress (4): 14/17 MB | 127/586 kB | 77/245 kB | 205 kBProgress (4): 14/17 MB | 127/586 kB | 77/245 kB | 205 kBProgress (4): 14/17 MB | 127/586 kB | 77/245 kB | 205 kBProgress (4): 14/17 MB | 127/586 kB | 77/245 kB | 205 kBProgress (4): 14/17 MB | 127/586 kB | 77/245 kB | 205 kBProgress (4): 14/17 MB | 127/586 kB | 77/245 kB | 205 kBProgress (4): 14/17 MB | 127/586 kB | 77/245 kB | 205 kBProgress (4): 14/17 MB | 127/586 kB | 77/245 kB | 205 kBProgress (4): 14/17 MB | 127/586 kB | 77/245 kB | 205 kB                                                        Downloaded from central: https://repo.maven.apache.org/maven2/org/junit/platform/junit-platform-engine/1.10.2/junit-platform-engine-1.10.2.jar (205 kB at 507 kB/s)
#20 7.200 Progress (3): 14/17 MB | 127/586 kB | 77/245 kBProgress (3): 14/17 MB | 127/586 kB | 77/245 kBProgress (3): 14/17 MB | 127/586 kB | 77/245 kBProgress (3): 14/17 MB | 127/586 kB | 77/245 kBProgress (3): 14/17 MB | 127/586 kB | 77/245 kBProgress (3): 14/17 MB | 127/586 kB | 77/245 kBProgress (3): 14/17 MB | 127/586 kB | 77/245 kBProgress (3): 14/17 MB | 127/586 kB | 77/245 kBProgress (3): 14/17 MB | 127/586 kB | 77/245 kBProgress (3): 14/17 MB | 127/586 kB | 77/245 kBProgress (3): 14/17 MB | 127/586 kB | 77/245 kBProgress (3): 14/17 MB | 127/586 kB | 77/245 kBProgress (3): 14/17 MB | 127/586 kB | 77/245 kBProgress (3): 14/17 MB | 127/586 kB | 77/245 kBProgress (3): 14/17 MB | 127/586 kB | 77/245 kBProgress (3): 14/17 MB | 127/586 kB | 77/245 kBProgress (3): 14/17 MB | 127/586 kB | 77/245 kBProgress (3): 14/17 MB | 127/586 kB | 77/245 kBProgress (3): 14/17 MB | 127/586 kB | 77/245 kBProgress (3): 14/17 MB | 127/586 kB | 77/245 kBProgress (3): 14/17 MB | 127/586 kB | 77/245 kBProgress (3): 14/17 MB | 127/586 kB | 77/245 kBProgress (3): 14/17 MB | 127/586 kB | 77/245 kBProgress (3): 14/17 MB | 127/586 kB | 77/245 kBProgress (3): 14/17 MB | 127/586 kB | 77/245 kBProgress (3): 14/17 MB | 127/586 kB | 77/245 kBProgress (3): 14/17 MB | 127/586 kB | 77/245 kBProgress (3): 14/17 MB | 127/586 kB | 77/245 kBProgress (3): 14/17 MB | 127/586 kB | 77/245 kBProgress (3): 14/17 MB | 127/586 kB | 77/245 kBProgress (3): 14/17 MB | 127/586 kB | 77/245 kBProgress (3): 14/17 MB | 127/586 kB | 77/245 kBProgress (3): 14/17 MB | 127/586 kB | 77/245 kBProgress (3): 14/17 MB | 127/586 kB | 77/245 kBProgress (3): 14/17 MB | 127/586 kB | 77/245 kBProgress (3): 14/17 MB | 127/586 kB | 77/245 kBProgress (3): 14/17 MB | 127/586 kB | 77/245 kBProgress (3): 14/17 MB | 127/586 kB | 77/245 kBProgress (3): 15/17 MB | 127/586 kB | 77/245 kBProgress (3): 15/17 MB | 127/586 kB | 77/245 kBProgress (3): 15/17 MB | 127/586 kB | 77/245 kBProgress (3): 15/17 MB | 127/586 kB | 77/245 kBProgress (3): 15/17 MB | 127/586 kB | 77/245 kBProgress (3): 15/17 MB | 127/586 kB | 77/245 kBProgress (3): 15/17 MB | 127/586 kB | 77/245 kBProgress (3): 15/17 MB | 127/586 kB | 77/245 kBProgress (3): 15/17 MB | 127/586 kB | 77/245 kBProgress (3): 15/17 MB | 127/586 kB | 77/245 kBProgress (3): 15/17 MB | 127/586 kB | 77/245 kBProgress (3): 15/17 MB | 127/586 kB | 77/245 kBProgress (3): 15/17 MB | 127/586 kB | 77/245 kBProgress (3): 15/17 MB | 127/586 kB | 77/245 kBProgress (3): 15/17 MB | 127/586 kB | 77/245 kBProgress (3): 15/17 MB | 127/586 kB | 77/245 kBProgress (3): 15/17 MB | 127/586 kB | 77/245 kBProgress (3): 15/17 MB | 127/586 kB | 77/245 kBProgress (3): 15/17 MB | 127/586 kB | 77/245 kBProgress (3): 15/17 MB | 127/586 kB | 77/245 kBProgress (3): 15/17 MB | 127/586 kB | 77/245 kBProgress (3): 15/17 MB | 127/586 kB | 77/245 kBProgress (3): 15/17 MB | 127/586 kB | 77/245 kBProgress (3): 15/17 MB | 127/586 kB | 77/245 kBProgress (3): 15/17 MB | 127/586 kB | 77/245 kBProgress (3): 15/17 MB | 127/586 kB | 77/245 kBProgress (3): 15/17 MB | 127/586 kB | 77/245 kBProgress (3): 15/17 MB | 127/586 kB | 77/245 kBProgress (3): 15/17 MB | 127/586 kB | 77/245 kBProgress (3): 15/17 MB | 127/586 kB | 77/245 kBProgress (3): 15/17 MB | 127/586 kB | 77/245 kBProgress (3): 15/17 MB | 127/586 kB | 77/245 kBProgress (3): 15/17 MB | 127/586 kB | 77/245 kBProgress (3): 15/17 MB | 127/586 kB | 77/245 kBProgress (3): 15/17 MB | 127/586 kB | 77/245 kBProgress (3): 15/17 MB | 127/586 kB | 77/245 kBProgress (3): 15/17 MB | 127/586 kB | 77/245 kBProgress (3): 15/17 MB | 127/586 kB | 77/245 kBProgress (3): 15/17 MB | 127/586 kB | 77/245 kBProgress (3): 15/17 MB | 127/586 kB | 77/245 kBProgress (3): 15/17 MB | 127/586 kB | 77/245 kBProgress (3): 15/17 MB | 127/586 kB | 77/245 kBProgress (3): 15/17 MB | 127/586 kB | 77/245 kBProgress (3): 15/17 MB | 127/586 kB | 77/245 kBProgress (3): 15/17 MB | 127/586 kB | 77/245 kBProgress (3): 15/17 MB | 127/586 kB | 77/245 kBProgress (3): 15/17 MB | 127/586 kB | 77/245 kBProgress (3): 15/17 MB | 127/586 kB | 77/245 kBProgress (3): 15/17 MB | 127/586 kB | 77/245 kBProgress (3): 15/17 MB | 127/586 kB | 77/245 kBProgress (3): 15/17 MB | 127/586 kB | 77/245 kBProgress (3): 15/17 MB | 127/586 kB | 77/245 kBProgress (3): 15/17 MB | 127/586 kB | 77/245 kBProgress (3): 15/17 MB | 127/586 kB | 77/245 kBProgress (3): 15/17 MB | 127/586 kB | 77/245 kBProgress (3): 15/17 MB | 127/586 kB | 77/245 kBProgress (3): 15/17 MB | 127/586 kB | 77/245 kBProgress (3): 15/17 MB | 127/586 kB | 77/245 kBProgress (3): 15/17 MB | 127/586 kB | 77/245 kBProgress (3): 15/17 MB | 127/586 kB | 77/245 kBProgress (3): 15/17 MB | 127/586 kB | 77/245 kBProgress (3): 15/17 MB | 127/586 kB | 77/245 kBProgress (3): 16/17 MB | 127/586 kB | 77/245 kBProgress (3): 16/17 MB | 127/586 kB | 77/245 kBProgress (3): 16/17 MB | 127/586 kB | 77/245 kBProgress (3): 16/17 MB | 127/586 kB | 77/245 kBProgress (3): 16/17 MB | 127/586 kB | 77/245 kBProgress (3): 16/17 MB | 127/586 kB | 77/245 kBProgress (3): 16/17 MB | 127/586 kB | 77/245 kBProgress (3): 16/17 MB | 127/586 kB | 77/245 kBProgress (3): 16/17 MB | 127/586 kB | 77/245 kBProgress (3): 16/17 MB | 127/586 kB | 77/245 kBProgress (3): 16/17 MB | 127/586 kB | 77/245 kBProgress (3): 16/17 MB | 127/586 kB | 77/245 kBProgress (3): 16/17 MB | 127/586 kB | 77/245 kBProgress (3): 16/17 MB | 127/586 kB | 77/245 kBProgress (3): 16/17 MB | 127/586 kB | 77/245 kBProgress (3): 16/17 MB | 127/586 kB | 77/245 kBProgress (3): 16/17 MB | 127/586 kB | 77/245 kBProgress (3): 16/17 MB | 127/586 kB | 77/245 kBProgress (3): 16/17 MB | 127/586 kB | 77/245 kBProgress (3): 16/17 MB | 127/586 kB | 77/245 kBProgress (3): 16/17 MB | 127/586 kB | 77/245 kBProgress (3): 16/17 MB | 127/586 kB | 77/245 kBProgress (3): 16/17 MB | 127/586 kB | 77/245 kBProgress (3): 16/17 MB | 127/586 kB | 77/245 kBProgress (3): 16/17 MB | 127/586 kB | 77/245 kBProgress (3): 16/17 MB | 127/586 kB | 77/245 kBProgress (3): 16/17 MB | 127/586 kB | 77/245 kBProgress (3): 16/17 MB | 127/586 kB | 77/245 kBProgress (3): 16/17 MB | 127/586 kB | 77/245 kBProgress (3): 16/17 MB | 127/586 kB | 77/245 kBProgress (3): 16/17 MB | 127/586 kB | 77/245 kBProgress (3): 16/17 MB | 127/586 kB | 77/245 kBProgress (3): 16/17 MB | 127/586 kB | 77/245 kBProgress (3): 16/17 MB | 143/586 kB | 77/245 kBProgress (3): 16/17 MB | 143/586 kB | 77/245 kBProgress (3): 16/17 MB | 143/586 kB | 77/245 kBProgress (3): 16/17 MB | 160/586 kB | 77/245 kBProgress (3): 16/17 MB | 176/586 kB | 77/245 kBProgress (3): 16/17 MB | 176/586 kB | 77/245 kBProgress (3): 16/17 MB | 193/586 kB | 77/245 kBProgress (3): 16/17 MB | 193/586 kB | 77/245 kBProgress (3): 16/17 MB | 209/586 kB | 77/245 kBProgress (3): 16/17 MB | 213/586 kB | 77/245 kBProgress (3): 16/17 MB | 213/586 kB | 77/245 kBProgress (3): 16/17 MB | 225/586 kB | 77/245 kBProgress (3): 16/17 MB | 225/586 kB | 77/245 kBProgress (3): 16/17 MB | 242/586 kB | 77/245 kBProgress (3): 16/17 MB | 242/586 kB | 77/245 kBProgress (3): 16/17 MB | 258/586 kB | 77/245 kBProgress (3): 16/17 MB | 258/586 kB | 77/245 kBProgress (3): 16/17 MB | 274/586 kB | 77/245 kBProgress (3): 16/17 MB | 291/586 kB | 77/245 kBProgress (3): 16/17 MB | 307/586 kB | 77/245 kBProgress (3): 16/17 MB | 307/586 kB | 77/245 kBProgress (3): 16/17 MB | 324/586 kB | 77/245 kBProgress (3): 16/17 MB | 324/586 kB | 77/245 kBProgress (3): 16/17 MB | 340/586 kB | 77/245 kBProgress (3): 16/17 MB | 344/586 kB | 77/245 kBProgress (3): 16/17 MB | 344/586 kB | 77/245 kBProgress (3): 16/17 MB | 360/586 kB | 77/245 kBProgress (3): 16/17 MB | 360/586 kB | 77/245 kBProgress (3): 16/17 MB | 377/586 kB | 77/245 kBProgress (3): 16/17 MB | 377/586 kB | 77/245 kBProgress (3): 16/17 MB | 393/586 kB | 77/245 kBProgress (3): 16/17 MB | 393/586 kB | 77/245 kBProgress (3): 16/17 MB | 410/586 kB | 77/245 kBProgress (3): 16/17 MB | 410/586 kB | 77/245 kBProgress (3): 16/17 MB | 426/586 kB | 77/245 kBProgress (3): 16/17 MB | 426/586 kB | 77/245 kBProgress (3): 16/17 MB | 442/586 kB | 77/245 kBProgress (3): 16/17 MB | 442/586 kB | 77/245 kBProgress (3): 16/17 MB | 442/586 kB | 77/245 kBProgress (3): 16/17 MB | 442/586 kB | 77/245 kBProgress (3): 16/17 MB | 442/586 kB | 77/245 kBProgress (3): 16/17 MB | 442/586 kB | 77/245 kBProgress (3): 16/17 MB | 442/586 kB | 77/245 kBProgress (3): 16/17 MB | 442/586 kB | 77/245 kBProgress (3): 16/17 MB | 442/586 kB | 77/245 kBProgress (3): 16/17 MB | 442/586 kB | 77/245 kBProgress (3): 16/17 MB | 442/586 kB | 77/245 kBProgress (3): 16/17 MB | 442/586 kB | 77/245 kBProgress (3): 16/17 MB | 442/586 kB | 77/245 kBProgress (3): 16/17 MB | 442/586 kB | 77/245 kBProgress (3): 16/17 MB | 442/586 kB | 77/245 kBProgress (3): 16/17 MB | 459/586 kB | 77/245 kBProgress (3): 17/17 MB | 459/586 kB | 77/245 kBProgress (3): 17/17 MB | 459/586 kB | 77/245 kBProgress (3): 17/17 MB | 459/586 kB | 77/245 kBProgress (3): 17/17 MB | 459/586 kB | 77/245 kBProgress (3): 17/17 MB | 459/586 kB | 77/245 kBProgress (3): 17/17 MB | 459/586 kB | 77/245 kBProgress (3): 17/17 MB | 459/586 kB | 77/245 kBProgress (3): 17/17 MB | 475/586 kB | 77/245 kBProgress (3): 17/17 MB | 475/586 kB | 77/245 kBProgress (3): 17/17 MB | 492/586 kB | 77/245 kBProgress (3): 17/17 MB | 492/586 kB | 77/245 kBProgress (3): 17/17 MB | 492/586 kB | 77/245 kBProgress (3): 17/17 MB | 492/586 kB | 77/245 kBProgress (3): 17/17 MB | 492/586 kB | 77/245 kBProgress (3): 17/17 MB | 492/586 kB | 77/245 kBProgress (3): 17/17 MB | 492/586 kB | 77/245 kBProgress (3): 17/17 MB | 492/586 kB | 77/245 kBProgress (3): 17/17 MB | 492/586 kB | 77/245 kBProgress (3): 17/17 MB | 492/586 kB | 77/245 kBProgress (3): 17/17 MB | 492/586 kB | 77/245 kBProgress (3): 17/17 MB | 492/586 kB | 77/245 kBProgress (3): 17/17 MB | 492/586 kB | 77/245 kBProgress (3): 17/17 MB | 492/586 kB | 77/245 kBProgress (3): 17/17 MB | 492/586 kB | 77/245 kBProgress (3): 17/17 MB | 492/586 kB | 77/245 kBProgress (3): 17/17 MB | 508/586 kB | 77/245 kBProgress (3): 17/17 MB | 508/586 kB | 77/245 kBProgress (3): 17/17 MB | 508/586 kB | 77/245 kBProgress (3): 17/17 MB | 508/586 kB | 77/245 kBProgress (3): 17/17 MB | 524/586 kB | 77/245 kBProgress (3): 17/17 MB | 541/586 kB | 77/245 kBProgress (3): 17/17 MB | 557/586 kB | 77/245 kBProgress (3): 17/17 MB | 557/586 kB | 93/245 kBProgress (3): 17/17 MB | 557/586 kB | 110/245 kBProgress (3): 17/17 MB | 557/586 kB | 126/245 kBProgress (3): 17/17 MB | 557/586 kB | 142/245 kBProgress (3): 17/17 MB | 573/586 kB | 142/245 kBProgress (3): 17/17 MB | 573/586 kB | 159/245 kBProgress (3): 17/17 MB | 586 kB | 159/245 kB    Progress (3): 17/17 MB | 586 kB | 175/245 kBProgress (3): 17/17 MB | 586 kB | 192/245 kBProgress (3): 17/17 MB | 586 kB | 208/245 kBProgress (3): 17/17 MB | 586 kB | 224/245 kBProgress (3): 17/17 MB | 586 kB | 236/245 kBProgress (3): 17/17 MB | 586 kB | 245 kB                                            Downloaded from central: https://repo.maven.apache.org/maven2/org/junit/jupiter/junit-jupiter-params/5.10.2/junit-jupiter-params-5.10.2.jar (586 kB at 1.4 MB/s)
#20 7.217 Downloaded from central: https://repo.maven.apache.org/maven2/org/junit/jupiter/junit-jupiter-engine/5.10.2/junit-jupiter-engine-5.10.2.jar (245 kB at 581 kB/s)
#20 7.219 Progress (1): 17/17 MBProgress (1): 17/17 MBProgress (1): 17/17 MBProgress (1): 17/17 MBProgress (1): 17 MB                      Downloaded from central: https://repo.maven.apache.org/maven2/org/graalvm/truffle/truffle-api/25.3.4.1/truffle-api-25.3.4.1.jar (17 MB at 39 MB/s)
#20 7.247 [INFO] 
#20 7.247 [INFO] --- resources:3.3.1:resources (default-resources) @ protos ---
#20 7.252 Downloading from central: https://repo.maven.apache.org/maven2/org/codehaus/plexus/plexus-interpolation/1.26/plexus-interpolation-1.26.pom
#20 7.289 Progress (1): 1.4 kBProgress (1): 2.7 kB                    Downloaded from central: https://repo.maven.apache.org/maven2/org/codehaus/plexus/plexus-interpolation/1.26/plexus-interpolation-1.26.pom (2.7 kB at 70 kB/s)
#20 7.292 Downloading from central: https://repo.maven.apache.org/maven2/org/codehaus/plexus/plexus/5.1/plexus-5.1.pom
#20 7.326 Progress (1): 700 BProgress (1): 2.7 kBProgress (1): 6.5 kBProgress (1): 9.1 kBProgress (1): 12 kB Progress (1): 16 kBProgress (1): 21 kBProgress (1): 23 kB                   Downloaded from central: https://repo.maven.apache.org/maven2/org/codehaus/plexus/plexus/5.1/plexus-5.1.pom (23 kB at 643 kB/s)
#20 7.330 Downloading from central: https://repo.maven.apache.org/maven2/org/codehaus/plexus/plexus-utils/3.5.1/plexus-utils-3.5.1.pom
#20 7.363 Progress (1): 726 BProgress (1): 2.4 kBProgress (1): 4.4 kBProgress (1): 8.6 kBProgress (1): 8.8 kB                    Downloaded from central: https://repo.maven.apache.org/maven2/org/codehaus/plexus/plexus-utils/3.5.1/plexus-utils-3.5.1.pom (8.8 kB at 258 kB/s)
#20 7.366 Downloading from central: https://repo.maven.apache.org/maven2/org/codehaus/plexus/plexus/10/plexus-10.pom
#20 7.398 Progress (1): 696 BProgress (1): 2.7 kBProgress (1): 6.4 kBProgress (1): 9.2 kBProgress (1): 11 kB Progress (1): 16 kBProgress (1): 20 kBProgress (1): 24 kBProgress (1): 25 kB                   Downloaded from central: https://repo.maven.apache.org/maven2/org/codehaus/plexus/plexus/10/plexus-10.pom (25 kB at 794 kB/s)
#20 7.401 Downloading from central: https://repo.maven.apache.org/maven2/org/apache/maven/shared/maven-filtering/3.3.1/maven-filtering-3.3.1.pom
#20 7.440 Progress (1): 793 BProgress (1): 2.3 kBProgress (1): 5.6 kBProgress (1): 6.0 kB                    Downloaded from central: https://repo.maven.apache.org/maven2/org/apache/maven/shared/maven-filtering/3.3.1/maven-filtering-3.3.1.pom (6.0 kB at 151 kB/s)
#20 7.442 Downloading from central: https://repo.maven.apache.org/maven2/org/apache/maven/shared/maven-shared-components/39/maven-shared-components-39.pom
#20 7.475 Progress (1): 812 BProgress (1): 2.2 kBProgress (1): 3.2 kB                    Downloaded from central: https://repo.maven.apache.org/maven2/org/apache/maven/shared/maven-shared-components/39/maven-shared-components-39.pom (3.2 kB at 95 kB/s)
#20 7.478 Downloading from central: https://repo.maven.apache.org/maven2/javax/inject/javax.inject/1/javax.inject-1.pom
#20 7.514 Progress (1): 612 B                   Downloaded from central: https://repo.maven.apache.org/maven2/javax/inject/javax.inject/1/javax.inject-1.pom (612 B at 17 kB/s)
#20 7.517 Downloading from central: https://repo.maven.apache.org/maven2/org/slf4j/slf4j-api/1.7.36/slf4j-api-1.7.36.pom
#20 7.553 Progress (1): 1.0 kBProgress (1): 2.7 kB                    Downloaded from central: https://repo.maven.apache.org/maven2/org/slf4j/slf4j-api/1.7.36/slf4j-api-1.7.36.pom (2.7 kB at 76 kB/s)
#20 7.555 Downloading from central: https://repo.maven.apache.org/maven2/org/slf4j/slf4j-parent/1.7.36/slf4j-parent-1.7.36.pom
#20 7.589 Progress (1): 1.0 kBProgress (1): 3.0 kBProgress (1): 5.9 kBProgress (1): 8.7 kBProgress (1): 12 kB Progress (1): 14 kB                   Downloaded from central: https://repo.maven.apache.org/maven2/org/slf4j/slf4j-parent/1.7.36/slf4j-parent-1.7.36.pom (14 kB at 414 kB/s)
#20 7.592 Downloading from central: https://repo.maven.apache.org/maven2/org/sonatype/plexus/plexus-build-api/0.0.7/plexus-build-api-0.0.7.pom
#20 7.630 Progress (1): 910 BProgress (1): 3.2 kB                    Downloaded from central: https://repo.maven.apache.org/maven2/org/sonatype/plexus/plexus-build-api/0.0.7/plexus-build-api-0.0.7.pom (3.2 kB at 84 kB/s)
#20 7.632 Downloading from central: https://repo.maven.apache.org/maven2/org/sonatype/spice/spice-parent/15/spice-parent-15.pom
#20 7.666 Progress (1): 1.2 kBProgress (1): 3.7 kBProgress (1): 7.3 kBProgress (1): 8.4 kB                    Downloaded from central: https://repo.maven.apache.org/maven2/org/sonatype/spice/spice-parent/15/spice-parent-15.pom (8.4 kB at 239 kB/s)
#20 7.669 Downloading from central: https://repo.maven.apache.org/maven2/org/sonatype/forge/forge-parent/5/forge-parent-5.pom
#20 7.703 Progress (1): 1.3 kBProgress (1): 5.5 kBProgress (1): 8.4 kB                    Downloaded from central: https://repo.maven.apache.org/maven2/org/sonatype/forge/forge-parent/5/forge-parent-5.pom (8.4 kB at 239 kB/s)
#20 7.707 Downloading from central: https://repo.maven.apache.org/maven2/org/codehaus/plexus/plexus-utils/3.5.0/plexus-utils-3.5.0.pom
#20 7.740 Progress (1): 725 BProgress (1): 2.4 kBProgress (1): 4.5 kBProgress (1): 8.0 kB                    Downloaded from central: https://repo.maven.apache.org/maven2/org/codehaus/plexus/plexus-utils/3.5.0/plexus-utils-3.5.0.pom (8.0 kB at 229 kB/s)
#20 7.743 Downloading from central: https://repo.maven.apache.org/maven2/commons-io/commons-io/2.11.0/commons-io-2.11.0.pom
#20 7.778 Progress (1): 764 BProgress (1): 2.1 kBProgress (1): 5.2 kBProgress (1): 7.8 kBProgress (1): 10 kB Progress (1): 12 kBProgress (1): 15 kBProgress (1): 18 kBProgress (1): 20 kB                   Downloaded from central: https://repo.maven.apache.org/maven2/commons-io/commons-io/2.11.0/commons-io-2.11.0.pom (20 kB at 548 kB/s)
#20 7.781 Downloading from central: https://repo.maven.apache.org/maven2/org/apache/commons/commons-parent/52/commons-parent-52.pom
#20 7.822 Progress (1): 703 BProgress (1): 1.8 kBProgress (1): 3.1 kBProgress (1): 4.6 kBProgress (1): 6.7 kBProgress (1): 8.1 kBProgress (1): 10 kB Progress (1): 12 kBProgress (1): 15 kBProgress (1): 17 kBProgress (1): 20 kBProgress (1): 22 kBProgress (1): 25 kBProgress (1): 29 kBProgress (1): 32 kBProgress (1): 32 kBProgress (1): 36 kBProgress (1): 39 kBProgress (1): 42 kBProgress (1): 44 kBProgress (1): 47 kBProgress (1): 51 kBProgress (1): 54 kBProgress (1): 56 kBProgress (1): 61 kBProgress (1): 65 kBProgress (1): 73 kBProgress (1): 76 kBProgress (1): 79 kB                   Downloaded from central: https://repo.maven.apache.org/maven2/org/apache/commons/commons-parent/52/commons-parent-52.pom (79 kB at 1.9 MB/s)
#20 7.827 Downloading from central: https://repo.maven.apache.org/maven2/org/apache/apache/23/apache-23.pom
#20 7.860 Progress (1): 749 BProgress (1): 2.1 kBProgress (1): 3.9 kBProgress (1): 7.9 kBProgress (1): 13 kB Progress (1): 16 kBProgress (1): 18 kB                   Downloaded from central: https://repo.maven.apache.org/maven2/org/apache/apache/23/apache-23.pom (18 kB at 542 kB/s)
#20 7.864 Downloading from central: https://repo.maven.apache.org/maven2/org/junit/junit-bom/5.7.2/junit-bom-5.7.2.pom
#20 7.898 Progress (1): 912 BProgress (1): 4.1 kBProgress (1): 5.1 kB                    Downloaded from central: https://repo.maven.apache.org/maven2/org/junit/junit-bom/5.7.2/junit-bom-5.7.2.pom (5.1 kB at 146 kB/s)
#20 7.901 Downloading from central: https://repo.maven.apache.org/maven2/org/apache/commons/commons-lang3/3.12.0/commons-lang3-3.12.0.pom
#20 7.935 Progress (1): 740 BProgress (1): 2.1 kBProgress (1): 5.4 kBProgress (1): 8.8 kBProgress (1): 12 kB Progress (1): 15 kBProgress (1): 17 kBProgress (1): 19 kBProgress (1): 21 kBProgress (1): 24 kBProgress (1): 28 kBProgress (1): 30 kBProgress (1): 31 kB                   Downloaded from central: https://repo.maven.apache.org/maven2/org/apache/commons/commons-lang3/3.12.0/commons-lang3-3.12.0.pom (31 kB at 876 kB/s)
#20 7.939 Downloading from central: https://repo.maven.apache.org/maven2/org/junit/junit-bom/5.7.1/junit-bom-5.7.1.pom
#20 7.973 Progress (1): 912 BProgress (1): 4.1 kBProgress (1): 5.1 kB                    Downloaded from central: https://repo.maven.apache.org/maven2/org/junit/junit-bom/5.7.1/junit-bom-5.7.1.pom (5.1 kB at 146 kB/s)
#20 7.976 Downloading from central: https://repo.maven.apache.org/maven2/org/codehaus/plexus/plexus-interpolation/1.26/plexus-interpolation-1.26.jar
#20 8.007 Progress (1): 7.7/85 kBProgress (1): 16/85 kB Progress (1): 28/85 kBProgress (1): 44/85 kBProgress (1): 61/85 kBProgress (1): 77/85 kBProgress (1): 85 kB                      Downloaded from central: https://repo.maven.apache.org/maven2/org/codehaus/plexus/plexus-interpolation/1.26/plexus-interpolation-1.26.jar (85 kB at 2.7 MB/s)
#20 8.009 Downloading from central: https://repo.maven.apache.org/maven2/org/codehaus/plexus/plexus-utils/3.5.1/plexus-utils-3.5.1.jar
#20 8.009 Downloading from central: https://repo.maven.apache.org/maven2/org/apache/maven/shared/maven-filtering/3.3.1/maven-filtering-3.3.1.jar
#20 8.009 Downloading from central: https://repo.maven.apache.org/maven2/javax/inject/javax.inject/1/javax.inject-1.jar
#20 8.009 Downloading from central: https://repo.maven.apache.org/maven2/org/slf4j/slf4j-api/1.7.36/slf4j-api-1.7.36.jar
#20 8.009 Downloading from central: https://repo.maven.apache.org/maven2/org/sonatype/plexus/plexus-build-api/0.0.7/plexus-build-api-0.0.7.jar
#20 8.034 Progress (1): 7.7/41 kBProgress (1): 11/41 kB Progress (1): 28/41 kBProgress (1): 41 kB   Progress (2): 41 kB | 3.2/8.5 kBProgress (2): 41 kB | 8.5 kB                                Downloaded from central: https://repo.maven.apache.org/maven2/org/slf4j/slf4j-api/1.7.36/slf4j-api-1.7.36.jar (41 kB at 1.6 MB/s)
#20 8.035 Downloading from central: https://repo.maven.apache.org/maven2/commons-io/commons-io/2.11.0/commons-io-2.11.0.jar
#20 8.035 Downloaded from central: https://repo.maven.apache.org/maven2/org/sonatype/plexus/plexus-build-api/0.0.7/plexus-build-api-0.0.7.jar (8.5 kB at 326 kB/s)
#20 8.035 Downloading from central: https://repo.maven.apache.org/maven2/org/apache/commons/commons-lang3/3.12.0/commons-lang3-3.12.0.jar
#20 8.037 Progress (1): 3.2/269 kBProgress (1): 20/269 kB Progress (1): 36/269 kBProgress (1): 52/269 kBProgress (1): 61/269 kBProgress (1): 77/269 kBProgress (1): 93/269 kBProgress (1): 110/269 kBProgress (1): 126/269 kBProgress (2): 126/269 kB | 2.5 kB                                 Downloaded from central: https://repo.maven.apache.org/maven2/javax/inject/javax.inject/1/javax.inject-1.jar (2.5 kB at 78 kB/s)
#20 8.041 Progress (2): 126/269 kB | 7.7/55 kBProgress (2): 126/269 kB | 16/55 kB Progress (2): 142/269 kB | 16/55 kBProgress (2): 142/269 kB | 28/55 kBProgress (2): 159/269 kB | 28/55 kBProgress (2): 175/269 kB | 28/55 kBProgress (2): 175/269 kB | 44/55 kBProgress (2): 175/269 kB | 55 kB                                   Downloaded from central: https://repo.maven.apache.org/maven2/org/apache/maven/shared/maven-filtering/3.3.1/maven-filtering-3.3.1.jar (55 kB at 1.6 MB/s)
#20 8.042 Progress (1): 192/269 kBProgress (1): 208/269 kBProgress (1): 224/269 kBProgress (1): 241/269 kBProgress (1): 257/269 kBProgress (1): 269 kB                        Downloaded from central: https://repo.maven.apache.org/maven2/org/codehaus/plexus/plexus-utils/3.5.1/plexus-utils-3.5.1.jar (269 kB at 7.5 MB/s)
#20 8.059 Progress (1): 3.2/327 kBProgress (1): 20/327 kB Progress (1): 28/327 kBProgress (1): 44/327 kBProgress (1): 61/327 kBProgress (1): 77/327 kBProgress (1): 93/327 kBProgress (1): 110/327 kBProgress (2): 110/327 kB | 3.2/587 kBProgress (2): 110/327 kB | 20/587 kB Progress (2): 110/327 kB | 36/587 kBProgress (2): 110/327 kB | 52/587 kBProgress (2): 110/327 kB | 61/587 kBProgress (2): 110/327 kB | 77/587 kBProgress (2): 110/327 kB | 93/587 kBProgress (2): 126/327 kB | 93/587 kBProgress (2): 126/327 kB | 110/587 kBProgress (2): 142/327 kB | 110/587 kBProgress (2): 142/327 kB | 115/587 kBProgress (2): 159/327 kB | 115/587 kBProgress (2): 159/327 kB | 131/587 kBProgress (2): 159/327 kB | 147/587 kBProgress (2): 159/327 kB | 164/587 kBProgress (2): 159/327 kB | 180/587 kBProgress (2): 159/327 kB | 197/587 kBProgress (2): 159/327 kB | 213/587 kBProgress (2): 159/327 kB | 229/587 kBProgress (2): 159/327 kB | 246/587 kBProgress (2): 175/327 kB | 246/587 kBProgress (2): 192/327 kB | 246/587 kBProgress (2): 208/327 kB | 246/587 kBProgress (2): 208/327 kB | 262/587 kBProgress (2): 208/327 kB | 279/587 kBProgress (2): 208/327 kB | 295/587 kBProgress (2): 224/327 kB | 295/587 kBProgress (2): 241/327 kB | 295/587 kBProgress (2): 241/327 kB | 311/587 kBProgress (2): 257/327 kB | 311/587 kBProgress (2): 257/327 kB | 328/587 kBProgress (2): 257/327 kB | 344/587 kBProgress (2): 257/327 kB | 360/587 kBProgress (2): 257/327 kB | 377/587 kBProgress (2): 274/327 kB | 377/587 kBProgress (2): 274/327 kB | 393/587 kBProgress (2): 274/327 kB | 410/587 kBProgress (2): 274/327 kB | 426/587 kBProgress (2): 290/327 kB | 426/587 kBProgress (2): 306/327 kB | 426/587 kBProgress (2): 306/327 kB | 442/587 kBProgress (2): 306/327 kB | 459/587 kBProgress (2): 306/327 kB | 475/587 kBProgress (2): 306/327 kB | 492/587 kBProgress (2): 306/327 kB | 508/587 kBProgress (2): 306/327 kB | 524/587 kBProgress (2): 323/327 kB | 524/587 kBProgress (2): 323/327 kB | 541/587 kBProgress (2): 327 kB | 541/587 kB    Progress (2): 327 kB | 557/587 kBProgress (2): 327 kB | 573/587 kBProgress (2): 327 kB | 587 kB                                 Downloaded from central: https://repo.maven.apache.org/maven2/commons-io/commons-io/2.11.0/commons-io-2.11.0.jar (327 kB at 5.5 MB/s)
#20 8.068 Downloaded from central: https://repo.maven.apache.org/maven2/org/apache/commons/commons-lang3/3.12.0/commons-lang3-3.12.0.jar (587 kB at 10.0 MB/s)
#20 8.120 [INFO] Copying 1 resource from src/main/resources to target/classes
#20 8.123 [INFO] 
#20 8.123 [INFO] --- resources:3.3.1:copy-resources (copy-license) @ protos ---
#20 8.126 [INFO] Copying 1 resource from  to target/classes/META-INF
#20 8.127 [INFO] 
#20 8.127 [INFO] --- compiler:3.13.0:compile (default-compile) @ protos ---
#20 8.130 Downloading from central: https://repo.maven.apache.org/maven2/org/apache/maven/shared/maven-shared-utils/3.4.2/maven-shared-utils-3.4.2.pom
#20 8.156 Progress (1): 793 BProgress (1): 2.3 kBProgress (1): 4.3 kBProgress (1): 5.9 kB                    Downloaded from central: https://repo.maven.apache.org/maven2/org/apache/maven/shared/maven-shared-utils/3.4.2/maven-shared-utils-3.4.2.pom (5.9 kB at 227 kB/s)
#20 8.159 Downloading from central: https://repo.maven.apache.org/maven2/org/apache/maven/shared/maven-shared-incremental/1.1/maven-shared-incremental-1.1.pom
#20 8.183 Progress (1): 806 BProgress (1): 2.3 kBProgress (1): 4.7 kB                    Downloaded from central: https://repo.maven.apache.org/maven2/org/apache/maven/shared/maven-shared-incremental/1.1/maven-shared-incremental-1.1.pom (4.7 kB at 198 kB/s)
#20 8.185 Downloading from central: https://repo.maven.apache.org/maven2/org/apache/maven/shared/maven-shared-components/19/maven-shared-components-19.pom
#20 8.214 Progress (1): 773 BProgress (1): 2.4 kBProgress (1): 4.2 kBProgress (1): 6.4 kB                    Downloaded from central: https://repo.maven.apache.org/maven2/org/apache/maven/shared/maven-shared-components/19/maven-shared-components-19.pom (6.4 kB at 212 kB/s)
#20 8.216 Downloading from central: https://repo.maven.apache.org/maven2/org/apache/maven/maven-parent/23/maven-parent-23.pom
#20 8.245 Progress (1): 726 BProgress (1): 2.0 kBProgress (1): 5.9 kBProgress (1): 10 kB Progress (1): 15 kBProgress (1): 19 kBProgress (1): 22 kBProgress (1): 25 kBProgress (1): 27 kBProgress (1): 31 kBProgress (1): 33 kB                   Downloaded from central: https://repo.maven.apache.org/maven2/org/apache/maven/maven-parent/23/maven-parent-23.pom (33 kB at 1.1 MB/s)
#20 8.247 Downloading from central: https://repo.maven.apache.org/maven2/org/apache/apache/13/apache-13.pom
#20 8.272 Progress (1): 749 BProgress (1): 2.1 kBProgress (1): 4.1 kBProgress (1): 9.0 kBProgress (1): 11 kB Progress (1): 14 kB                   Downloaded from central: https://repo.maven.apache.org/maven2/org/apache/apache/13/apache-13.pom (14 kB at 537 kB/s)
#20 8.275 Downloading from central: https://repo.maven.apache.org/maven2/org/codehaus/plexus/plexus-java/1.2.0/plexus-java-1.2.0.pom
#20 8.301 Progress (1): 1.9 kBProgress (1): 4.3 kB                    Downloaded from central: https://repo.maven.apache.org/maven2/org/codehaus/plexus/plexus-java/1.2.0/plexus-java-1.2.0.pom (4.3 kB at 158 kB/s)
#20 8.303 Downloading from central: https://repo.maven.apache.org/maven2/org/codehaus/plexus/plexus-languages/1.2.0/plexus-languages-1.2.0.pom
#20 8.329 Progress (1): 1.3 kBProgress (1): 3.2 kB                    Downloaded from central: https://repo.maven.apache.org/maven2/org/codehaus/plexus/plexus-languages/1.2.0/plexus-languages-1.2.0.pom (3.2 kB at 118 kB/s)
#20 8.331 Downloading from central: https://repo.maven.apache.org/maven2/org/codehaus/plexus/plexus/15/plexus-15.pom
#20 8.356 Progress (1): 692 BProgress (1): 2.7 kBProgress (1): 6.4 kBProgress (1): 8.9 kBProgress (1): 11 kB Progress (1): 14 kBProgress (1): 18 kBProgress (1): 21 kBProgress (1): 25 kBProgress (1): 28 kB                   Downloaded from central: https://repo.maven.apache.org/maven2/org/codehaus/plexus/plexus/15/plexus-15.pom (28 kB at 1.1 MB/s)
#20 8.359 Downloading from central: https://repo.maven.apache.org/maven2/org/junit/junit-bom/5.10.0/junit-bom-5.10.0.pom
#20 8.384 Progress (1): 913 BProgress (1): 4.1 kBProgress (1): 5.6 kB                    Downloaded from central: https://repo.maven.apache.org/maven2/org/junit/junit-bom/5.10.0/junit-bom-5.10.0.pom (5.6 kB at 217 kB/s)
#20 8.387 Downloading from central: https://repo.maven.apache.org/maven2/org/ow2/asm/asm/9.6/asm-9.6.pom
#20 8.412 Progress (1): 1.3 kBProgress (1): 2.4 kB                    Downloaded from central: https://repo.maven.apache.org/maven2/org/ow2/asm/asm/9.6/asm-9.6.pom (2.4 kB at 91 kB/s)
#20 8.414 Downloading from central: https://repo.maven.apache.org/maven2/org/ow2/ow2/1.5.1/ow2-1.5.1.pom
#20 8.438 Progress (1): 709 BProgress (1): 2.1 kBProgress (1): 3.6 kBProgress (1): 5.7 kBProgress (1): 8.1 kBProgress (1): 11 kB                    Downloaded from central: https://repo.maven.apache.org/maven2/org/ow2/ow2/1.5.1/ow2-1.5.1.pom (11 kB at 452 kB/s)
#20 8.441 Downloading from central: https://repo.maven.apache.org/maven2/com/thoughtworks/qdox/qdox/2.0.3/qdox-2.0.3.pom
#20 8.466 Progress (1): 872 BProgress (1): 3.4 kBProgress (1): 6.6 kBProgress (1): 11 kB Progress (1): 13 kBProgress (1): 17 kB                   Downloaded from central: https://repo.maven.apache.org/maven2/com/thoughtworks/qdox/qdox/2.0.3/qdox-2.0.3.pom (17 kB at 663 kB/s)
#20 8.470 Downloading from central: https://repo.maven.apache.org/maven2/org/codehaus/plexus/plexus-compiler-api/2.15.0/plexus-compiler-api-2.15.0.pom
#20 8.495 Progress (1): 1.4 kB                    Downloaded from central: https://repo.maven.apache.org/maven2/org/codehaus/plexus/plexus-compiler-api/2.15.0/plexus-compiler-api-2.15.0.pom (1.4 kB at 52 kB/s)
#20 8.497 Downloading from central: https://repo.maven.apache.org/maven2/org/codehaus/plexus/plexus-compiler/2.15.0/plexus-compiler-2.15.0.pom
#20 8.523 Progress (1): 1.2 kBProgress (1): 4.5 kBProgress (1): 7.6 kBProgress (1): 7.6 kB                    Downloaded from central: https://repo.maven.apache.org/maven2/org/codehaus/plexus/plexus-compiler/2.15.0/plexus-compiler-2.15.0.pom (7.6 kB at 281 kB/s)
#20 8.525 Downloading from central: https://repo.maven.apache.org/maven2/org/codehaus/plexus/plexus/17/plexus-17.pom
#20 8.549 Progress (1): 691 BProgress (1): 2.5 kBProgress (1): 6.4 kBProgress (1): 8.9 kBProgress (1): 11 kB Progress (1): 14 kBProgress (1): 19 kBProgress (1): 21 kBProgress (1): 25 kBProgress (1): 28 kB                   Downloaded from central: https://repo.maven.apache.org/maven2/org/codehaus/plexus/plexus/17/plexus-17.pom (28 kB at 1.1 MB/s)
#20 8.553 Downloading from central: https://repo.maven.apache.org/maven2/org/codehaus/plexus/plexus-utils/4.0.0/plexus-utils-4.0.0.pom
#20 8.578 Progress (1): 724 BProgress (1): 2.3 kBProgress (1): 4.5 kBProgress (1): 8.7 kB                    Downloaded from central: https://repo.maven.apache.org/maven2/org/codehaus/plexus/plexus-utils/4.0.0/plexus-utils-4.0.0.pom (8.7 kB at 346 kB/s)
#20 8.580 Downloading from central: https://repo.maven.apache.org/maven2/org/codehaus/plexus/plexus/13/plexus-13.pom
#20 8.606 Progress (1): 693 BProgress (1): 2.5 kBProgress (1): 6.4 kBProgress (1): 8.9 kBProgress (1): 11 kB Progress (1): 14 kBProgress (1): 18 kBProgress (1): 21 kBProgress (1): 26 kBProgress (1): 27 kB                   Downloaded from central: https://repo.maven.apache.org/maven2/org/codehaus/plexus/plexus/13/plexus-13.pom (27 kB at 1.0 MB/s)
#20 8.609 Downloading from central: https://repo.maven.apache.org/maven2/org/junit/junit-bom/5.9.3/junit-bom-5.9.3.pom
#20 8.634 Progress (1): 907 BProgress (1): 4.1 kBProgress (1): 5.6 kB                    Downloaded from central: https://repo.maven.apache.org/maven2/org/junit/junit-bom/5.9.3/junit-bom-5.9.3.pom (5.6 kB at 217 kB/s)
#20 8.636 Downloading from central: https://repo.maven.apache.org/maven2/org/codehaus/plexus/plexus-compiler-manager/2.15.0/plexus-compiler-manager-2.15.0.pom
#20 8.662 Progress (1): 1.3 kB                    Downloaded from central: https://repo.maven.apache.org/maven2/org/codehaus/plexus/plexus-compiler-manager/2.15.0/plexus-compiler-manager-2.15.0.pom (1.3 kB at 50 kB/s)
#20 8.665 Downloading from central: https://repo.maven.apache.org/maven2/org/codehaus/plexus/plexus-xml/3.0.0/plexus-xml-3.0.0.pom
#20 8.691 Progress (1): 815 BProgress (1): 2.7 kBProgress (1): 3.7 kB                    Downloaded from central: https://repo.maven.apache.org/maven2/org/codehaus/plexus/plexus-xml/3.0.0/plexus-xml-3.0.0.pom (3.7 kB at 144 kB/s)
#20 8.693 Downloading from central: https://repo.maven.apache.org/maven2/org/codehaus/plexus/plexus-compiler-javac/2.15.0/plexus-compiler-javac-2.15.0.pom
#20 8.718 Progress (1): 1.3 kB                    Downloaded from central: https://repo.maven.apache.org/maven2/org/codehaus/plexus/plexus-compiler-javac/2.15.0/plexus-compiler-javac-2.15.0.pom (1.3 kB at 50 kB/s)
#20 8.720 Downloading from central: https://repo.maven.apache.org/maven2/org/codehaus/plexus/plexus-compilers/2.15.0/plexus-compilers-2.15.0.pom
#20 8.742 Progress (1): 1.6 kBProgress (1): 1.6 kB                    Downloaded from central: https://repo.maven.apache.org/maven2/org/codehaus/plexus/plexus-compilers/2.15.0/plexus-compilers-2.15.0.pom (1.6 kB at 68 kB/s)
#20 8.747 Downloading from central: https://repo.maven.apache.org/maven2/org/apache/maven/shared/maven-shared-utils/3.4.2/maven-shared-utils-3.4.2.jar
#20 8.772 Progress (1): 7.7/151 kBProgress (1): 16/151 kB Progress (1): 24/151 kBProgress (1): 40/151 kBProgress (1): 57/151 kBProgress (1): 73/151 kBProgress (1): 90/151 kBProgress (1): 106/151 kBProgress (1): 122/151 kBProgress (1): 139/151 kBProgress (1): 151 kB                        Downloaded from central: https://repo.maven.apache.org/maven2/org/apache/maven/shared/maven-shared-utils/3.4.2/maven-shared-utils-3.4.2.jar (151 kB at 5.8 MB/s)
#20 8.773 Downloading from central: https://repo.maven.apache.org/maven2/org/apache/maven/shared/maven-shared-incremental/1.1/maven-shared-incremental-1.1.jar
#20 8.773 Downloading from central: https://repo.maven.apache.org/maven2/org/codehaus/plexus/plexus-java/1.2.0/plexus-java-1.2.0.jar
#20 8.773 Downloading from central: https://repo.maven.apache.org/maven2/org/ow2/asm/asm/9.6/asm-9.6.jar
#20 8.773 Downloading from central: https://repo.maven.apache.org/maven2/com/thoughtworks/qdox/qdox/2.0.3/qdox-2.0.3.jar
#20 8.773 Downloading from central: https://repo.maven.apache.org/maven2/org/codehaus/plexus/plexus-compiler-api/2.15.0/plexus-compiler-api-2.15.0.jar
#20 8.799 Progress (1): 7.7/58 kBProgress (1): 12/58 kB Progress (1): 29/58 kBProgress (1): 45/58 kBProgress (1): 58 kB                      Downloaded from central: https://repo.maven.apache.org/maven2/org/codehaus/plexus/plexus-java/1.2.0/plexus-java-1.2.0.jar (58 kB at 2.2 MB/s)
#20 8.799 Downloading from central: https://repo.maven.apache.org/maven2/org/codehaus/plexus/plexus-compiler-manager/2.15.0/plexus-compiler-manager-2.15.0.jar
#20 8.799 Progress (1): 7.7/124 kBProgress (1): 16/124 kB Progress (1): 24/124 kBProgress (1): 40/124 kBProgress (1): 57/124 kBProgress (1): 73/124 kBProgress (1): 90/124 kBProgress (1): 106/124 kBProgress (1): 122/124 kBProgress (1): 124 kB    Progress (2): 124 kB | 3.2/334 kBProgress (2): 124 kB | 20/334 kB                                 Downloaded from central: https://repo.maven.apache.org/maven2/org/ow2/asm/asm/9.6/asm-9.6.jar (124 kB at 4.3 MB/s)
#20 8.802 Downloading from central: https://repo.maven.apache.org/maven2/org/codehaus/plexus/plexus-xml/3.0.0/plexus-xml-3.0.0.jar
#20 8.802 Progress (1): 36/334 kBProgress (1): 52/334 kBProgress (1): 61/334 kBProgress (1): 77/334 kBProgress (1): 93/334 kBProgress (1): 110/334 kBProgress (1): 126/334 kBProgress (1): 142/334 kBProgress (1): 159/334 kBProgress (1): 175/334 kBProgress (1): 192/334 kBProgress (1): 208/334 kBProgress (2): 208/334 kB | 7.3/14 kBProgress (2): 208/334 kB | 14 kB                                    Downloaded from central: https://repo.maven.apache.org/maven2/org/apache/maven/shared/maven-shared-incremental/1.1/maven-shared-incremental-1.1.jar (14 kB at 398 kB/s)
#20 8.807 Downloading from central: https://repo.maven.apache.org/maven2/org/codehaus/plexus/plexus-compiler-javac/2.15.0/plexus-compiler-javac-2.15.0.jar
#20 8.807 Progress (1): 224/334 kBProgress (1): 241/334 kBProgress (1): 257/334 kBProgress (1): 274/334 kBProgress (1): 290/334 kBProgress (1): 306/334 kBProgress (1): 323/334 kBProgress (1): 334 kB    Progress (2): 334 kB | 7.7/29 kB                                Downloaded from central: https://repo.maven.apache.org/maven2/com/thoughtworks/qdox/qdox/2.0.3/qdox-2.0.3.jar (334 kB at 9.3 MB/s)
#20 8.809 Progress (1): 16/29 kB                      Downloading from central: https://repo.maven.apache.org/maven2/org/codehaus/plexus/plexus-utils/4.0.0/plexus-utils-4.0.0.jar
#20 8.809 Progress (1): 29/29 kBProgress (1): 29 kB                      Downloaded from central: https://repo.maven.apache.org/maven2/org/codehaus/plexus/plexus-compiler-api/2.15.0/plexus-compiler-api-2.15.0.jar (29 kB at 786 kB/s)
#20 8.822 Progress (1): 5.2 kB                    Downloaded from central: https://repo.maven.apache.org/maven2/org/codehaus/plexus/plexus-compiler-manager/2.15.0/plexus-compiler-manager-2.15.0.jar (5.2 kB at 107 kB/s)
#20 8.829 Progress (1): 3.2/93 kBProgress (1): 20/93 kB Progress (1): 36/93 kBProgress (1): 52/93 kBProgress (1): 61/93 kBProgress (1): 77/93 kBProgress (1): 93 kB                      Downloaded from central: https://repo.maven.apache.org/maven2/org/codehaus/plexus/plexus-xml/3.0.0/plexus-xml-3.0.0.jar (93 kB at 1.6 MB/s)
#20 8.838 Progress (1): 7.7/26 kBProgress (1): 11/26 kB Progress (1): 26 kB                      Downloaded from central: https://repo.maven.apache.org/maven2/org/codehaus/plexus/plexus-compiler-javac/2.15.0/plexus-compiler-javac-2.15.0.jar (26 kB at 396 kB/s)
#20 8.842 Progress (1): 3.2/192 kBProgress (1): 11/192 kB Progress (1): 28/192 kBProgress (1): 44/192 kBProgress (1): 61/192 kBProgress (1): 77/192 kBProgress (1): 93/192 kBProgress (1): 97/192 kBProgress (1): 113/192 kBProgress (1): 130/192 kBProgress (1): 146/192 kBProgress (1): 163/192 kBProgress (1): 179/192 kBProgress (1): 192 kB                        Downloaded from central: https://repo.maven.apache.org/maven2/org/codehaus/plexus/plexus-utils/4.0.0/plexus-utils-4.0.0.jar (192 kB at 2.7 MB/s)
#20 8.891 Downloading from central: https://repo.maven.apache.org/maven2/org/graalvm/truffle/truffle-dsl-processor/25.3.4.1/truffle-dsl-processor-25.3.4.1.pom
#20 8.927 Progress (1): 1.1 kBProgress (1): 1.3 kB                    Downloaded from central: https://repo.maven.apache.org/maven2/org/graalvm/truffle/truffle-dsl-processor/25.3.4.1/truffle-dsl-processor-25.3.4.1.pom (1.3 kB at 36 kB/s)
#20 8.929 Downloading from central: https://repo.maven.apache.org/maven2/org/graalvm/truffle/truffle-dsl-processor/25.3.4.1/truffle-dsl-processor-25.3.4.1.jar
#20 8.961 Progress (1): 0/4.5 MBProgress (1): 0/4.5 MBProgress (1): 0/4.5 MBProgress (1): 0/4.5 MBProgress (1): 0.1/4.5 MBProgress (1): 0.1/4.5 MBProgress (1): 0.1/4.5 MBProgress (1): 0.1/4.5 MBProgress (1): 0.1/4.5 MBProgress (1): 0.1/4.5 MBProgress (1): 0.2/4.5 MBProgress (1): 0.2/4.5 MBProgress (1): 0.2/4.5 MBProgress (1): 0.2/4.5 MBProgress (1): 0.2/4.5 MBProgress (1): 0.2/4.5 MBProgress (1): 0.3/4.5 MBProgress (1): 0.3/4.5 MBProgress (1): 0.3/4.5 MBProgress (1): 0.3/4.5 MBProgress (1): 0.3/4.5 MBProgress (1): 0.3/4.5 MBProgress (1): 0.3/4.5 MBProgress (1): 0.4/4.5 MBProgress (1): 0.4/4.5 MBProgress (1): 0.4/4.5 MBProgress (1): 0.4/4.5 MBProgress (1): 0.4/4.5 MBProgress (1): 0.4/4.5 MBProgress (1): 0.5/4.5 MBProgress (1): 0.5/4.5 MBProgress (1): 0.5/4.5 MBProgress (1): 0.5/4.5 MBProgress (1): 0.5/4.5 MBProgress (1): 0.5/4.5 MBProgress (1): 0.6/4.5 MBProgress (1): 0.6/4.5 MBProgress (1): 0.6/4.5 MBProgress (1): 0.6/4.5 MBProgress (1): 0.6/4.5 MBProgress (1): 0.6/4.5 MBProgress (1): 0.6/4.5 MBProgress (1): 0.7/4.5 MBProgress (1): 0.7/4.5 MBProgress (1): 0.7/4.5 MBProgress (1): 0.7/4.5 MBProgress (1): 0.7/4.5 MBProgress (1): 0.7/4.5 MBProgress (1): 0.8/4.5 MBProgress (1): 0.8/4.5 MBProgress (1): 0.8/4.5 MBProgress (1): 0.8/4.5 MBProgress (1): 0.8/4.5 MBProgress (1): 0.8/4.5 MBProgress (1): 0.9/4.5 MBProgress (1): 0.9/4.5 MBProgress (1): 0.9/4.5 MBProgress (1): 0.9/4.5 MBProgress (1): 0.9/4.5 MBProgress (1): 0.9/4.5 MBProgress (1): 1.0/4.5 MBProgress (1): 1.0/4.5 MBProgress (1): 1.0/4.5 MBProgress (1): 1.0/4.5 MBProgress (1): 1.0/4.5 MBProgress (1): 1.0/4.5 MBProgress (1): 1.1/4.5 MBProgress (1): 1.1/4.5 MBProgress (1): 1.1/4.5 MBProgress (1): 1.1/4.5 MBProgress (1): 1.1/4.5 MBProgress (1): 1.1/4.5 MBProgress (1): 1.2/4.5 MBProgress (1): 1.2/4.5 MBProgress (1): 1.2/4.5 MBProgress (1): 1.2/4.5 MBProgress (1): 1.2/4.5 MBProgress (1): 1.2/4.5 MBProgress (1): 1.3/4.5 MBProgress (1): 1.3/4.5 MBProgress (1): 1.3/4.5 MBProgress (1): 1.3/4.5 MBProgress (1): 1.3/4.5 MBProgress (1): 1.3/4.5 MBProgress (1): 1.3/4.5 MBProgress (1): 1.4/4.5 MBProgress (1): 1.4/4.5 MBProgress (1): 1.4/4.5 MBProgress (1): 1.4/4.5 MBProgress (1): 1.4/4.5 MBProgress (1): 1.4/4.5 MBProgress (1): 1.5/4.5 MBProgress (1): 1.5/4.5 MBProgress (1): 1.5/4.5 MBProgress (1): 1.5/4.5 MBProgress (1): 1.5/4.5 MBProgress (1): 1.5/4.5 MBProgress (1): 1.6/4.5 MBProgress (1): 1.6/4.5 MBProgress (1): 1.6/4.5 MBProgress (1): 1.6/4.5 MBProgress (1): 1.6/4.5 MBProgress (1): 1.6/4.5 MBProgress (1): 1.7/4.5 MBProgress (1): 1.7/4.5 MBProgress (1): 1.7/4.5 MBProgress (1): 1.7/4.5 MBProgress (1): 1.7/4.5 MBProgress (1): 1.7/4.5 MBProgress (1): 1.8/4.5 MBProgress (1): 1.8/4.5 MBProgress (1): 1.8/4.5 MBProgress (1): 1.8/4.5 MBProgress (1): 1.8/4.5 MBProgress (1): 1.8/4.5 MBProgress (1): 1.9/4.5 MBProgress (1): 1.9/4.5 MBProgress (1): 1.9/4.5 MBProgress (1): 1.9/4.5 MBProgress (1): 1.9/4.5 MBProgress (1): 1.9/4.5 MBProgress (1): 2.0/4.5 MBProgress (1): 2.0/4.5 MBProgress (1): 2.0/4.5 MBProgress (1): 2.0/4.5 MBProgress (1): 2.0/4.5 MBProgress (1): 2.0/4.5 MBProgress (1): 2.1/4.5 MBProgress (1): 2.1/4.5 MBProgress (1): 2.1/4.5 MBProgress (1): 2.1/4.5 MBProgress (1): 2.1/4.5 MBProgress (1): 2.1/4.5 MBProgress (1): 2.2/4.5 MBProgress (1): 2.2/4.5 MBProgress (1): 2.2/4.5 MBProgress (1): 2.2/4.5 MBProgress (1): 2.2/4.5 MBProgress (1): 2.2/4.5 MBProgress (1): 2.2/4.5 MBProgress (1): 2.3/4.5 MBProgress (1): 2.3/4.5 MBProgress (1): 2.3/4.5 MBProgress (1): 2.3/4.5 MBProgress (1): 2.3/4.5 MBProgress (1): 2.3/4.5 MBProgress (1): 2.4/4.5 MBProgress (1): 2.4/4.5 MBProgress (1): 2.4/4.5 MBProgress (1): 2.4/4.5 MBProgress (1): 2.4/4.5 MBProgress (1): 2.4/4.5 MBProgress (1): 2.5/4.5 MBProgress (1): 2.5/4.5 MBProgress (1): 2.5/4.5 MBProgress (1): 2.5/4.5 MBProgress (1): 2.5/4.5 MBProgress (1): 2.5/4.5 MBProgress (1): 2.6/4.5 MBProgress (1): 2.6/4.5 MBProgress (1): 2.6/4.5 MBProgress (1): 2.6/4.5 MBProgress (1): 2.6/4.5 MBProgress (1): 2.6/4.5 MBProgress (1): 2.6/4.5 MBProgress (1): 2.7/4.5 MBProgress (1): 2.7/4.5 MBProgress (1): 2.7/4.5 MBProgress (1): 2.7/4.5 MBProgress (1): 2.7/4.5 MBProgress (1): 2.7/4.5 MBProgress (1): 2.8/4.5 MBProgress (1): 2.8/4.5 MBProgress (1): 2.8/4.5 MBProgress (1): 2.8/4.5 MBProgress (1): 2.8/4.5 MBProgress (1): 2.8/4.5 MBProgress (1): 2.9/4.5 MBProgress (1): 2.9/4.5 MBProgress (1): 2.9/4.5 MBProgress (1): 2.9/4.5 MBProgress (1): 2.9/4.5 MBProgress (1): 2.9/4.5 MBProgress (1): 3.0/4.5 MBProgress (1): 3.0/4.5 MBProgress (1): 3.0/4.5 MBProgress (1): 3.0/4.5 MBProgress (1): 3.0/4.5 MBProgress (1): 3.0/4.5 MBProgress (1): 3.1/4.5 MBProgress (1): 3.1/4.5 MBProgress (1): 3.1/4.5 MBProgress (1): 3.1/4.5 MBProgress (1): 3.1/4.5 MBProgress (1): 3.1/4.5 MBProgress (1): 3.1/4.5 MBProgress (1): 3.2/4.5 MBProgress (1): 3.2/4.5 MBProgress (1): 3.2/4.5 MBProgress (1): 3.2/4.5 MBProgress (1): 3.2/4.5 MBProgress (1): 3.2/4.5 MBProgress (1): 3.3/4.5 MBProgress (1): 3.3/4.5 MBProgress (1): 3.3/4.5 MBProgress (1): 3.3/4.5 MBProgress (1): 3.3/4.5 MBProgress (1): 3.3/4.5 MBProgress (1): 3.4/4.5 MBProgress (1): 3.4/4.5 MBProgress (1): 3.4/4.5 MBProgress (1): 3.4/4.5 MBProgress (1): 3.4/4.5 MBProgress (1): 3.4/4.5 MBProgress (1): 3.5/4.5 MBProgress (1): 3.5/4.5 MBProgress (1): 3.5/4.5 MBProgress (1): 3.5/4.5 MBProgress (1): 3.5/4.5 MBProgress (1): 3.5/4.5 MBProgress (1): 3.6/4.5 MBProgress (1): 3.6/4.5 MBProgress (1): 3.6/4.5 MBProgress (1): 3.6/4.5 MBProgress (1): 3.6/4.5 MBProgress (1): 3.6/4.5 MBProgress (1): 3.7/4.5 MBProgress (1): 3.7/4.5 MBProgress (1): 3.7/4.5 MBProgress (1): 3.7/4.5 MBProgress (1): 3.7/4.5 MBProgress (1): 3.7/4.5 MBProgress (1): 3.8/4.5 MBProgress (1): 3.8/4.5 MBProgress (1): 3.8/4.5 MBProgress (1): 3.8/4.5 MBProgress (1): 3.8/4.5 MBProgress (1): 3.8/4.5 MBProgress (1): 3.9/4.5 MBProgress (1): 3.9/4.5 MBProgress (1): 3.9/4.5 MBProgress (1): 3.9/4.5 MBProgress (1): 3.9/4.5 MBProgress (1): 3.9/4.5 MBProgress (1): 4.0/4.5 MBProgress (1): 4.0/4.5 MBProgress (1): 4.0/4.5 MBProgress (1): 4.0/4.5 MBProgress (1): 4.0/4.5 MBProgress (1): 4.0/4.5 MBProgress (1): 4.1/4.5 MBProgress (1): 4.1/4.5 MBProgress (1): 4.1/4.5 MBProgress (1): 4.1/4.5 MBProgress (1): 4.1/4.5 MBProgress (1): 4.1/4.5 MBProgress (1): 4.1/4.5 MBProgress (1): 4.2/4.5 MBProgress (1): 4.2/4.5 MBProgress (1): 4.2/4.5 MBProgress (1): 4.2/4.5 MBProgress (1): 4.2/4.5 MBProgress (1): 4.2/4.5 MBProgress (1): 4.3/4.5 MBProgress (1): 4.3/4.5 MBProgress (1): 4.3/4.5 MBProgress (1): 4.3/4.5 MBProgress (1): 4.3/4.5 MBProgress (1): 4.3/4.5 MBProgress (1): 4.4/4.5 MBProgress (1): 4.4/4.5 MBProgress (1): 4.4/4.5 MBProgress (1): 4.4/4.5 MBProgress (1): 4.4/4.5 MBProgress (1): 4.4/4.5 MBProgress (1): 4.5/4.5 MBProgress (1): 4.5/4.5 MBProgress (1): 4.5/4.5 MBProgress (1): 4.5/4.5 MBProgress (1): 4.5/4.5 MBProgress (1): 4.5 MB                        Downloaded from central: https://repo.maven.apache.org/maven2/org/graalvm/truffle/truffle-dsl-processor/25.3.4.1/truffle-dsl-processor-25.3.4.1.jar (4.5 MB at 64 MB/s)
#20 9.017 [INFO] Recompiling the module because of changed source code.
#20 9.023 [INFO] Compiling 323 source files with javac [debug release 21] to target/classes
#20 15.42 [WARNING] /src/src/main/java/com/guillermomolina/protos/execution/ProtosBytecodeRootNode.java:[5809,9] The guard '(enteredContext == cachedContext)' invokes methods that would benefit from the @Idempotent or @NonIdempotent annotations: 
#20 15.42     - ProtosBytecodeRootNode.PrepareSendArguments.currentEnteredContext()
#20 15.42   The DSL will invoke guards always or only in the slow-path during specialization depending these annotations. To resolve this annotate the methods, remove the guard or suppress the warning. This warning may be suppressed using @SuppressWarnings("truffle-guard").
#20 15.42 [WARNING] /src/src/main/java/com/guillermomolina/protos/execution/ProtosBytecodeRootNode.java:[5809,9] The guard '(enteredContext != null)' invokes methods that would benefit from the @Idempotent or @NonIdempotent annotations: 
#20 15.42     - ProtosBytecodeRootNode.PrepareSendArguments.currentEnteredContext()
#20 15.42   The DSL will invoke guards always or only in the slow-path during specialization depending these annotations. To resolve this annotate the methods, remove the guard or suppress the warning. This warning may be suppressed using @SuppressWarnings("truffle-guard").
#20 15.42 [WARNING] /src/src/main/java/com/guillermomolina/protos/execution/ProtosBytecodeRootNode.java:[5882,9] The guard '(enteredContext == cachedContext)' invokes methods that would benefit from the @Idempotent or @NonIdempotent annotations: 
#20 15.42     - ProtosBytecodeRootNode.PrepareSendArguments.currentEnteredContext()
#20 15.42   The DSL will invoke guards always or only in the slow-path during specialization depending these annotations. To resolve this annotate the methods, remove the guard or suppress the warning. This warning may be suppressed using @SuppressWarnings("truffle-guard").
#20 15.42 [WARNING] /src/src/main/java/com/guillermomolina/protos/execution/ProtosBytecodeRootNode.java:[5882,9] The guard '(enteredContext != null)' invokes methods that would benefit from the @Idempotent or @NonIdempotent annotations: 
#20 15.42     - ProtosBytecodeRootNode.PrepareSendArguments.currentEnteredContext()
#20 15.42   The DSL will invoke guards always or only in the slow-path during specialization depending these annotations. To resolve this annotate the methods, remove the guard or suppress the warning. This warning may be suppressed using @SuppressWarnings("truffle-guard").
#20 15.42 [WARNING] /src/src/main/java/com/guillermomolina/protos/execution/ProtosBytecodeRootNode.java:[5942,9] The guard '(enteredContext == cachedContext)' invokes methods that would benefit from the @Idempotent or @NonIdempotent annotations: 
#20 15.42     - ProtosBytecodeRootNode.PrepareSendArguments.currentEnteredContext()
#20 15.42   The DSL will invoke guards always or only in the slow-path during specialization depending these annotations. To resolve this annotate the methods, remove the guard or suppress the warning. This warning may be suppressed using @SuppressWarnings("truffle-guard").
#20 15.42 [WARNING] /src/src/main/java/com/guillermomolina/protos/execution/ProtosBytecodeRootNode.java:[5942,9] The guard '(enteredContext != null)' invokes methods that would benefit from the @Idempotent or @NonIdempotent annotations: 
#20 15.42     - ProtosBytecodeRootNode.PrepareSendArguments.currentEnteredContext()
#20 15.42   The DSL will invoke guards always or only in the slow-path during specialization depending these annotations. To resolve this annotate the methods, remove the guard or suppress the warning. This warning may be suppressed using @SuppressWarnings("truffle-guard").
#20 15.42 [WARNING] /src/src/main/java/com/guillermomolina/protos/execution/ProtosBytecodeRootNode.java:[416,17] Bind expression '$bytecodeNode' is redundant and can be automatically be resolved from the parameter type. Remove the expression to resolve this warning. This warning may be suppressed using @SuppressWarnings("truffle-unused").
#20 15.42 [WARNING] /src/src/main/java/com/guillermomolina/protos/execution/ProtosBytecodeRootNode.java:[315,17] Bind expression '$bytecodeNode' is redundant and can be automatically be resolved from the parameter type. Remove the expression to resolve this warning. This warning may be suppressed using @SuppressWarnings("truffle-unused").
#20 15.42 [WARNING] /src/src/main/java/com/guillermomolina/protos/execution/ProtosBytecodeRootNode.java:[316,17] Bind expression '$frame' is redundant and can be automatically be resolved from the parameter type. Remove the expression to resolve this warning. This warning may be suppressed using @SuppressWarnings("truffle-unused").
#20 15.42 [WARNING] /src/src/main/java/com/guillermomolina/protos/execution/ProtosBytecodeRootNode.java:[703,17] Bind expression '$bytecodeNode' is redundant and can be automatically be resolved from the parameter type. Remove the expression to resolve this warning. This warning may be suppressed using @SuppressWarnings("truffle-unused").
#20 15.42 [WARNING] /src/src/main/java/com/guillermomolina/protos/execution/ProtosBytecodeRootNode.java:[282,17] Bind expression '$bytecodeNode' is redundant and can be automatically be resolved from the parameter type. Remove the expression to resolve this warning. This warning may be suppressed using @SuppressWarnings("truffle-unused").
#20 15.42 [WARNING] /src/src/main/java/com/guillermomolina/protos/execution/ProtosBytecodeRootNode.java:[283,17] Bind expression '$frame' is redundant and can be automatically be resolved from the parameter type. Remove the expression to resolve this warning. This warning may be suppressed using @SuppressWarnings("truffle-unused").
#20 15.42 [WARNING] /src/src/main/java/com/guillermomolina/protos/execution/ProtosBytecodeRootNode.java:[637,17] Bind expression '$bytecodeNode' is redundant and can be automatically be resolved from the parameter type. Remove the expression to resolve this warning. This warning may be suppressed using @SuppressWarnings("truffle-unused").
#20 15.42 [WARNING] /src/src/main/java/com/guillermomolina/protos/execution/ProtosSemanticBytecodeRootNode.java:[71,17] Bind expression '$frame' is redundant and can be automatically be resolved from the parameter type. Remove the expression to resolve this warning. This warning may be suppressed using @SuppressWarnings("truffle-unused").
#20 15.42 [WARNING] No processor claimed any of these annotations: /com.oracle.truffle.api.instrumentation.ProvidedTags,/com.oracle.truffle.api.bytecode.Operation,/com.oracle.truffle.api.dsl.Cached,/com.oracle.truffle.api.bytecode.Variadic,/com.oracle.truffle.api.dsl.Bind,/com.oracle.truffle.api.bytecode.ConstantOperand.Repeat,/com.oracle.truffle.api.bytecode.ConstantOperand
#20 15.42 [WARNING] No processor claimed any of these annotations: /com.oracle.truffle.api.dsl.InlineSupport.UnsafeAccessedField,/com.oracle.truffle.api.nodes.DenyReplace,/com.oracle.truffle.api.instrumentation.ProvidedTags,/com.oracle.truffle.api.HostCompilerDirectives.BytecodeInterpreterSwitch,/com.oracle.truffle.api.nodes.ExplodeLoop,/com.oracle.truffle.api.CompilerDirectives.ValueType,/com.oracle.truffle.api.HostCompilerDirectives.InliningCutoff,/com.oracle.truffle.api.dsl.GeneratedBy,/com.oracle.truffle.api.HostCompilerDirectives.InliningRoot,/com.oracle.truffle.api.dsl.Bind.DefaultExpression
#20 15.42 [WARNING] /src/src/main/java/com/guillermomolina/protos/runtime/ProtosEncodingValue.java:[105,25] serializable class com.guillermomolina.protos.runtime.ProtosEncodingValue.ConversionFailure has no definition of serialVersionUID
#20 15.42 [WARNING] /src/src/main/java/com/guillermomolina/protos/runtime/ProtosTask.java:[201,5] documentation comment is not attached to any declaration
#20 15.42 [WARNING] /src/src/main/java/com/guillermomolina/protos/runtime/ProtosTask.java:[200,5] documentation comment is not attached to any declaration
#20 15.42 [WARNING] /src/src/main/java/com/guillermomolina/protos/runtime/ProtosTask.java:[193,5] documentation comment is not attached to any declaration
#20 15.42 [WARNING] /src/src/main/java/com/guillermomolina/protos/runtime/ProtosSignalException.java:[24,14] serializable class com.guillermomolina.protos.runtime.ProtosSignalException has no definition of serialVersionUID
#20 15.42 [WARNING] /src/src/main/java/com/guillermomolina/protos/runtime/ProtosSignalException.java:[25,37] non-transient instance field of a serializable class declared with a non-serializable type
#20 15.42 [WARNING] /src/src/main/java/com/guillermomolina/protos/runtime/ProtosSignalException.java:[26,45] non-transient instance field of a serializable class declared with a non-serializable type
#20 15.42 [WARNING] /src/src/main/java/com/guillermomolina/protos/execution/ProtosTestResourceProviderRegistry.java:[41,18] serializable class com.guillermomolina.protos.execution.ProtosTestResourceProviderRegistry.UnknownProviderException has no definition of serialVersionUID
#20 15.42 [WARNING] /src/src/main/java/com/guillermomolina/protos/execution/ProtosTestResourceProviderCoordinator.java:[43,18] serializable class com.guillermomolina.protos.execution.ProtosTestResourceProviderCoordinator.InvalidLeaseCoverageException has no definition of serialVersionUID
#20 15.42 [WARNING] /src/src/main/java/com/guillermomolina/protos/execution/ProtosTestResourceProviderCoordinator.java:[55,18] serializable class com.guillermomolina.protos.execution.ProtosTestResourceProviderCoordinator.DuplicateResourceKeyException has no definition of serialVersionUID
#20 15.42 [WARNING] /src/target/generated-sources/annotations/com/guillermomolina/protos/execution/ProtosBytecodeRootNodeGen.java:[5370,54] java.lang.ThreadDeath in java.lang has been deprecated and marked for removal
#20 15.42 [WARNING] /src/target/generated-sources/annotations/com/guillermomolina/protos/execution/ProtosBytecodeRootNodeGen.java:[7109,83] unchecked cast
#20 15.42   required: java.util.List<java.lang.String>
#20 15.42   found:    java.lang.Object
#20 15.42 [WARNING] /src/target/generated-sources/annotations/com/guillermomolina/protos/execution/ProtosBytecodeRootNodeGen.java:[9499,63] java.lang.ThreadDeath in java.lang has been deprecated and marked for removal
#20 15.42 [WARNING] /src/src/main/java/com/guillermomolina/protos/execution/ProtosTaskCancellationException.java:[10,14] serializable class com.guillermomolina.protos.execution.ProtosTaskCancellationException has no definition of serialVersionUID
#20 15.42 [WARNING] /src/src/main/java/com/guillermomolina/protos/execution/ProtosParallelRuntime.java:[398,26] serializable class com.guillermomolina.protos.execution.ProtosParallelRuntime.NonParallel has no definition of serialVersionUID
#20 15.42 [WARNING] /src/src/main/java/com/guillermomolina/protos/parser/ParseError.java:[25,14] serializable class com.guillermomolina.protos.parser.ParseError has no definition of serialVersionUID
#20 15.42 [WARNING] /src/src/main/java/com/guillermomolina/protos/parser/ParseError.java:[26,30] non-transient instance field of a serializable class declared with a non-serializable type
#20 15.42 [WARNING] /src/src/main/java/com/guillermomolina/protos/runtime/ProtosNonLocalReturnException.java:[23,14] serializable class com.guillermomolina.protos.runtime.ProtosNonLocalReturnException has no definition of serialVersionUID
#20 15.42 [WARNING] /src/src/main/java/com/guillermomolina/protos/runtime/ProtosNonLocalReturnException.java:[24,36] non-transient instance field of a serializable class declared with a non-serializable type
#20 15.42 [WARNING] /src/src/main/java/com/guillermomolina/protos/runtime/ProtosNonLocalReturnException.java:[25,26] non-transient instance field of a serializable class declared with a non-serializable type
#20 15.42 [WARNING] /src/target/generated-sources/annotations/com/guillermomolina/protos/execution/ProtosSemanticBytecodeRootNodeGen.java:[2034,54] java.lang.ThreadDeath in java.lang has been deprecated and marked for removal
#20 15.42 [WARNING] /src/target/generated-sources/annotations/com/guillermomolina/protos/execution/ProtosSemanticBytecodeRootNodeGen.java:[2555,63] java.lang.ThreadDeath in java.lang has been deprecated and marked for removal
#20 15.42 [INFO] 
#20 15.42 [INFO] --- resources:3.3.1:testResources (default-testResources) @ protos ---
#20 15.42 [INFO] Copying 18 resources from src/test/resources to target/test-classes
#20 15.42 [INFO] 
#20 15.42 [INFO] --- compiler:3.13.0:testCompile (default-testCompile) @ protos ---
#20 15.44 [INFO] Recompiling the module because of changed dependency.
#20 15.45 [INFO] Compiling 468 source files with javac [debug release 21] to target/test-classes
#20 18.58 [WARNING] No processor claimed any of these annotations: /org.junit.jupiter.api.Timeout,/org.junit.jupiter.params.provider.EnumSource,/org.junit.jupiter.api.Test,/org.junit.jupiter.api.TestFactory,/org.junit.jupiter.api.BeforeAll,/org.junit.jupiter.params.ParameterizedTest,/org.junit.jupiter.api.io.TempDir
#20 18.58 [WARNING] /src/src/test/java/com/guillermomolina/protos/cli/ProtosTestToolExecutionRequirementRegistryTest.java:[38,51] auto-closeable resource scope is never referenced in body of corresponding try statement
#20 18.58 [WARNING] /src/src/test/java/com/guillermomolina/protos/cli/ProtosTestToolExecutionRequirementRegistryTest.java:[95,51] auto-closeable resource scope is never referenced in body of corresponding try statement
#20 18.58 [WARNING] /src/src/test/java/com/guillermomolina/protos/cli/ProtosTestToolH2B3PublicIntegrationTest.java:[126,51] auto-closeable resource scope is never referenced in body of corresponding try statement
#20 18.58 [WARNING] /src/src/test/java/com/guillermomolina/protos/cli/ProtosTestToolI8D5AHostRegistryBootstrapTest.java:[55,51] auto-closeable resource scope is never referenced in body of corresponding try statement
#20 18.58 [WARNING] /src/src/test/java/com/guillermomolina/protos/execution/ProtosAsyncExactExecutionFacilityTest.java:[51,51] auto-closeable resource facility is never referenced in body of corresponding try statement
#20 18.58 [WARNING] /src/src/test/java/com/guillermomolina/protos/execution/ProtosAsyncExactExecutionFacilityTest.java:[83,51] auto-closeable resource facility is never referenced in body of corresponding try statement
#20 18.58 [WARNING] /src/src/test/java/com/guillermomolina/protos/execution/ProtosAsyncExactExecutionFacilityTest.java:[104,51] auto-closeable resource facility is never referenced in body of corresponding try statement
#20 18.58 [WARNING] /src/src/test/java/com/guillermomolina/protos/execution/ProtosAsyncExactExecutionFacilityTest.java:[185,51] auto-closeable resource facility is never referenced in body of corresponding try statement
#20 18.58 [WARNING] /src/src/test/java/com/guillermomolina/protos/execution/ProtosAsyncExactExecutionFacilityTest.java:[215,51] auto-closeable resource facility is never referenced in body of corresponding try statement
#20 18.58 [WARNING] /src/src/test/java/com/guillermomolina/protos/execution/ProtosAsyncProcessSnapshotExecutionFacilityTest.java:[64,51] auto-closeable resource facility is never referenced in body of corresponding try statement
#20 18.58 [WARNING] /src/src/test/java/com/guillermomolina/protos/execution/ProtosI026EDebuggerIntegrationTest.java:[311,25] Redundant java.lang.SafeVarargs annotation. Varargs element type java.util.concurrent.Future<?> is reifiable.
#20 18.58 [WARNING] /src/src/test/java/com/guillermomolina/protos/execution/ProtosNioTcpConnectionLifecycleTest.java:[38,22] auto-closeable resource com.guillermomolina.protos.execution.ProtosNioTcpConnectionLifecycleTest.Fixture has a member method close() that could throw InterruptedException
#20 18.58 [WARNING] /src/src/test/java/com/guillermomolina/protos/execution/ProtosNioTcpConnectionLifecycleTest.java:[61,22] auto-closeable resource com.guillermomolina.protos.execution.ProtosNioTcpConnectionLifecycleTest.Fixture has a member method close() that could throw InterruptedException
#20 18.58 [WARNING] /src/src/test/java/com/guillermomolina/protos/execution/ProtosNioTcpConnectionLifecycleTest.java:[83,22] auto-closeable resource com.guillermomolina.protos.execution.ProtosNioTcpConnectionLifecycleTest.Fixture has a member method close() that could throw InterruptedException
#20 18.58 [WARNING] /src/src/test/java/com/guillermomolina/protos/execution/ProtosNioTcpConnectionLifecycleTest.java:[225,26] auto-closeable resource com.guillermomolina.protos.execution.ProtosNioTcpConnectionLifecycleTest.Fixture has a member method close() that could throw InterruptedException
#20 18.58 [WARNING] /src/src/test/java/com/guillermomolina/protos/execution/ProtosNioTcpConnectionReadTest.java:[53,31] auto-closeable resource com.guillermomolina.protos.execution.ProtosNioTcpConnectionReadTest.ConnectedFixture has a member method close() that could throw InterruptedException
#20 18.58 [WARNING] /src/src/test/java/com/guillermomolina/protos/execution/ProtosNioTcpConnectionReadTest.java:[64,31] auto-closeable resource com.guillermomolina.protos.execution.ProtosNioTcpConnectionReadTest.ConnectedFixture has a member method close() that could throw InterruptedException
#20 18.58 [WARNING] /src/src/test/java/com/guillermomolina/protos/execution/ProtosNioTcpConnectionReadTest.java:[74,31] auto-closeable resource com.guillermomolina.protos.execution.ProtosNioTcpConnectionReadTest.ConnectedFixture has a member method close() that could throw InterruptedException
#20 18.58 [WARNING] /src/src/test/java/com/guillermomolina/protos/execution/ProtosNioTcpConnectionReadTest.java:[86,31] auto-closeable resource com.guillermomolina.protos.execution.ProtosNioTcpConnectionReadTest.ConnectedFixture has a member method close() that could throw InterruptedException
#20 18.58 [WARNING] /src/src/test/java/com/guillermomolina/protos/execution/ProtosNioTcpConnectionReadTest.java:[100,31] auto-closeable resource com.guillermomolina.protos.execution.ProtosNioTcpConnectionReadTest.ConnectedFixture has a member method close() that could throw InterruptedException
#20 18.58 [WARNING] /src/src/test/java/com/guillermomolina/protos/execution/ProtosNioTcpConnectionReadTest.java:[236,26] auto-closeable resource com.guillermomolina.protos.execution.ProtosNioTcpConnectionReadTest.ConnectedFixture has a member method close() that could throw InterruptedException
#20 18.58 [WARNING] /src/src/test/java/com/guillermomolina/protos/execution/ProtosNioTcpConnectionWriteTest.java:[38,22] auto-closeable resource com.guillermomolina.protos.execution.ProtosNioTcpConnectionWriteTest.Fixture has a member method close() that could throw InterruptedException
#20 18.58 [WARNING] /src/src/test/java/com/guillermomolina/protos/execution/ProtosNioTcpConnectionWriteTest.java:[50,22] auto-closeable resource com.guillermomolina.protos.execution.ProtosNioTcpConnectionWriteTest.Fixture has a member method close() that could throw InterruptedException
#20 18.58 [WARNING] /src/src/test/java/com/guillermomolina/protos/execution/ProtosNioTcpConnectionWriteTest.java:[66,22] auto-closeable resource com.guillermomolina.protos.execution.ProtosNioTcpConnectionWriteTest.Fixture has a member method close() that could throw InterruptedException
#20 18.58 [WARNING] /src/src/test/java/com/guillermomolina/protos/execution/ProtosNioTcpConnectionWriteTest.java:[159,26] auto-closeable resource com.guillermomolina.protos.execution.ProtosNioTcpConnectionWriteTest.Fixture has a member method close() that could throw InterruptedException
#20 18.58 [WARNING] /src/src/test/java/com/guillermomolina/protos/execution/ProtosNioTcpListenerBackendTest.java:[67,32] auto-closeable resource peer1 is never referenced in body of corresponding try statement
#20 18.58 [WARNING] /src/src/test/java/com/guillermomolina/protos/execution/ProtosNioTcpListenerBackendTest.java:[67,70] auto-closeable resource peer2 is never referenced in body of corresponding try statement
#20 18.58 [WARNING] /src/src/test/java/com/guillermomolina/protos/execution/ProtosPackageExecutionPlanAdapterTest.java:[54,22] auto-closeable resource com.guillermomolina.protos.execution.ProtosPackageExecutionPlanAdapterTest.Fixture has a member method close() that could throw InterruptedException
#20 18.58 [WARNING] /src/src/test/java/com/guillermomolina/protos/execution/ProtosPackageExecutionPlanAdapterTest.java:[86,22] auto-closeable resource com.guillermomolina.protos.execution.ProtosPackageExecutionPlanAdapterTest.Fixture has a member method close() that could throw InterruptedException
#20 18.58 [WARNING] /src/src/test/java/com/guillermomolina/protos/execution/ProtosPackageExecutionPlanAdapterTest.java:[151,13] auto-closeable resource com.guillermomolina.protos.execution.ProtosPackageExecutionPlanAdapterTest.Fixture has a member method close() that could throw InterruptedException
#20 18.58 [WARNING] /src/src/test/java/com/guillermomolina/protos/execution/ProtosPackageTestLogicalCaseExecutionFacilityTest.java:[335,56] auto-closeable resource facility is never referenced in body of corresponding try statement
#20 18.58 [WARNING] /src/src/test/java/com/guillermomolina/protos/execution/ProtosPackageToolProtosTestSupport.java:[223,22] auto-closeable resource com.guillermomolina.protos.execution.ProtosPackageToolProtosTestSupport.Fixture has a member method close() that could throw InterruptedException
#20 18.58 [WARNING] /src/src/test/java/com/guillermomolina/protos/execution/ProtosPackageToolProtosTestSupport.java:[231,22] auto-closeable resource com.guillermomolina.protos.execution.ProtosPackageToolProtosTestSupport.Fixture has a member method close() that could throw InterruptedException
#20 18.58 [WARNING] /src/src/test/java/com/guillermomolina/protos/execution/ProtosPackageToolProtosTestSupport.java:[278,15] auto-closeable resource com.guillermomolina.protos.execution.ProtosPackageToolProtosTestSupport.Fixture has a member method close() that could throw InterruptedException
#20 18.58 [WARNING] /src/src/test/java/com/guillermomolina/protos/execution/ProtosPackageToolMetadataPersistenceTest.java:[70,22] auto-closeable resource com.guillermomolina.protos.execution.ProtosPackageToolProtosTestSupport.Fixture has a member method close() that could throw InterruptedException
#20 18.58 [WARNING] /src/src/test/java/com/guillermomolina/protos/execution/ProtosPackageToolMetadataPersistenceTest.java:[106,22] auto-closeable resource com.guillermomolina.protos.execution.ProtosPackageToolProtosTestSupport.Fixture has a member method close() that could throw InterruptedException
#20 18.58 [WARNING] /src/src/test/java/com/guillermomolina/protos/execution/ProtosPackageToolMetadataPersistenceTest.java:[152,22] auto-closeable resource com.guillermomolina.protos.execution.ProtosPackageToolProtosTestSupport.Fixture has a member method close() that could throw InterruptedException
#20 18.58 [WARNING] /src/src/test/java/com/guillermomolina/protos/execution/ProtosPackageToolMetadataPersistenceTest.java:[203,22] auto-closeable resource com.guillermomolina.protos.execution.ProtosPackageToolProtosTestSupport.Fixture has a member method close() that could throw InterruptedException
#20 18.58 [WARNING] /src/src/test/java/com/guillermomolina/protos/execution/ProtosPerf006Plat029TextReaderCallbackTest.java:[183,28] auto-closeable resource scope is never referenced in body of corresponding try statement
#20 18.58 [WARNING] /src/src/test/java/com/guillermomolina/protos/execution/ProtosPerf006Plat031BufferedReaderCPrimeTest.java:[187,28] auto-closeable resource scope is never referenced in body of corresponding try statement
#20 18.58 [WARNING] /src/src/test/java/com/guillermomolina/protos/execution/ProtosPerf006Plat031BufferedWriterCPrimeTest.java:[314,28] auto-closeable resource scope is never referenced in body of corresponding try statement
#20 18.58 [WARNING] /src/src/test/java/com/guillermomolina/protos/execution/ProtosPolyglotExecutionContextTest.java:[267,25] Redundant java.lang.SafeVarargs annotation. Varargs element type java.util.concurrent.Future<?> is reifiable.
#20 18.58 [WARNING] /src/src/test/java/com/guillermomolina/protos/execution/ProtosProcessSnapshotLogicalCaseExecutionFacilityTest.java:[206,64] auto-closeable resource facility is never referenced in body of corresponding try statement
#20 18.58 [WARNING] /src/src/test/java/com/guillermomolina/protos/execution/ProtosProcessSnapshotLogicalCaseExecutionFacilityTest.java:[281,64] auto-closeable resource facility is never referenced in body of corresponding try statement
#20 18.58 [WARNING] /src/src/test/java/com/guillermomolina/protos/execution/ProtosSourceReadabilityAuthorityTest.java:[109,34] auto-closeable resource ignored is never referenced in body of corresponding try statement
#20 18.58 [WARNING] /src/src/test/java/com/guillermomolina/protos/execution/ProtosTestLogicalCaseExecutionFacilityTest.java:[89,56] auto-closeable resource facility is never referenced in body of corresponding try statement
#20 18.58 [WARNING] /src/src/test/java/com/guillermomolina/protos/execution/ProtosTestLogicalCaseExecutionFacilityTest.java:[210,56] auto-closeable resource facility is never referenced in body of corresponding try statement
#20 18.58 [WARNING] /src/src/test/java/com/guillermomolina/protos/execution/ProtosTestToolH2B1BoundedSimpleSchedulingTest.java:[62,52] auto-closeable resource execution is never referenced in body of corresponding try statement
#20 18.58 [WARNING] /src/src/test/java/com/guillermomolina/protos/execution/ProtosTestToolH2B2BoundedDCaseSchedulingTest.java:[62,52] auto-closeable resource execution is never referenced in body of corresponding try statement
#20 18.58 [WARNING] /src/src/test/java/com/guillermomolina/protos/execution/ProtosTestToolH2B2BoundedDCaseSchedulingTest.java:[65,55] auto-closeable resource inspection is never referenced in body of corresponding try statement
#20 18.58 [WARNING] /src/src/test/java/com/guillermomolina/protos/execution/ProtosTestToolI8D4C1ResourcefulExecutionFacilityTest.java:[109,56] auto-closeable resource facility is never referenced in body of corresponding try statement
#20 18.58 [WARNING] /src/src/test/java/com/guillermomolina/protos/execution/ProtosTestToolI8D4C1ResourcefulExecutionFacilityTest.java:[219,56] auto-closeable resource facility is never referenced in body of corresponding try statement
#20 18.58 [WARNING] /src/src/test/java/com/guillermomolina/protos/execution/ProtosTestToolI8D4C2ResourcefulInspectionFacilityTest.java:[81,56] auto-closeable resource inspectionFacility is never referenced in body of corresponding try statement
#20 18.58 [WARNING] /src/src/test/java/com/guillermomolina/protos/execution/ProtosTestToolI8D4C2ResourcefulInspectionFacilityTest.java:[173,56] auto-closeable resource inspectionFacility is never referenced in body of corresponding try statement
#20 18.58 [WARNING] /src/src/test/java/com/guillermomolina/protos/runtime/ProtosActorMailboxSchedulerTest.java:[141,26] auto-closeable resource com.guillermomolina.protos.runtime.ProtosActorMailboxSchedulerTest.CarrierPool has a member method close() that could throw InterruptedException
#20 18.58 [WARNING] /src/src/test/java/com/guillermomolina/protos/runtime/ProtosActorMailboxSchedulerTest.java:[192,26] auto-closeable resource com.guillermomolina.protos.runtime.ProtosActorMailboxSchedulerTest.CarrierPool has a member method close() that could throw InterruptedException
#20 18.58 [WARNING] /src/src/test/java/com/guillermomolina/protos/runtime/ProtosActorMailboxSchedulerTest.java:[265,26] auto-closeable resource com.guillermomolina.protos.runtime.ProtosActorMailboxSchedulerTest.CarrierPool has a member method close() that could throw InterruptedException
#20 18.58 [INFO] 
#20 18.58 [INFO] --- surefire:3.5.6:test (default-test) @ protos ---
#20 18.59 Downloading from central: https://repo.maven.apache.org/maven2/org/apache/maven/surefire/surefire-api/3.5.6/surefire-api-3.5.6.pom
#20 18.63 Progress (1): 833 BProgress (1): 2.9 kBProgress (1): 3.7 kB                    Downloaded from central: https://repo.maven.apache.org/maven2/org/apache/maven/surefire/surefire-api/3.5.6/surefire-api-3.5.6.pom (3.7 kB at 86 kB/s)
#20 18.64 Downloading from central: https://repo.maven.apache.org/maven2/org/apache/maven/surefire/surefire-logger-api/3.5.6/surefire-logger-api-3.5.6.pom
#20 18.68 Progress (1): 826 BProgress (1): 2.5 kBProgress (1): 3.5 kB                    Downloaded from central: https://repo.maven.apache.org/maven2/org/apache/maven/surefire/surefire-logger-api/3.5.6/surefire-logger-api-3.5.6.pom (3.5 kB at 92 kB/s)
#20 18.68 Downloading from central: https://repo.maven.apache.org/maven2/org/apache/maven/surefire/surefire-shared-utils/3.5.6/surefire-shared-utils-3.5.6.pom
#20 18.72 Progress (1): 1.1 kBProgress (1): 4.0 kB                    Downloaded from central: https://repo.maven.apache.org/maven2/org/apache/maven/surefire/surefire-shared-utils/3.5.6/surefire-shared-utils-3.5.6.pom (4.0 kB at 101 kB/s)
#20 18.73 Downloading from central: https://repo.maven.apache.org/maven2/org/apache/maven/surefire/surefire-extensions-api/3.5.6/surefire-extensions-api-3.5.6.pom
#20 18.76 Progress (1): 833 BProgress (1): 3.1 kBProgress (1): 3.6 kB                    Downloaded from central: https://repo.maven.apache.org/maven2/org/apache/maven/surefire/surefire-extensions-api/3.5.6/surefire-extensions-api-3.5.6.pom (3.6 kB at 94 kB/s)
#20 18.77 Downloading from central: https://repo.maven.apache.org/maven2/org/apache/maven/surefire/maven-surefire-common/3.5.6/maven-surefire-common-3.5.6.pom
#20 18.81 Progress (1): 823 BProgress (1): 4.1 kBProgress (1): 7.2 kBProgress (1): 7.3 kB                    Downloaded from central: https://repo.maven.apache.org/maven2/org/apache/maven/surefire/maven-surefire-common/3.5.6/maven-surefire-common-3.5.6.pom (7.3 kB at 196 kB/s)
#20 18.81 Downloading from central: https://repo.maven.apache.org/maven2/org/apache/maven/surefire/surefire-booter/3.5.6/surefire-booter-3.5.6.pom
#20 18.85 Progress (1): 827 BProgress (1): 3.6 kBProgress (1): 5.1 kB                    Downloaded from central: https://repo.maven.apache.org/maven2/org/apache/maven/surefire/surefire-booter/3.5.6/surefire-booter-3.5.6.pom (5.1 kB at 138 kB/s)
#20 18.85 Downloading from central: https://repo.maven.apache.org/maven2/org/apache/maven/surefire/surefire-extensions-spi/3.5.6/surefire-extensions-spi-3.5.6.pom
#20 18.89 Progress (1): 872 BProgress (1): 1.7 kB                    Downloaded from central: https://repo.maven.apache.org/maven2/org/apache/maven/surefire/surefire-extensions-spi/3.5.6/surefire-extensions-spi-3.5.6.pom (1.7 kB at 48 kB/s)
#20 18.89 Downloading from central: https://repo.maven.apache.org/maven2/org/apache/maven/resolver/maven-resolver-util/1.4.1/maven-resolver-util-1.4.1.pom
#20 18.93 Progress (1): 825 BProgress (1): 2.8 kBProgress (1): 2.8 kB                    Downloaded from central: https://repo.maven.apache.org/maven2/org/apache/maven/resolver/maven-resolver-util/1.4.1/maven-resolver-util-1.4.1.pom (2.8 kB at 74 kB/s)
#20 18.93 Downloading from central: https://repo.maven.apache.org/maven2/org/apache/maven/resolver/maven-resolver/1.4.1/maven-resolver-1.4.1.pom
#20 18.97 Progress (1): 774 BProgress (1): 2.2 kBProgress (1): 6.0 kBProgress (1): 9.6 kBProgress (1): 13 kB Progress (1): 16 kBProgress (1): 18 kB                   Downloaded from central: https://repo.maven.apache.org/maven2/org/apache/maven/resolver/maven-resolver/1.4.1/maven-resolver-1.4.1.pom (18 kB at 491 kB/s)
#20 18.97 Downloading from central: https://repo.maven.apache.org/maven2/org/apache/maven/maven-parent/33/maven-parent-33.pom
#20 19.01 Progress (1): 717 BProgress (1): 1.9 kBProgress (1): 5.4 kBProgress (1): 9.9 kBProgress (1): 14 kB Progress (1): 19 kBProgress (1): 23 kBProgress (1): 26 kBProgress (1): 27 kBProgress (1): 30 kBProgress (1): 34 kBProgress (1): 36 kBProgress (1): 39 kBProgress (1): 44 kB                   Downloaded from central: https://repo.maven.apache.org/maven2/org/apache/maven/maven-parent/33/maven-parent-33.pom (44 kB at 1.1 MB/s)
#20 19.01 Downloading from central: https://repo.maven.apache.org/maven2/org/apache/apache/21/apache-21.pom
#20 19.05 Progress (1): 753 BProgress (1): 2.1 kBProgress (1): 3.9 kBProgress (1): 8.3 kBProgress (1): 13 kB Progress (1): 16 kBProgress (1): 17 kB                   Downloaded from central: https://repo.maven.apache.org/maven2/org/apache/apache/21/apache-21.pom (17 kB at 489 kB/s)
#20 19.05 Downloading from central: https://repo.maven.apache.org/maven2/org/apache/maven/resolver/maven-resolver-api/1.4.1/maven-resolver-api-1.4.1.pom
#20 19.08 Progress (1): 843 BProgress (1): 2.6 kBProgress (1): 2.6 kB                    Downloaded from central: https://repo.maven.apache.org/maven2/org/apache/maven/resolver/maven-resolver-api/1.4.1/maven-resolver-api-1.4.1.pom (2.6 kB at 73 kB/s)
#20 19.09 Downloading from central: https://repo.maven.apache.org/maven2/org/apache/maven/shared/maven-common-artifact-filters/3.4.0/maven-common-artifact-filters-3.4.0.pom
#20 19.12 Progress (1): 798 BProgress (1): 2.3 kBProgress (1): 5.4 kBProgress (1): 5.4 kB                    Downloaded from central: https://repo.maven.apache.org/maven2/org/apache/maven/shared/maven-common-artifact-filters/3.4.0/maven-common-artifact-filters-3.4.0.pom (5.4 kB at 145 kB/s)
#20 19.13 Downloading from central: https://repo.maven.apache.org/maven2/org/apache/maven/shared/maven-shared-components/42/maven-shared-components-42.pom
#20 19.16 Progress (1): 811 BProgress (1): 2.3 kBProgress (1): 3.8 kB                    Downloaded from central: https://repo.maven.apache.org/maven2/org/apache/maven/shared/maven-shared-components/42/maven-shared-components-42.pom (3.8 kB at 105 kB/s)
#20 19.17 Downloading from central: https://repo.maven.apache.org/maven2/org/codehaus/plexus/plexus-java/1.5.2/plexus-java-1.5.2.pom
#20 19.20 Progress (1): 1.9 kBProgress (1): 4.1 kB                    Downloaded from central: https://repo.maven.apache.org/maven2/org/codehaus/plexus/plexus-java/1.5.2/plexus-java-1.5.2.pom (4.1 kB at 117 kB/s)
#20 19.20 Downloading from central: https://repo.maven.apache.org/maven2/org/codehaus/plexus/plexus-languages/1.5.2/plexus-languages-1.5.2.pom
#20 19.24 Progress (1): 1.4 kBProgress (1): 3.9 kB                    Downloaded from central: https://repo.maven.apache.org/maven2/org/codehaus/plexus/plexus-languages/1.5.2/plexus-languages-1.5.2.pom (3.9 kB at 110 kB/s)
#20 19.24 Downloading from central: https://repo.maven.apache.org/maven2/org/codehaus/plexus/plexus/24/plexus-24.pom
#20 19.27 Progress (1): 689 BProgress (1): 2.5 kBProgress (1): 6.4 kBProgress (1): 8.8 kBProgress (1): 11 kB Progress (1): 12 kBProgress (1): 16 kBProgress (1): 21 kBProgress (1): 23 kBProgress (1): 28 kBProgress (1): 31 kB                   Downloaded from central: https://repo.maven.apache.org/maven2/org/codehaus/plexus/plexus/24/plexus-24.pom (31 kB at 896 kB/s)
#20 19.28 Downloading from central: https://repo.maven.apache.org/maven2/org/junit/junit-bom/5.13.4/junit-bom-5.13.4.pom
#20 19.31 Progress (1): 908 BProgress (1): 4.1 kBProgress (1): 5.7 kB                    Downloaded from central: https://repo.maven.apache.org/maven2/org/junit/junit-bom/5.13.4/junit-bom-5.13.4.pom (5.7 kB at 167 kB/s)
#20 19.31 Downloading from central: https://repo.maven.apache.org/maven2/org/ow2/asm/asm/9.9.1/asm-9.9.1.pom
#20 19.35 Progress (1): 1.3 kBProgress (1): 2.4 kB                    Downloaded from central: https://repo.maven.apache.org/maven2/org/ow2/asm/asm/9.9.1/asm-9.9.1.pom (2.4 kB at 64 kB/s)
#20 19.35 Downloading from central: https://repo.maven.apache.org/maven2/com/thoughtworks/qdox/qdox/2.2.0/qdox-2.2.0.pom
#20 19.39 Progress (1): 872 BProgress (1): 3.4 kBProgress (1): 6.5 kBProgress (1): 11 kB Progress (1): 13 kBProgress (1): 18 kBProgress (1): 18 kB                   Downloaded from central: https://repo.maven.apache.org/maven2/com/thoughtworks/qdox/qdox/2.2.0/qdox-2.2.0.pom (18 kB at 477 kB/s)
#20 19.39 Downloading from central: https://repo.maven.apache.org/maven2/org/apache/maven/surefire/surefire-api/3.5.6/surefire-api-3.5.6.jar
#20 19.43 Progress (1): 7.7/174 kBProgress (1): 11/174 kB Progress (1): 28/174 kBProgress (1): 44/174 kBProgress (1): 61/174 kBProgress (1): 77/174 kBProgress (1): 93/174 kBProgress (1): 110/174 kBProgress (1): 126/174 kBProgress (1): 142/174 kBProgress (1): 159/174 kBProgress (1): 174 kB                        Downloaded from central: https://repo.maven.apache.org/maven2/org/apache/maven/surefire/surefire-api/3.5.6/surefire-api-3.5.6.jar (174 kB at 5.3 MB/s)
#20 19.43 Downloading from central: https://repo.maven.apache.org/maven2/org/apache/maven/surefire/surefire-logger-api/3.5.6/surefire-logger-api-3.5.6.jar
#20 19.43 Downloading from central: https://repo.maven.apache.org/maven2/org/apache/maven/surefire/surefire-shared-utils/3.5.6/surefire-shared-utils-3.5.6.jar
#20 19.43 Downloading from central: https://repo.maven.apache.org/maven2/org/apache/maven/surefire/surefire-extensions-api/3.5.6/surefire-extensions-api-3.5.6.jar
#20 19.43 Downloading from central: https://repo.maven.apache.org/maven2/org/apache/maven/surefire/maven-surefire-common/3.5.6/maven-surefire-common-3.5.6.jar
#20 19.43 Downloading from central: https://repo.maven.apache.org/maven2/org/apache/maven/surefire/surefire-booter/3.5.6/surefire-booter-3.5.6.jar
#20 19.45 Progress (1): 3.2/317 kBProgress (1): 20/317 kB Progress (1): 36/317 kBProgress (1): 52/317 kBProgress (1): 61/317 kBProgress (1): 77/317 kBProgress (1): 93/317 kBProgress (1): 110/317 kBProgress (1): 126/317 kBProgress (1): 142/317 kBProgress (1): 159/317 kBProgress (1): 175/317 kBProgress (1): 192/317 kBProgress (1): 208/317 kBProgress (1): 224/317 kBProgress (2): 224/317 kB | 7.7/26 kBProgress (2): 224/317 kB | 15/26 kB Progress (2): 241/317 kB | 15/26 kBProgress (2): 241/317 kB | 26 kB   Progress (2): 257/317 kB | 26 kBProgress (2): 274/317 kB | 26 kBProgress (2): 290/317 kB | 26 kBProgress (2): 306/317 kB | 26 kBProgress (2): 317 kB | 26 kB                                Downloaded from central: https://repo.maven.apache.org/maven2/org/apache/maven/surefire/surefire-extensions-api/3.5.6/surefire-extensions-api-3.5.6.jar (26 kB at 859 kB/s)
#20 19.46 Downloading from central: https://repo.maven.apache.org/maven2/org/apache/maven/surefire/surefire-extensions-spi/3.5.6/surefire-extensions-spi-3.5.6.jar
#20 19.46 Downloaded from central: https://repo.maven.apache.org/maven2/org/apache/maven/surefire/maven-surefire-common/3.5.6/maven-surefire-common-3.5.6.jar (317 kB at 11 MB/s)
#20 19.46 Downloading from central: https://repo.maven.apache.org/maven2/org/apache/maven/resolver/maven-resolver-util/1.4.1/maven-resolver-util-1.4.1.jar
#20 19.46 Progress (1): 0/3.0 MBProgress (1): 0/3.0 MBProgress (1): 0/3.0 MBProgress (1): 0/3.0 MBProgress (1): 0.1/3.0 MBProgress (1): 0.1/3.0 MBProgress (1): 0.1/3.0 MBProgress (1): 0.1/3.0 MBProgress (1): 0.1/3.0 MBProgress (1): 0.1/3.0 MBProgress (1): 0.2/3.0 MBProgress (1): 0.2/3.0 MBProgress (1): 0.2/3.0 MBProgress (1): 0.2/3.0 MBProgress (1): 0.2/3.0 MBProgress (1): 0.2/3.0 MBProgress (1): 0.3/3.0 MBProgress (1): 0.3/3.0 MBProgress (1): 0.3/3.0 MBProgress (1): 0.3/3.0 MBProgress (1): 0.3/3.0 MBProgress (1): 0.3/3.0 MBProgress (1): 0.4/3.0 MBProgress (1): 0.4/3.0 MBProgress (1): 0.4/3.0 MBProgress (1): 0.4/3.0 MBProgress (1): 0.4/3.0 MBProgress (1): 0.4/3.0 MBProgress (1): 0.4/3.0 MBProgress (1): 0.5/3.0 MBProgress (1): 0.5/3.0 MBProgress (1): 0.5/3.0 MBProgress (1): 0.5/3.0 MBProgress (2): 0.5/3.0 MB | 7.7/14 kBProgress (2): 0.5/3.0 MB | 11/14 kB Progress (2): 0.5/3.0 MB | 14 kB   Progress (2): 0.5/3.0 MB | 14 kBProgress (2): 0.5/3.0 MB | 14 kBProgress (3): 0.5/3.0 MB | 14 kB | 7.7/123 kBProgress (3): 0.6/3.0 MB | 14 kB | 7.7/123 kBProgress (3): 0.6/3.0 MB | 14 kB | 15/123 kB Progress (3): 0.6/3.0 MB | 14 kB | 15/123 kBProgress (3): 0.6/3.0 MB | 14 kB | 32/123 kB                                            Downloaded from central: https://repo.maven.apache.org/maven2/org/apache/maven/surefire/surefire-logger-api/3.5.6/surefire-logger-api-3.5.6.jar (14 kB at 377 kB/s)
#20 19.46 Progress (2): 0.6/3.0 MB | 48/123 kB                                    Downloading from central: https://repo.maven.apache.org/maven2/org/apache/maven/resolver/maven-resolver-api/1.4.1/maven-resolver-api-1.4.1.jar
#20 19.46 Progress (2): 0.6/3.0 MB | 65/123 kBProgress (2): 0.6/3.0 MB | 65/123 kBProgress (2): 0.6/3.0 MB | 65/123 kBProgress (2): 0.6/3.0 MB | 65/123 kBProgress (2): 0.6/3.0 MB | 65/123 kBProgress (2): 0.6/3.0 MB | 81/123 kBProgress (2): 0.6/3.0 MB | 97/123 kBProgress (2): 0.7/3.0 MB | 97/123 kBProgress (2): 0.7/3.0 MB | 97/123 kBProgress (2): 0.7/3.0 MB | 97/123 kBProgress (2): 0.7/3.0 MB | 97/123 kBProgress (2): 0.7/3.0 MB | 97/123 kBProgress (2): 0.7/3.0 MB | 97/123 kBProgress (2): 0.7/3.0 MB | 97/123 kBProgress (2): 0.7/3.0 MB | 114/123 kBProgress (2): 0.8/3.0 MB | 114/123 kBProgress (2): 0.8/3.0 MB | 123 kB    Progress (2): 0.8/3.0 MB | 123 kBProgress (2): 0.8/3.0 MB | 123 kBProgress (2): 0.8/3.0 MB | 123 kBProgress (2): 0.8/3.0 MB | 123 kB                                 Downloaded from central: https://repo.maven.apache.org/maven2/org/apache/maven/surefire/surefire-booter/3.5.6/surefire-booter-3.5.6.jar (123 kB at 3.2 MB/s)
#20 19.47 Downloading from central: https://repo.maven.apache.org/maven2/org/apache/maven/shared/maven-common-artifact-filters/3.4.0/maven-common-artifact-filters-3.4.0.jar
#20 19.47 Progress (1): 0.8/3.0 MBProgress (1): 0.9/3.0 MBProgress (1): 0.9/3.0 MBProgress (1): 0.9/3.0 MBProgress (1): 0.9/3.0 MBProgress (1): 0.9/3.0 MBProgress (1): 0.9/3.0 MBProgress (1): 1.0/3.0 MBProgress (1): 1.0/3.0 MBProgress (1): 1.0/3.0 MBProgress (1): 1.0/3.0 MBProgress (1): 1.0/3.0 MBProgress (1): 1.0/3.0 MBProgress (1): 1.1/3.0 MBProgress (1): 1.1/3.0 MBProgress (1): 1.1/3.0 MBProgress (1): 1.1/3.0 MBProgress (1): 1.1/3.0 MBProgress (1): 1.1/3.0 MBProgress (1): 1.2/3.0 MBProgress (1): 1.2/3.0 MBProgress (1): 1.2/3.0 MBProgress (1): 1.2/3.0 MBProgress (1): 1.2/3.0 MBProgress (1): 1.2/3.0 MBProgress (1): 1.2/3.0 MBProgress (1): 1.3/3.0 MBProgress (1): 1.3/3.0 MBProgress (1): 1.3/3.0 MBProgress (1): 1.3/3.0 MBProgress (1): 1.3/3.0 MBProgress (1): 1.3/3.0 MBProgress (1): 1.4/3.0 MBProgress (1): 1.4/3.0 MBProgress (1): 1.4/3.0 MBProgress (1): 1.4/3.0 MBProgress (1): 1.4/3.0 MBProgress (1): 1.4/3.0 MBProgress (1): 1.5/3.0 MBProgress (1): 1.5/3.0 MBProgress (1): 1.5/3.0 MBProgress (1): 1.5/3.0 MBProgress (1): 1.5/3.0 MBProgress (1): 1.5/3.0 MBProgress (1): 1.6/3.0 MBProgress (1): 1.6/3.0 MBProgress (1): 1.6/3.0 MBProgress (1): 1.6/3.0 MBProgress (1): 1.6/3.0 MBProgress (1): 1.6/3.0 MBProgress (1): 1.7/3.0 MBProgress (1): 1.7/3.0 MBProgress (1): 1.7/3.0 MBProgress (1): 1.7/3.0 MBProgress (1): 1.7/3.0 MBProgress (1): 1.7/3.0 MBProgress (1): 1.8/3.0 MBProgress (1): 1.8/3.0 MBProgress (1): 1.8/3.0 MBProgress (1): 1.8/3.0 MBProgress (1): 1.8/3.0 MBProgress (1): 1.8/3.0 MBProgress (1): 1.9/3.0 MBProgress (1): 1.9/3.0 MBProgress (1): 1.9/3.0 MBProgress (1): 1.9/3.0 MBProgress (1): 1.9/3.0 MBProgress (1): 1.9/3.0 MBProgress (1): 2.0/3.0 MBProgress (1): 2.0/3.0 MBProgress (1): 2.0/3.0 MBProgress (1): 2.0/3.0 MBProgress (1): 2.0/3.0 MBProgress (1): 2.0/3.0 MBProgress (1): 2.1/3.0 MBProgress (1): 2.1/3.0 MBProgress (1): 2.1/3.0 MBProgress (1): 2.1/3.0 MBProgress (1): 2.1/3.0 MBProgress (1): 2.1/3.0 MBProgress (1): 2.1/3.0 MBProgress (1): 2.2/3.0 MBProgress (1): 2.2/3.0 MBProgress (1): 2.2/3.0 MBProgress (1): 2.2/3.0 MBProgress (1): 2.2/3.0 MBProgress (1): 2.2/3.0 MBProgress (1): 2.3/3.0 MBProgress (1): 2.3/3.0 MBProgress (1): 2.3/3.0 MBProgress (1): 2.3/3.0 MBProgress (1): 2.3/3.0 MBProgress (1): 2.3/3.0 MBProgress (1): 2.4/3.0 MBProgress (1): 2.4/3.0 MBProgress (1): 2.4/3.0 MBProgress (1): 2.4/3.0 MBProgress (1): 2.4/3.0 MBProgress (1): 2.4/3.0 MBProgress (1): 2.5/3.0 MBProgress (1): 2.5/3.0 MBProgress (1): 2.5/3.0 MBProgress (1): 2.5/3.0 MBProgress (1): 2.5/3.0 MBProgress (1): 2.5/3.0 MBProgress (1): 2.6/3.0 MBProgress (1): 2.6/3.0 MBProgress (1): 2.6/3.0 MBProgress (1): 2.6/3.0 MBProgress (1): 2.6/3.0 MBProgress (1): 2.6/3.0 MBProgress (1): 2.6/3.0 MBProgress (1): 2.7/3.0 MBProgress (1): 2.7/3.0 MBProgress (1): 2.7/3.0 MBProgress (1): 2.7/3.0 MBProgress (1): 2.7/3.0 MBProgress (1): 2.7/3.0 MBProgress (1): 2.8/3.0 MBProgress (1): 2.8/3.0 MBProgress (1): 2.8/3.0 MBProgress (1): 2.8/3.0 MBProgress (1): 2.8/3.0 MBProgress (1): 2.8/3.0 MBProgress (1): 2.9/3.0 MBProgress (1): 2.9/3.0 MBProgress (1): 2.9/3.0 MBProgress (1): 2.9/3.0 MBProgress (1): 2.9/3.0 MBProgress (1): 2.9/3.0 MBProgress (1): 3.0/3.0 MBProgress (1): 3.0/3.0 MBProgress (1): 3.0/3.0 MBProgress (1): 3.0 MB    Progress (2): 3.0 MB | 7.3/168 kBProgress (2): 3.0 MB | 24/168 kB Progress (3): 3.0 MB | 24/168 kB | 3.1/8.2 kBProgress (3): 3.0 MB | 24/168 kB | 8.2 kB    Progress (3): 3.0 MB | 40/168 kB | 8.2 kBProgress (3): 3.0 MB | 56/168 kB | 8.2 kBProgress (3): 3.0 MB | 73/168 kB | 8.2 kBProgress (3): 3.0 MB | 89/168 kB | 8.2 kBProgress (3): 3.0 MB | 106/168 kB | 8.2 kBProgress (3): 3.0 MB | 122/168 kB | 8.2 kBProgress (3): 3.0 MB | 130/168 kB | 8.2 kB                                          Downloaded from central: https://repo.maven.apache.org/maven2/org/apache/maven/surefire/surefire-extensions-spi/3.5.6/surefire-extensions-spi-3.5.6.jar (8.2 kB at 141 kB/s)
#20 19.49 Downloaded from central: https://repo.maven.apache.org/maven2/org/apache/maven/surefire/surefire-shared-utils/3.5.6/surefire-shared-utils-3.5.6.jar (3.0 MB at 51 MB/s)
#20 19.49 Downloading from central: https://repo.maven.apache.org/maven2/org/codehaus/plexus/plexus-java/1.5.2/plexus-java-1.5.2.jar
#20 19.49 Downloading from central: https://repo.maven.apache.org/maven2/org/ow2/asm/asm/9.9.1/asm-9.9.1.jar
#20 19.49 Progress (1): 147/168 kBProgress (1): 163/168 kBProgress (1): 168 kB                        Downloaded from central: https://repo.maven.apache.org/maven2/org/apache/maven/resolver/maven-resolver-util/1.4.1/maven-resolver-util-1.4.1.jar (168 kB at 2.8 MB/s)
#20 19.49 Downloading from central: https://repo.maven.apache.org/maven2/com/thoughtworks/qdox/qdox/2.2.0/qdox-2.2.0.jar
#20 19.49 Progress (1): 7.7/58 kBProgress (1): 15/58 kB Progress (1): 32/58 kBProgress (1): 48/58 kBProgress (1): 58 kB                      Downloaded from central: https://repo.maven.apache.org/maven2/org/apache/maven/shared/maven-common-artifact-filters/3.4.0/maven-common-artifact-filters-3.4.0.jar (58 kB at 886 kB/s)
#20 19.50 Progress (1): 7.7/149 kBProgress (1): 11/149 kB Progress (1): 28/149 kBProgress (1): 44/149 kBProgress (1): 60/149 kBProgress (1): 77/149 kBProgress (1): 93/149 kBProgress (1): 110/149 kBProgress (1): 126/149 kBProgress (1): 142/149 kBProgress (1): 149 kB                        Downloaded from central: https://repo.maven.apache.org/maven2/org/apache/maven/resolver/maven-resolver-api/1.4.1/maven-resolver-api-1.4.1.jar (149 kB at 2.2 MB/s)
#20 19.51 Progress (1): 7.7/126 kBProgress (1): 16/126 kB Progress (1): 24/126 kBProgress (1): 40/126 kBProgress (1): 57/126 kBProgress (1): 73/126 kBProgress (1): 90/126 kBProgress (1): 106/126 kBProgress (1): 122/126 kBProgress (1): 126 kB                        Downloaded from central: https://repo.maven.apache.org/maven2/org/ow2/asm/asm/9.9.1/asm-9.9.1.jar (126 kB at 1.5 MB/s)
#20 19.52 Progress (1): 7.7/57 kBProgress (1): 7.7/57 kBProgress (1): 24/57 kB Progress (1): 40/57 kBProgress (1): 57/57 kBProgress (1): 57 kB   Progress (2): 57 kB | 7.7/353 kBProgress (2): 57 kB | 11/353 kB Progress (2): 57 kB | 28/353 kB                               Downloaded from central: https://repo.maven.apache.org/maven2/org/codehaus/plexus/plexus-java/1.5.2/plexus-java-1.5.2.jar (57 kB at 652 kB/s)
#20 19.52 Progress (1): 44/353 kBProgress (1): 61/353 kBProgress (1): 77/353 kBProgress (1): 93/353 kBProgress (1): 110/353 kBProgress (1): 126/353 kBProgress (1): 142/353 kBProgress (1): 159/353 kBProgress (1): 175/353 kBProgress (1): 192/353 kBProgress (1): 208/353 kBProgress (1): 224/353 kBProgress (1): 241/353 kBProgress (1): 257/353 kBProgress (1): 273/353 kBProgress (1): 290/353 kBProgress (1): 306/353 kBProgress (1): 323/353 kBProgress (1): 339/353 kBProgress (1): 343/353 kBProgress (1): 353 kB                        Downloaded from central: https://repo.maven.apache.org/maven2/com/thoughtworks/qdox/qdox/2.2.0/qdox-2.2.0.jar (353 kB at 3.9 MB/s)
#20 19.56 [INFO] Tests are skipped.
#20 19.56 [INFO] 
#20 19.56 [INFO] --- antrun:3.2.0:run (reset-canonical-graal-runtime-plane) @ protos ---
#20 19.57 Downloading from central: https://repo.maven.apache.org/maven2/org/codehaus/plexus/plexus-utils/4.0.2/plexus-utils-4.0.2.pom
#20 19.60 Progress (1): 1.0 kBProgress (1): 3.2 kBProgress (1): 6.7 kBProgress (1): 9.0 kBProgress (1): 13 kB                    Downloaded from central: https://repo.maven.apache.org/maven2/org/codehaus/plexus/plexus-utils/4.0.2/plexus-utils-4.0.2.pom (13 kB at 356 kB/s)
#20 19.61 Downloading from central: https://repo.maven.apache.org/maven2/org/codehaus/plexus/plexus-xml/3.0.1/plexus-xml-3.0.1.pom
#20 19.65 Progress (1): 814 BProgress (1): 2.6 kBProgress (1): 3.7 kB                    Downloaded from central: https://repo.maven.apache.org/maven2/org/codehaus/plexus/plexus-xml/3.0.1/plexus-xml-3.0.1.pom (3.7 kB at 92 kB/s)
#20 19.65 Downloading from central: https://repo.maven.apache.org/maven2/org/codehaus/plexus/plexus/18/plexus-18.pom
#20 19.68 Progress (1): 692 BProgress (1): 2.5 kBProgress (1): 6.4 kBProgress (1): 8.9 kBProgress (1): 10 kB Progress (1): 14 kBProgress (1): 18 kBProgress (1): 21 kBProgress (1): 25 kBProgress (1): 29 kBProgress (1): 29 kB                   Downloaded from central: https://repo.maven.apache.org/maven2/org/codehaus/plexus/plexus/18/plexus-18.pom (29 kB at 812 kB/s)
#20 19.69 Downloading from central: https://repo.maven.apache.org/maven2/org/apache/ant/ant/1.10.15/ant-1.10.15.pom
#20 19.72 Progress (1): 773 BProgress (1): 2.5 kBProgress (1): 5.1 kBProgress (1): 8.9 kBProgress (1): 12 kB Progress (1): 15 kBProgress (1): 17 kB                   Downloaded from central: https://repo.maven.apache.org/maven2/org/apache/ant/ant/1.10.15/ant-1.10.15.pom (17 kB at 435 kB/s)
#20 19.73 Downloading from central: https://repo.maven.apache.org/maven2/org/apache/ant/ant-parent/1.10.15/ant-parent-1.10.15.pom
#20 19.77 Progress (1): 788 BProgress (1): 2.2 kBProgress (1): 4.6 kBProgress (1): 6.6 kB                    Downloaded from central: https://repo.maven.apache.org/maven2/org/apache/ant/ant-parent/1.10.15/ant-parent-1.10.15.pom (6.6 kB at 156 kB/s)
#20 19.77 Downloading from central: https://repo.maven.apache.org/maven2/org/apache/ant/ant-launcher/1.10.15/ant-launcher-1.10.15.pom
#20 19.80 Progress (1): 816 BProgress (1): 2.5 kBProgress (1): 3.2 kB                    Downloaded from central: https://repo.maven.apache.org/maven2/org/apache/ant/ant-launcher/1.10.15/ant-launcher-1.10.15.pom (3.2 kB at 90 kB/s)
#20 19.81 Downloading from central: https://repo.maven.apache.org/maven2/org/codehaus/plexus/plexus-utils/4.0.2/plexus-utils-4.0.2.jar
#20 19.84 Progress (1): 7.7/193 kBProgress (1): 16/193 kB Progress (1): 24/193 kBProgress (1): 40/193 kBProgress (1): 57/193 kBProgress (1): 73/193 kBProgress (1): 90/193 kBProgress (1): 106/193 kBProgress (1): 122/193 kBProgress (1): 139/193 kBProgress (1): 155/193 kBProgress (1): 172/193 kBProgress (1): 188/193 kBProgress (1): 193 kB                        Downloaded from central: https://repo.maven.apache.org/maven2/org/codehaus/plexus/plexus-utils/4.0.2/plexus-utils-4.0.2.jar (193 kB at 5.8 MB/s)
#20 19.84 Downloading from central: https://repo.maven.apache.org/maven2/org/codehaus/plexus/plexus-xml/3.0.1/plexus-xml-3.0.1.jar
#20 19.84 Downloading from central: https://repo.maven.apache.org/maven2/org/apache/ant/ant/1.10.15/ant-1.10.15.jar
#20 19.84 Downloading from central: https://repo.maven.apache.org/maven2/org/apache/ant/ant-launcher/1.10.15/ant-launcher-1.10.15.jar
#20 19.87 Progress (1): 7.7/19 kBProgress (1): 11/19 kB Progress (1): 19 kB                      Downloaded from central: https://repo.maven.apache.org/maven2/org/apache/ant/ant-launcher/1.10.15/ant-launcher-1.10.15.jar (19 kB at 726 kB/s)
#20 19.87 Progress (1): 0/2.3 MBProgress (1): 0/2.3 MBProgress (1): 0/2.3 MBProgress (1): 0/2.3 MBProgress (1): 0.1/2.3 MBProgress (1): 0.1/2.3 MBProgress (1): 0.1/2.3 MBProgress (1): 0.1/2.3 MBProgress (1): 0.1/2.3 MBProgress (1): 0.1/2.3 MBProgress (1): 0.2/2.3 MBProgress (1): 0.2/2.3 MBProgress (1): 0.2/2.3 MBProgress (1): 0.2/2.3 MBProgress (1): 0.2/2.3 MBProgress (1): 0.2/2.3 MBProgress (1): 0.3/2.3 MBProgress (1): 0.3/2.3 MBProgress (1): 0.3/2.3 MBProgress (1): 0.3/2.3 MBProgress (1): 0.3/2.3 MBProgress (1): 0.3/2.3 MBProgress (1): 0.4/2.3 MBProgress (1): 0.4/2.3 MBProgress (2): 0.4/2.3 MB | 7.7/94 kBProgress (2): 0.4/2.3 MB | 11/94 kB Progress (2): 0.4/2.3 MB | 28/94 kBProgress (2): 0.4/2.3 MB | 44/94 kBProgress (2): 0.4/2.3 MB | 61/94 kBProgress (2): 0.4/2.3 MB | 77/94 kBProgress (2): 0.4/2.3 MB | 77/94 kBProgress (2): 0.4/2.3 MB | 77/94 kBProgress (2): 0.4/2.3 MB | 77/94 kBProgress (2): 0.4/2.3 MB | 93/94 kBProgress (2): 0.4/2.3 MB | 94 kB   Progress (2): 0.4/2.3 MB | 94 kBProgress (2): 0.5/2.3 MB | 94 kB                                Downloaded from central: https://repo.maven.apache.org/maven2/org/codehaus/plexus/plexus-xml/3.0.1/plexus-xml-3.0.1.jar (94 kB at 2.6 MB/s)
#20 19.88 Progress (1): 0.5/2.3 MBProgress (1): 0.5/2.3 MBProgress (1): 0.5/2.3 MBProgress (1): 0.5/2.3 MBProgress (1): 0.5/2.3 MBProgress (1): 0.5/2.3 MBProgress (1): 0.6/2.3 MBProgress (1): 0.6/2.3 MBProgress (1): 0.6/2.3 MBProgress (1): 0.6/2.3 MBProgress (1): 0.6/2.3 MBProgress (1): 0.6/2.3 MBProgress (1): 0.7/2.3 MBProgress (1): 0.7/2.3 MBProgress (1): 0.7/2.3 MBProgress (1): 0.7/2.3 MBProgress (1): 0.7/2.3 MBProgress (1): 0.7/2.3 MBProgress (1): 0.8/2.3 MBProgress (1): 0.8/2.3 MBProgress (1): 0.8/2.3 MBProgress (1): 0.8/2.3 MBProgress (1): 0.8/2.3 MBProgress (1): 0.8/2.3 MBProgress (1): 0.9/2.3 MBProgress (1): 0.9/2.3 MBProgress (1): 0.9/2.3 MBProgress (1): 0.9/2.3 MBProgress (1): 0.9/2.3 MBProgress (1): 0.9/2.3 MBProgress (1): 0.9/2.3 MBProgress (1): 1.0/2.3 MBProgress (1): 1.0/2.3 MBProgress (1): 1.0/2.3 MBProgress (1): 1.0/2.3 MBProgress (1): 1.0/2.3 MBProgress (1): 1.0/2.3 MBProgress (1): 1.1/2.3 MBProgress (1): 1.1/2.3 MBProgress (1): 1.1/2.3 MBProgress (1): 1.1/2.3 MBProgress (1): 1.1/2.3 MBProgress (1): 1.1/2.3 MBProgress (1): 1.2/2.3 MBProgress (1): 1.2/2.3 MBProgress (1): 1.2/2.3 MBProgress (1): 1.2/2.3 MBProgress (1): 1.2/2.3 MBProgress (1): 1.2/2.3 MBProgress (1): 1.3/2.3 MBProgress (1): 1.3/2.3 MBProgress (1): 1.3/2.3 MBProgress (1): 1.3/2.3 MBProgress (1): 1.3/2.3 MBProgress (1): 1.3/2.3 MBProgress (1): 1.4/2.3 MBProgress (1): 1.4/2.3 MBProgress (1): 1.4/2.3 MBProgress (1): 1.4/2.3 MBProgress (1): 1.4/2.3 MBProgress (1): 1.4/2.3 MBProgress (1): 1.5/2.3 MBProgress (1): 1.5/2.3 MBProgress (1): 1.5/2.3 MBProgress (1): 1.5/2.3 MBProgress (1): 1.5/2.3 MBProgress (1): 1.5/2.3 MBProgress (1): 1.6/2.3 MBProgress (1): 1.6/2.3 MBProgress (1): 1.6/2.3 MBProgress (1): 1.6/2.3 MBProgress (1): 1.6/2.3 MBProgress (1): 1.6/2.3 MBProgress (1): 1.6/2.3 MBProgress (1): 1.7/2.3 MBProgress (1): 1.7/2.3 MBProgress (1): 1.7/2.3 MBProgress (1): 1.7/2.3 MBProgress (1): 1.7/2.3 MBProgress (1): 1.7/2.3 MBProgress (1): 1.8/2.3 MBProgress (1): 1.8/2.3 MBProgress (1): 1.8/2.3 MBProgress (1): 1.8/2.3 MBProgress (1): 1.8/2.3 MBProgress (1): 1.8/2.3 MBProgress (1): 1.9/2.3 MBProgress (1): 1.9/2.3 MBProgress (1): 1.9/2.3 MBProgress (1): 1.9/2.3 MBProgress (1): 1.9/2.3 MBProgress (1): 1.9/2.3 MBProgress (1): 2.0/2.3 MBProgress (1): 2.0/2.3 MBProgress (1): 2.0/2.3 MBProgress (1): 2.0/2.3 MBProgress (1): 2.0/2.3 MBProgress (1): 2.0/2.3 MBProgress (1): 2.1/2.3 MBProgress (1): 2.1/2.3 MBProgress (1): 2.1/2.3 MBProgress (1): 2.1/2.3 MBProgress (1): 2.1/2.3 MBProgress (1): 2.1/2.3 MBProgress (1): 2.2/2.3 MBProgress (1): 2.2/2.3 MBProgress (1): 2.2/2.3 MBProgress (1): 2.2/2.3 MBProgress (1): 2.2/2.3 MBProgress (1): 2.2/2.3 MBProgress (1): 2.3/2.3 MBProgress (1): 2.3/2.3 MBProgress (1): 2.3/2.3 MBProgress (1): 2.3/2.3 MBProgress (1): 2.3 MB                        Downloaded from central: https://repo.maven.apache.org/maven2/org/apache/ant/ant/1.10.15/ant-1.10.15.jar (2.3 MB at 36 MB/s)
#20 20.02 [INFO] Executing tasks
#20 20.03 [INFO] Executed tasks
#20 20.03 [INFO] 
#20 20.03 [INFO] --- dependency:3.11.0:copy-dependencies (materialize-canonical-graal-runtime-plane) @ protos ---
#20 20.04 Downloading from central: https://repo.maven.apache.org/maven2/eu/maveniverse/maven/domtrip/domtrip-maven/1.5.1/domtrip-maven-1.5.1.pom
#20 20.06 Progress (1): 890 BProgress (1): 3.0 kBProgress (1): 3.7 kB                    Downloaded from central: https://repo.maven.apache.org/maven2/eu/maveniverse/maven/domtrip/domtrip-maven/1.5.1/domtrip-maven-1.5.1.pom (3.7 kB at 142 kB/s)
#20 20.07 Downloading from central: https://repo.maven.apache.org/maven2/eu/maveniverse/maven/domtrip/domtrip/1.5.1/domtrip-1.5.1.pom
#20 20.09 Progress (1): 1.0 kBProgress (1): 1.6 kB                    Downloaded from central: https://repo.maven.apache.org/maven2/eu/maveniverse/maven/domtrip/domtrip/1.5.1/domtrip-1.5.1.pom (1.6 kB at 69 kB/s)
#20 20.09 Downloading from central: https://repo.maven.apache.org/maven2/eu/maveniverse/maven/parent/parent/52/parent-52.pom
#20 20.12 Progress (1): 816 BProgress (1): 2.8 kBProgress (1): 4.7 kBProgress (1): 8.0 kBProgress (1): 11 kB Progress (1): 15 kBProgress (1): 18 kBProgress (1): 22 kBProgress (1): 26 kB                   Downloaded from central: https://repo.maven.apache.org/maven2/eu/maveniverse/maven/parent/parent/52/parent-52.pom (26 kB at 953 kB/s)
#20 20.12 Downloading from central: https://repo.maven.apache.org/maven2/eu/maveniverse/maven/domtrip/domtrip-core/1.5.1/domtrip-core-1.5.1.pom
#20 20.15 Progress (1): 896 BProgress (1): 3.5 kBProgress (1): 4.7 kB                    Downloaded from central: https://repo.maven.apache.org/maven2/eu/maveniverse/maven/domtrip/domtrip-core/1.5.1/domtrip-core-1.5.1.pom (4.7 kB at 176 kB/s)
#20 20.15 Downloading from central: https://repo.maven.apache.org/maven2/org/apache/maven/doxia/doxia-sink-api/2.1.0/doxia-sink-api-2.1.0.pom
#20 20.18 Progress (1): 848 BProgress (1): 1.3 kB                    Downloaded from central: https://repo.maven.apache.org/maven2/org/apache/maven/doxia/doxia-sink-api/2.1.0/doxia-sink-api-2.1.0.pom (1.3 kB at 53 kB/s)
#20 20.18 Downloading from central: https://repo.maven.apache.org/maven2/org/apache/maven/doxia/doxia/2.1.0/doxia-2.1.0.pom
#20 20.20 Progress (1): 763 BProgress (1): 2.2 kBProgress (1): 4.5 kBProgress (1): 8.2 kBProgress (1): 12 kB Progress (1): 13 kB                   Downloaded from central: https://repo.maven.apache.org/maven2/org/apache/maven/doxia/doxia/2.1.0/doxia-2.1.0.pom (13 kB at 540 kB/s)
#20 20.20 Downloading from central: https://repo.maven.apache.org/maven2/org/junit/junit-bom/5.14.2/junit-bom-5.14.2.pom
#20 20.23 Progress (1): 908 BProgress (1): 4.1 kBProgress (1): 5.7 kB                    Downloaded from central: https://repo.maven.apache.org/maven2/org/junit/junit-bom/5.14.2/junit-bom-5.14.2.pom (5.7 kB at 227 kB/s)
#20 20.23 Downloading from central: https://repo.maven.apache.org/maven2/org/apache/maven/reporting/maven-reporting-api/4.0.0/maven-reporting-api-4.0.0.pom
#20 20.26 Progress (1): 791 BProgress (1): 2.4 kBProgress (1): 2.8 kB                    Downloaded from central: https://repo.maven.apache.org/maven2/org/apache/maven/reporting/maven-reporting-api/4.0.0/maven-reporting-api-4.0.0.pom (2.8 kB at 112 kB/s)
#20 20.26 Downloading from central: https://repo.maven.apache.org/maven2/org/apache/maven/shared/maven-shared-components/43/maven-shared-components-43.pom
#20 20.28 Progress (1): 811 BProgress (1): 2.3 kBProgress (1): 3.8 kB                    Downloaded from central: https://repo.maven.apache.org/maven2/org/apache/maven/shared/maven-shared-components/43/maven-shared-components-43.pom (3.8 kB at 145 kB/s)
#20 20.29 Downloading from central: https://repo.maven.apache.org/maven2/org/apache/maven/maven-parent/43/maven-parent-43.pom
#20 20.31 Progress (1): 720 BProgress (1): 1.9 kBProgress (1): 5.5 kBProgress (1): 9.9 kBProgress (1): 14 kB Progress (1): 19 kBProgress (1): 23 kBProgress (1): 26 kBProgress (1): 28 kBProgress (1): 31 kBProgress (1): 34 kBProgress (1): 38 kBProgress (1): 41 kBProgress (1): 43 kBProgress (1): 48 kBProgress (1): 48 kBProgress (1): 50 kB                   Downloaded from central: https://repo.maven.apache.org/maven2/org/apache/maven/maven-parent/43/maven-parent-43.pom (50 kB at 1.7 MB/s)
#20 20.32 Downloading from central: https://repo.maven.apache.org/maven2/org/apache/apache/33/apache-33.pom
#20 20.34 Progress (1): 741 BProgress (1): 2.1 kBProgress (1): 4.0 kBProgress (1): 6.0 kBProgress (1): 10 kB Progress (1): 16 kBProgress (1): 19 kBProgress (1): 22 kBProgress (1): 24 kB                   Downloaded from central: https://repo.maven.apache.org/maven2/org/apache/apache/33/apache-33.pom (24 kB at 1.0 MB/s)
#20 20.34 Downloading from central: https://repo.maven.apache.org/maven2/org/junit/junit-bom/5.10.3/junit-bom-5.10.3.pom
#20 20.37 Progress (1): 908 BProgress (1): 4.1 kBProgress (1): 5.6 kB                    Downloaded from central: https://repo.maven.apache.org/maven2/org/junit/junit-bom/5.10.3/junit-bom-5.10.3.pom (5.6 kB at 235 kB/s)
#20 20.37 Downloading from central: https://repo.maven.apache.org/maven2/org/apache/maven/doxia/doxia-sink-api/2.0.0/doxia-sink-api-2.0.0.pom
#20 20.39 Progress (1): 835 BProgress (1): 1.4 kB                    Downloaded from central: https://repo.maven.apache.org/maven2/org/apache/maven/doxia/doxia-sink-api/2.0.0/doxia-sink-api-2.0.0.pom (1.4 kB at 58 kB/s)
#20 20.39 Downloading from central: https://repo.maven.apache.org/maven2/org/apache/maven/doxia/doxia/2.0.0/doxia-2.0.0.pom
#20 20.42 Progress (1): 754 BProgress (1): 2.2 kBProgress (1): 3.7 kBProgress (1): 8.3 kBProgress (1): 11 kB Progress (1): 15 kBProgress (1): 17 kB                   Downloaded from central: https://repo.maven.apache.org/maven2/org/apache/maven/doxia/doxia/2.0.0/doxia-2.0.0.pom (17 kB at 574 kB/s)
#20 20.43 Downloading from central: https://repo.maven.apache.org/maven2/org/junit/junit-bom/5.11.1/junit-bom-5.11.1.pom
#20 20.45 Progress (1): 921 BProgress (1): 3.4 kBProgress (1): 5.6 kB                    Downloaded from central: https://repo.maven.apache.org/maven2/org/junit/junit-bom/5.11.1/junit-bom-5.11.1.pom (5.6 kB at 209 kB/s)
#20 20.45 Downloading from central: https://repo.maven.apache.org/maven2/org/apache/maven/reporting/maven-reporting-impl/4.0.0/maven-reporting-impl-4.0.0.pom
#20 20.48 Progress (1): 788 BProgress (1): 2.3 kBProgress (1): 5.8 kBProgress (1): 8.6 kBProgress (1): 8.8 kB                    Downloaded from central: https://repo.maven.apache.org/maven2/org/apache/maven/reporting/maven-reporting-impl/4.0.0/maven-reporting-impl-4.0.0.pom (8.8 kB at 325 kB/s)
#20 20.48 Downloading from central: https://repo.maven.apache.org/maven2/org/junit/junit-bom/5.11.2/junit-bom-5.11.2.pom
#20 20.51 Progress (1): 908 BProgress (1): 4.1 kBProgress (1): 5.6 kB                    Downloaded from central: https://repo.maven.apache.org/maven2/org/junit/junit-bom/5.11.2/junit-bom-5.11.2.pom (5.6 kB at 209 kB/s)
#20 20.51 Downloading from central: https://repo.maven.apache.org/maven2/org/apache/maven/doxia/doxia-site-model/2.0.0/doxia-site-model-2.0.0.pom
#20 20.54 Progress (1): 789 BProgress (1): 2.7 kBProgress (1): 5.8 kB                    Downloaded from central: https://repo.maven.apache.org/maven2/org/apache/maven/doxia/doxia-site-model/2.0.0/doxia-site-model-2.0.0.pom (5.8 kB at 208 kB/s)
#20 20.54 Downloading from central: https://repo.maven.apache.org/maven2/org/apache/maven/doxia/doxia-sitetools/2.0.0/doxia-sitetools-2.0.0.pom
#20 20.56 Progress (1): 758 BProgress (1): 2.2 kBProgress (1): 5.4 kBProgress (1): 8.4 kBProgress (1): 12 kB                    Downloaded from central: https://repo.maven.apache.org/maven2/org/apache/maven/doxia/doxia-sitetools/2.0.0/doxia-sitetools-2.0.0.pom (12 kB at 520 kB/s)
#20 20.57 Downloading from central: https://repo.maven.apache.org/maven2/org/eclipse/sisu/org.eclipse.sisu.plexus/1.0.0/org.eclipse.sisu.plexus-1.0.0.pom
#20 20.59 Progress (1): 895 BProgress (1): 3.2 kBProgress (1): 6.7 kBProgress (1): 16 kB Progress (1): 17 kB                   Downloaded from central: https://repo.maven.apache.org/maven2/org/eclipse/sisu/org.eclipse.sisu.plexus/1.0.0/org.eclipse.sisu.plexus-1.0.0.pom (17 kB at 644 kB/s)
#20 20.60 Downloading from central: https://repo.maven.apache.org/maven2/org/eclipse/sisu/sisu-inject/1.0.0/sisu-inject-1.0.0.pom
#20 20.62 Progress (1): 783 BProgress (1): 2.7 kBProgress (1): 4.6 kBProgress (1): 7.0 kBProgress (1): 11 kB Progress (1): 14 kBProgress (1): 18 kBProgress (1): 21 kBProgress (1): 24 kBProgress (1): 27 kBProgress (1): 28 kB                   Downloaded from central: https://repo.maven.apache.org/maven2/org/eclipse/sisu/sisu-inject/1.0.0/sisu-inject-1.0.0.pom (28 kB at 1.0 MB/s)
#20 20.62 Downloading from central: https://repo.maven.apache.org/maven2/org/eclipse/sisu/org.eclipse.sisu.inject/1.0.0/org.eclipse.sisu.inject-1.0.0.pom
#20 20.65 Progress (1): 804 BProgress (1): 3.8 kBProgress (1): 11 kB Progress (1): 18 kB                   Downloaded from central: https://repo.maven.apache.org/maven2/org/eclipse/sisu/org.eclipse.sisu.inject/1.0.0/org.eclipse.sisu.inject-1.0.0.pom (18 kB at 718 kB/s)
#20 20.65 Downloading from central: https://repo.maven.apache.org/maven2/org/ow2/asm/asm/9.10/asm-9.10.pom
#20 20.68 Progress (1): 1.3 kBProgress (1): 2.4 kB                    Downloaded from central: https://repo.maven.apache.org/maven2/org/ow2/asm/asm/9.10/asm-9.10.pom (2.4 kB at 99 kB/s)
#20 20.68 Downloading from central: https://repo.maven.apache.org/maven2/org/codehaus/plexus/plexus-component-annotations/2.2.0/plexus-component-annotations-2.2.0.pom
#20 20.70 Progress (1): 736 B                   Downloaded from central: https://repo.maven.apache.org/maven2/org/codehaus/plexus/plexus-component-annotations/2.2.0/plexus-component-annotations-2.2.0.pom (736 B at 31 kB/s)
#20 20.70 Downloading from central: https://repo.maven.apache.org/maven2/org/codehaus/plexus/plexus-containers/2.2.0/plexus-containers-2.2.0.pom
#20 20.73 Progress (1): 1.3 kBProgress (1): 2.3 kB                    Downloaded from central: https://repo.maven.apache.org/maven2/org/codehaus/plexus/plexus-containers/2.2.0/plexus-containers-2.2.0.pom (2.3 kB at 92 kB/s)
#20 20.73 Downloading from central: https://repo.maven.apache.org/maven2/org/codehaus/plexus/plexus/16/plexus-16.pom
#20 20.76 Progress (1): 692 BProgress (1): 2.7 kBProgress (1): 6.4 kBProgress (1): 8.9 kBProgress (1): 11 kB Progress (1): 14 kBProgress (1): 18 kBProgress (1): 21 kBProgress (1): 25 kBProgress (1): 28 kB                   Downloaded from central: https://repo.maven.apache.org/maven2/org/codehaus/plexus/plexus/16/plexus-16.pom (28 kB at 987 kB/s)
#20 20.76 Downloading from central: https://repo.maven.apache.org/maven2/org/junit/junit-bom/5.10.1/junit-bom-5.10.1.pom
#20 20.79 Progress (1): 908 BProgress (1): 4.1 kBProgress (1): 5.6 kB                    Downloaded from central: https://repo.maven.apache.org/maven2/org/junit/junit-bom/5.10.1/junit-bom-5.10.1.pom (5.6 kB at 226 kB/s)
#20 20.79 Downloading from central: https://repo.maven.apache.org/maven2/org/codehaus/plexus/plexus-classworlds/2.9.0/plexus-classworlds-2.9.0.pom
#20 20.81 Progress (1): 858 BProgress (1): 2.5 kBProgress (1): 5.4 kBProgress (1): 7.1 kB                    Downloaded from central: https://repo.maven.apache.org/maven2/org/codehaus/plexus/plexus-classworlds/2.9.0/plexus-classworlds-2.9.0.pom (7.1 kB at 297 kB/s)
#20 20.81 Downloading from central: https://repo.maven.apache.org/maven2/org/codehaus/plexus/plexus/20/plexus-20.pom
#20 20.84 Progress (1): 692 BProgress (1): 2.5 kBProgress (1): 6.4 kBProgress (1): 8.8 kBProgress (1): 11 kB Progress (1): 14 kBProgress (1): 17 kBProgress (1): 20 kBProgress (1): 24 kBProgress (1): 28 kBProgress (1): 29 kB                   Downloaded from central: https://repo.maven.apache.org/maven2/org/codehaus/plexus/plexus/20/plexus-20.pom (29 kB at 1.1 MB/s)
#20 20.84 Downloading from central: https://repo.maven.apache.org/maven2/org/junit/junit-bom/5.11.4/junit-bom-5.11.4.pom
#20 20.87 Progress (1): 908 BProgress (1): 4.1 kBProgress (1): 5.6 kB                    Downloaded from central: https://repo.maven.apache.org/maven2/org/junit/junit-bom/5.11.4/junit-bom-5.11.4.pom (5.6 kB at 226 kB/s)
#20 20.87 Downloading from central: https://repo.maven.apache.org/maven2/org/codehaus/plexus/plexus-utils/4.0.3/plexus-utils-4.0.3.pom
#20 20.89 Progress (1): 1.0 kBProgress (1): 3.0 kBProgress (1): 6.8 kB                    Downloaded from central: https://repo.maven.apache.org/maven2/org/codehaus/plexus/plexus-utils/4.0.3/plexus-utils-4.0.3.pom (6.8 kB at 283 kB/s)
#20 20.89 Downloading from central: https://repo.maven.apache.org/maven2/org/codehaus/plexus/plexus/25/plexus-25.pom
#20 20.92 Progress (1): 690 BProgress (1): 2.5 kBProgress (1): 6.4 kBProgress (1): 8.8 kBProgress (1): 11 kB Progress (1): 12 kBProgress (1): 17 kBProgress (1): 21 kBProgress (1): 23 kBProgress (1): 28 kBProgress (1): 31 kB                   Downloaded from central: https://repo.maven.apache.org/maven2/org/codehaus/plexus/plexus/25/plexus-25.pom (31 kB at 1.2 MB/s)
#20 20.92 Downloading from central: https://repo.maven.apache.org/maven2/org/junit/junit-bom/5.14.1/junit-bom-5.14.1.pom
#20 20.95 Progress (1): 921 BProgress (1): 3.4 kBProgress (1): 5.7 kB                    Downloaded from central: https://repo.maven.apache.org/maven2/org/junit/junit-bom/5.14.1/junit-bom-5.14.1.pom (5.7 kB at 218 kB/s)
#20 20.95 Downloading from central: https://repo.maven.apache.org/maven2/org/apache/maven/doxia/doxia-core/2.0.0/doxia-core-2.0.0.pom
#20 20.98 Progress (1): 818 BProgress (1): 3.6 kBProgress (1): 3.9 kB                    Downloaded from central: https://repo.maven.apache.org/maven2/org/apache/maven/doxia/doxia-core/2.0.0/doxia-core-2.0.0.pom (3.9 kB at 156 kB/s)
#20 20.98 Downloading from central: https://repo.maven.apache.org/maven2/commons-io/commons-io/2.17.0/commons-io-2.17.0.pom
#20 21.00 Progress (1): 761 BProgress (1): 2.0 kBProgress (1): 4.8 kBProgress (1): 6.9 kBProgress (1): 9.0 kBProgress (1): 12 kB Progress (1): 15 kBProgress (1): 18 kBProgress (1): 20 kB                   Downloaded from central: https://repo.maven.apache.org/maven2/commons-io/commons-io/2.17.0/commons-io-2.17.0.pom (20 kB at 801 kB/s)
#20 21.00 Downloading from central: https://repo.maven.apache.org/maven2/org/apache/commons/commons-parent/74/commons-parent-74.pom
#20 21.03 Progress (1): 705 BProgress (1): 1.9 kBProgress (1): 3.2 kBProgress (1): 4.6 kBProgress (1): 6.8 kBProgress (1): 8.5 kBProgress (1): 10 kB Progress (1): 13 kBProgress (1): 15 kBProgress (1): 17 kBProgress (1): 20 kBProgress (1): 22 kBProgress (1): 25 kBProgress (1): 28 kBProgress (1): 32 kBProgress (1): 32 kBProgress (1): 35 kBProgress (1): 40 kBProgress (1): 43 kBProgress (1): 46 kBProgress (1): 49 kBProgress (1): 51 kBProgress (1): 55 kBProgress (1): 57 kBProgress (1): 59 kBProgress (1): 63 kBProgress (1): 67 kBProgress (1): 70 kBProgress (1): 73 kBProgress (1): 75 kBProgress (1): 78 kB                   Downloaded from central: https://repo.maven.apache.org/maven2/org/apache/commons/commons-parent/74/commons-parent-74.pom (78 kB at 2.7 MB/s)
#20 21.04 Downloading from central: https://repo.maven.apache.org/maven2/org/junit/junit-bom/5.11.0/junit-bom-5.11.0.pom
#20 21.06 Progress (1): 912 BProgress (1): 4.1 kBProgress (1): 5.6 kB                    Downloaded from central: https://repo.maven.apache.org/maven2/org/junit/junit-bom/5.11.0/junit-bom-5.11.0.pom (5.6 kB at 217 kB/s)
#20 21.06 Downloading from central: https://repo.maven.apache.org/maven2/org/apache/commons/commons-text/1.12.0/commons-text-1.12.0.pom
#20 21.09 Progress (1): 743 BProgress (1): 2.1 kBProgress (1): 3.7 kBProgress (1): 6.8 kBProgress (1): 9.0 kBProgress (1): 13 kB Progress (1): 16 kBProgress (1): 18 kBProgress (1): 20 kB                   Downloaded from central: https://repo.maven.apache.org/maven2/org/apache/commons/commons-text/1.12.0/commons-text-1.12.0.pom (20 kB at 661 kB/s)
#20 21.09 Downloading from central: https://repo.maven.apache.org/maven2/org/apache/commons/commons-parent/69/commons-parent-69.pom
#20 21.12 Progress (1): 708 BProgress (1): 1.9 kBProgress (1): 3.1 kBProgress (1): 4.7 kBProgress (1): 6.4 kBProgress (1): 8.4 kBProgress (1): 10 kB Progress (1): 13 kBProgress (1): 14 kBProgress (1): 17 kBProgress (1): 19 kBProgress (1): 22 kBProgress (1): 25 kBProgress (1): 28 kBProgress (1): 31 kBProgress (1): 31 kBProgress (1): 35 kBProgress (1): 40 kBProgress (1): 43 kBProgress (1): 45 kBProgress (1): 48 kBProgress (1): 51 kBProgress (1): 55 kBProgress (1): 57 kBProgress (1): 59 kBProgress (1): 63 kBProgress (1): 67 kBProgress (1): 70 kBProgress (1): 73 kBProgress (1): 75 kBProgress (1): 77 kB                   Downloaded from central: https://repo.maven.apache.org/maven2/org/apache/commons/commons-parent/69/commons-parent-69.pom (77 kB at 2.9 MB/s)
#20 21.12 Downloading from central: https://repo.maven.apache.org/maven2/org/apache/commons/commons-lang3/3.14.0/commons-lang3-3.14.0.pom
#20 21.15 Progress (1): 747 BProgress (1): 2.1 kBProgress (1): 4.7 kBProgress (1): 8.4 kBProgress (1): 12 kB Progress (1): 15 kBProgress (1): 17 kBProgress (1): 18 kBProgress (1): 21 kBProgress (1): 24 kBProgress (1): 28 kBProgress (1): 30 kBProgress (1): 31 kB                   Downloaded from central: https://repo.maven.apache.org/maven2/org/apache/commons/commons-lang3/3.14.0/commons-lang3-3.14.0.pom (31 kB at 1.2 MB/s)
#20 21.15 Downloading from central: https://repo.maven.apache.org/maven2/org/apache/commons/commons-parent/64/commons-parent-64.pom
#20 21.18 Progress (1): 706 BProgress (1): 1.9 kBProgress (1): 3.1 kBProgress (1): 4.7 kBProgress (1): 6.4 kBProgress (1): 8.4 kBProgress (1): 10 kB Progress (1): 13 kBProgress (1): 15 kBProgress (1): 18 kBProgress (1): 19 kBProgress (1): 23 kBProgress (1): 25 kBProgress (1): 28 kBProgress (1): 32 kBProgress (1): 32 kBProgress (1): 35 kBProgress (1): 41 kBProgress (1): 44 kBProgress (1): 46 kBProgress (1): 49 kBProgress (1): 51 kBProgress (1): 54 kBProgress (1): 58 kBProgress (1): 60 kBProgress (1): 64 kBProgress (1): 67 kBProgress (1): 71 kBProgress (1): 74 kBProgress (1): 76 kBProgress (1): 78 kB                   Downloaded from central: https://repo.maven.apache.org/maven2/org/apache/commons/commons-parent/64/commons-parent-64.pom (78 kB at 2.8 MB/s)
#20 21.18 Downloading from central: https://repo.maven.apache.org/maven2/org/apache/apache/30/apache-30.pom
#20 21.21 Progress (1): 743 BProgress (1): 2.1 kBProgress (1): 4.0 kBProgress (1): 6.3 kBProgress (1): 11 kB Progress (1): 16 kBProgress (1): 20 kBProgress (1): 22 kBProgress (1): 23 kB                   Downloaded from central: https://repo.maven.apache.org/maven2/org/apache/apache/30/apache-30.pom (23 kB at 930 kB/s)
#20 21.21 Downloading from central: https://repo.maven.apache.org/maven2/org/apache/commons/commons-lang3/3.17.0/commons-lang3-3.17.0.pom
#20 21.23 Progress (1): 742 BProgress (1): 1.8 kBProgress (1): 4.1 kBProgress (1): 5.8 kBProgress (1): 7.6 kBProgress (1): 10.0 kBProgress (1): 13 kB  Progress (1): 17 kBProgress (1): 20 kBProgress (1): 22 kBProgress (1): 26 kBProgress (1): 29 kBProgress (1): 31 kB                   Downloaded from central: https://repo.maven.apache.org/maven2/org/apache/commons/commons-lang3/3.17.0/commons-lang3-3.17.0.pom (31 kB at 1.3 MB/s)
#20 21.24 Downloading from central: https://repo.maven.apache.org/maven2/org/apache/commons/commons-parent/73/commons-parent-73.pom
#20 21.26 Progress (1): 705 BProgress (1): 1.9 kBProgress (1): 3.2 kBProgress (1): 4.6 kBProgress (1): 6.8 kBProgress (1): 8.4 kBProgress (1): 11 kB Progress (1): 13 kBProgress (1): 15 kBProgress (1): 17 kBProgress (1): 20 kBProgress (1): 22 kBProgress (1): 25 kBProgress (1): 28 kBProgress (1): 32 kBProgress (1): 32 kBProgress (1): 36 kBProgress (1): 40 kBProgress (1): 44 kBProgress (1): 46 kBProgress (1): 49 kBProgress (1): 51 kBProgress (1): 55 kBProgress (1): 57 kBProgress (1): 60 kBProgress (1): 63 kBProgress (1): 67 kBProgress (1): 70 kBProgress (1): 73 kBProgress (1): 75 kBProgress (1): 78 kB                   Downloaded from central: https://repo.maven.apache.org/maven2/org/apache/commons/commons-parent/73/commons-parent-73.pom (78 kB at 2.8 MB/s)
#20 21.27 Downloading from central: https://repo.maven.apache.org/maven2/org/apache/maven/doxia/doxia-integration-tools/2.0.0/doxia-integration-tools-2.0.0.pom
#20 21.29 Progress (1): 802 BProgress (1): 3.5 kBProgress (1): 7.8 kB                    Downloaded from central: https://repo.maven.apache.org/maven2/org/apache/maven/doxia/doxia-integration-tools/2.0.0/doxia-integration-tools-2.0.0.pom (7.8 kB at 323 kB/s)
#20 21.29 Downloading from central: https://repo.maven.apache.org/maven2/org/codehaus/plexus/plexus-i18n/1.0-beta-10/plexus-i18n-1.0-beta-10.pom
#20 21.32 Progress (1): 1.4 kBProgress (1): 2.1 kB                    Downloaded from central: https://repo.maven.apache.org/maven2/org/codehaus/plexus/plexus-i18n/1.0-beta-10/plexus-i18n-1.0-beta-10.pom (2.1 kB at 83 kB/s)
#20 21.32 Downloading from central: https://repo.maven.apache.org/maven2/org/codehaus/plexus/plexus-components/1.1.12/plexus-components-1.1.12.pom
#20 21.34 Progress (1): 1.7 kBProgress (1): 3.0 kB                    Downloaded from central: https://repo.maven.apache.org/maven2/org/codehaus/plexus/plexus-components/1.1.12/plexus-components-1.1.12.pom (3.0 kB at 120 kB/s)
#20 21.35 Downloading from central: https://repo.maven.apache.org/maven2/org/codehaus/plexus/plexus/1.0.10/plexus-1.0.10.pom
#20 21.37 Progress (1): 1.7 kBProgress (1): 4.8 kBProgress (1): 7.9 kBProgress (1): 8.2 kB                    Downloaded from central: https://repo.maven.apache.org/maven2/org/codehaus/plexus/plexus/1.0.10/plexus-1.0.10.pom (8.2 kB at 330 kB/s)
#20 21.37 Downloading from central: https://repo.maven.apache.org/maven2/org/codehaus/plexus/plexus-interpolation/1.27/plexus-interpolation-1.27.pom
#20 21.41 Progress (1): 1.3 kBProgress (1): 3.0 kB                    Downloaded from central: https://repo.maven.apache.org/maven2/org/codehaus/plexus/plexus-interpolation/1.27/plexus-interpolation-1.27.pom (3.0 kB at 72 kB/s)
#20 21.42 Downloading from central: https://repo.maven.apache.org/maven2/org/apache/maven/doxia/doxia-site-renderer/2.0.0/doxia-site-renderer-2.0.0.pom
#20 21.44 Progress (1): 774 BProgress (1): 2.7 kBProgress (1): 6.9 kBProgress (1): 7.4 kB                    Downloaded from central: https://repo.maven.apache.org/maven2/org/apache/maven/doxia/doxia-site-renderer/2.0.0/doxia-site-renderer-2.0.0.pom (7.4 kB at 273 kB/s)
#20 21.45 Downloading from central: https://repo.maven.apache.org/maven2/org/apache/maven/doxia/doxia-skin-model/2.0.0/doxia-skin-model-2.0.0.pom
#20 21.47 Progress (1): 797 BProgress (1): 2.3 kBProgress (1): 3.0 kB                    Downloaded from central: https://repo.maven.apache.org/maven2/org/apache/maven/doxia/doxia-skin-model/2.0.0/doxia-skin-model-2.0.0.pom (3.0 kB at 112 kB/s)
#20 21.47 Downloading from central: https://repo.maven.apache.org/maven2/org/apache/maven/doxia/doxia-module-xhtml5/2.0.0/doxia-module-xhtml5-2.0.0.pom
#20 21.50 Progress (1): 818 BProgress (1): 2.9 kB                    Downloaded from central: https://repo.maven.apache.org/maven2/org/apache/maven/doxia/doxia-module-xhtml5/2.0.0/doxia-module-xhtml5-2.0.0.pom (2.9 kB at 107 kB/s)
#20 21.50 Downloading from central: https://repo.maven.apache.org/maven2/org/apache/maven/doxia/doxia-modules/2.0.0/doxia-modules-2.0.0.pom
#20 21.53 Progress (1): 823 BProgress (1): 2.5 kB                    Downloaded from central: https://repo.maven.apache.org/maven2/org/apache/maven/doxia/doxia-modules/2.0.0/doxia-modules-2.0.0.pom (2.5 kB at 100 kB/s)
#20 21.54 Downloading from central: https://repo.maven.apache.org/maven2/org/codehaus/plexus/plexus-velocity/2.2.0/plexus-velocity-2.2.0.pom
#20 21.57 Progress (1): 808 BProgress (1): 2.4 kBProgress (1): 4.1 kB                    Downloaded from central: https://repo.maven.apache.org/maven2/org/codehaus/plexus/plexus-velocity/2.2.0/plexus-velocity-2.2.0.pom (4.1 kB at 156 kB/s)
#20 21.57 Downloading from central: https://repo.maven.apache.org/maven2/org/codehaus/plexus/plexus/19/plexus-19.pom
#20 21.59 Progress (1): 988 BProgress (1): 4.2 kBProgress (1): 7.6 kBProgress (1): 9.4 kBProgress (1): 12 kB Progress (1): 16 kBProgress (1): 19 kBProgress (1): 24 kBProgress (1): 25 kB                   Downloaded from central: https://repo.maven.apache.org/maven2/org/codehaus/plexus/plexus/19/plexus-19.pom (25 kB at 976 kB/s)
#20 21.60 Downloading from central: https://repo.maven.apache.org/maven2/org/apache/velocity/velocity-engine-core/2.4/velocity-engine-core-2.4.pom
#20 21.62 Progress (1): 801 BProgress (1): 2.2 kBProgress (1): 5.1 kBProgress (1): 9.4 kBProgress (1): 12 kB                    Downloaded from central: https://repo.maven.apache.org/maven2/org/apache/velocity/velocity-engine-core/2.4/velocity-engine-core-2.4.pom (12 kB at 479 kB/s)
#20 21.62 Downloading from central: https://repo.maven.apache.org/maven2/org/apache/velocity/velocity-engine-parent/2.4/velocity-engine-parent-2.4.pom
#20 21.65 Progress (1): 806 BProgress (1): 2.6 kBProgress (1): 5.1 kBProgress (1): 7.8 kBProgress (1): 9.5 kB                    Downloaded from central: https://repo.maven.apache.org/maven2/org/apache/velocity/velocity-engine-parent/2.4/velocity-engine-parent-2.4.pom (9.5 kB at 366 kB/s)
#20 21.65 Downloading from central: https://repo.maven.apache.org/maven2/org/apache/velocity/velocity-master/7/velocity-master-7.pom
#20 21.68 Progress (1): 812 BProgress (1): 2.2 kBProgress (1): 5.3 kBProgress (1): 7.9 kB                    Downloaded from central: https://repo.maven.apache.org/maven2/org/apache/velocity/velocity-master/7/velocity-master-7.pom (7.9 kB at 305 kB/s)
#20 21.68 Downloading from central: https://repo.maven.apache.org/maven2/org/apache/velocity/tools/velocity-tools-generic/3.1/velocity-tools-generic-3.1.pom
#20 21.70 Progress (1): 862 BProgress (1): 2.6 kB                    Downloaded from central: https://repo.maven.apache.org/maven2/org/apache/velocity/tools/velocity-tools-generic/3.1/velocity-tools-generic-3.1.pom (2.6 kB at 98 kB/s)
#20 21.71 Downloading from central: https://repo.maven.apache.org/maven2/org/apache/velocity/tools/velocity-tools-parent/3.1/velocity-tools-parent-3.1.pom
#20 21.73 Progress (1): 816 BProgress (1): 2.2 kBProgress (1): 4.5 kBProgress (1): 7.5 kBProgress (1): 8.0 kB                    Downloaded from central: https://repo.maven.apache.org/maven2/org/apache/velocity/tools/velocity-tools-parent/3.1/velocity-tools-parent-3.1.pom (8.0 kB at 308 kB/s)
#20 21.73 Downloading from central: https://repo.maven.apache.org/maven2/org/apache/velocity/velocity-master/4/velocity-master-4.pom
#20 21.76 Progress (1): 808 BProgress (1): 2.5 kBProgress (1): 5.9 kBProgress (1): 7.8 kB                    Downloaded from central: https://repo.maven.apache.org/maven2/org/apache/velocity/velocity-master/4/velocity-master-4.pom (7.8 kB at 311 kB/s)
#20 21.76 Downloading from central: https://repo.maven.apache.org/maven2/org/apache/velocity/velocity-engine-core/2.3/velocity-engine-core-2.3.pom
#20 21.78 Progress (1): 1.3 kBProgress (1): 4.5 kBProgress (1): 8.2 kBProgress (1): 10 kB                    Downloaded from central: https://repo.maven.apache.org/maven2/org/apache/velocity/velocity-engine-core/2.3/velocity-engine-core-2.3.pom (10 kB at 436 kB/s)
#20 21.78 Downloading from central: https://repo.maven.apache.org/maven2/org/apache/velocity/velocity-engine-parent/2.3/velocity-engine-parent-2.3.pom
#20 21.81 Progress (1): 801 BProgress (1): 2.2 kBProgress (1): 6.0 kBProgress (1): 9.4 kBProgress (1): 12 kB Progress (1): 14 kB                   Downloaded from central: https://repo.maven.apache.org/maven2/org/apache/velocity/velocity-engine-parent/2.3/velocity-engine-parent-2.3.pom (14 kB at 576 kB/s)
#20 21.81 Downloading from central: https://repo.maven.apache.org/maven2/org/apache/commons/commons-lang3/3.11/commons-lang3-3.11.pom
#20 21.84 Progress (1): 738 BProgress (1): 2.1 kBProgress (1): 5.4 kBProgress (1): 8.9 kBProgress (1): 12 kB Progress (1): 15 kBProgress (1): 17 kBProgress (1): 18 kBProgress (1): 21 kBProgress (1): 24 kBProgress (1): 27 kBProgress (1): 30 kB                   Downloaded from central: https://repo.maven.apache.org/maven2/org/apache/commons/commons-lang3/3.11/commons-lang3-3.11.pom (30 kB at 1.0 MB/s)
#20 21.84 Downloading from central: https://repo.maven.apache.org/maven2/org/apache/commons/commons-parent/51/commons-parent-51.pom
#20 21.87 Progress (1): 702 BProgress (1): 1.8 kBProgress (1): 3.1 kBProgress (1): 4.6 kBProgress (1): 6.7 kBProgress (1): 8.1 kBProgress (1): 10 kB Progress (1): 12 kBProgress (1): 14 kBProgress (1): 17 kBProgress (1): 20 kBProgress (1): 22 kBProgress (1): 25 kBProgress (1): 29 kBProgress (1): 32 kBProgress (1): 32 kBProgress (1): 36 kBProgress (1): 40 kBProgress (1): 42 kBProgress (1): 44 kBProgress (1): 47 kBProgress (1): 51 kBProgress (1): 54 kBProgress (1): 56 kBProgress (1): 61 kBProgress (1): 65 kBProgress (1): 72 kBProgress (1): 75 kBProgress (1): 78 kB                   Downloaded from central: https://repo.maven.apache.org/maven2/org/apache/commons/commons-parent/51/commons-parent-51.pom (78 kB at 2.6 MB/s)
#20 21.88 Downloading from central: https://repo.maven.apache.org/maven2/org/slf4j/slf4j-api/1.7.30/slf4j-api-1.7.30.pom
#20 21.90 Progress (1): 1.0 kBProgress (1): 3.3 kBProgress (1): 3.8 kB                    Downloaded from central: https://repo.maven.apache.org/maven2/org/slf4j/slf4j-api/1.7.30/slf4j-api-1.7.30.pom (3.8 kB at 137 kB/s)
#20 21.90 Downloading from central: https://repo.maven.apache.org/maven2/org/slf4j/slf4j-parent/1.7.30/slf4j-parent-1.7.30.pom
#20 21.93 Progress (1): 1.0 kBProgress (1): 3.2 kBProgress (1): 6.0 kBProgress (1): 9.1 kBProgress (1): 12 kB Progress (1): 14 kB                   Downloaded from central: https://repo.maven.apache.org/maven2/org/slf4j/slf4j-parent/1.7.30/slf4j-parent-1.7.30.pom (14 kB at 511 kB/s)
#20 21.93 Downloading from central: https://repo.maven.apache.org/maven2/commons-beanutils/commons-beanutils/1.9.4/commons-beanutils-1.9.4.pom
#20 21.96 Progress (1): 764 BProgress (1): 2.1 kBProgress (1): 3.7 kBProgress (1): 7.1 kBProgress (1): 11 kB Progress (1): 13 kBProgress (1): 16 kBProgress (1): 18 kB                   Downloaded from central: https://repo.maven.apache.org/maven2/commons-beanutils/commons-beanutils/1.9.4/commons-beanutils-1.9.4.pom (18 kB at 692 kB/s)
#20 21.96 Downloading from central: https://repo.maven.apache.org/maven2/org/apache/commons/commons-parent/47/commons-parent-47.pom
#20 21.99 Progress (1): 704 BProgress (1): 1.9 kBProgress (1): 3.3 kBProgress (1): 5.0 kBProgress (1): 6.7 kBProgress (1): 8.3 kBProgress (1): 9.8 kBProgress (1): 12 kB Progress (1): 15 kBProgress (1): 18 kBProgress (1): 22 kBProgress (1): 26 kBProgress (1): 29 kBProgress (1): 32 kBProgress (1): 34 kBProgress (1): 34 kBProgress (1): 37 kBProgress (1): 41 kBProgress (1): 44 kBProgress (1): 46 kBProgress (1): 50 kBProgress (1): 55 kBProgress (1): 60 kBProgress (1): 64 kBProgress (1): 67 kBProgress (1): 69 kBProgress (1): 71 kBProgress (1): 73 kBProgress (1): 75 kBProgress (1): 77 kBProgress (1): 78 kB                   Downloaded from central: https://repo.maven.apache.org/maven2/org/apache/commons/commons-parent/47/commons-parent-47.pom (78 kB at 2.7 MB/s)
#20 21.99 Downloading from central: https://repo.maven.apache.org/maven2/org/apache/apache/19/apache-19.pom
#20 22.01 Progress (1): 756 BProgress (1): 2.1 kBProgress (1): 3.9 kBProgress (1): 8.0 kBProgress (1): 12 kB Progress (1): 15 kB                   Downloaded from central: https://repo.maven.apache.org/maven2/org/apache/apache/19/apache-19.pom (15 kB at 645 kB/s)
#20 22.02 Downloading from central: https://repo.maven.apache.org/maven2/commons-logging/commons-logging/1.2/commons-logging-1.2.pom
#20 22.05 Progress (1): 768 BProgress (1): 2.0 kBProgress (1): 5.3 kBProgress (1): 7.4 kBProgress (1): 11 kB Progress (1): 14 kBProgress (1): 17 kBProgress (1): 19 kBProgress (1): 19 kB                   Downloaded from central: https://repo.maven.apache.org/maven2/commons-logging/commons-logging/1.2/commons-logging-1.2.pom (19 kB at 662 kB/s)
#20 22.05 Downloading from central: https://repo.maven.apache.org/maven2/org/apache/commons/commons-parent/34/commons-parent-34.pom
#20 22.08 Progress (1): 715 BProgress (1): 1.9 kBProgress (1): 3.2 kBProgress (1): 4.7 kBProgress (1): 8.3 kBProgress (1): 12 kB Progress (1): 16 kBProgress (1): 19 kBProgress (1): 21 kBProgress (1): 24 kBProgress (1): 27 kBProgress (1): 30 kBProgress (1): 33 kBProgress (1): 37 kBProgress (1): 43 kBProgress (1): 43 kBProgress (1): 45 kBProgress (1): 48 kBProgress (1): 51 kBProgress (1): 53 kBProgress (1): 55 kBProgress (1): 56 kB                   Downloaded from central: https://repo.maven.apache.org/maven2/org/apache/commons/commons-parent/34/commons-parent-34.pom (56 kB at 1.9 MB/s)
#20 22.08 Downloading from central: https://repo.maven.apache.org/maven2/commons-collections/commons-collections/3.2.2/commons-collections-3.2.2.pom
#20 22.11 Progress (1): 785 BProgress (1): 2.4 kBProgress (1): 5.9 kBProgress (1): 9.5 kBProgress (1): 11 kB Progress (1): 12 kB                   Downloaded from central: https://repo.maven.apache.org/maven2/commons-collections/commons-collections/3.2.2/commons-collections-3.2.2.pom (12 kB at 459 kB/s)
#20 22.11 Downloading from central: https://repo.maven.apache.org/maven2/org/apache/commons/commons-parent/39/commons-parent-39.pom
#20 22.13 Progress (1): 718 BProgress (1): 1.9 kBProgress (1): 3.1 kBProgress (1): 4.6 kBProgress (1): 8.0 kBProgress (1): 11 kB Progress (1): 14 kBProgress (1): 18 kBProgress (1): 21 kBProgress (1): 23 kBProgress (1): 26 kBProgress (1): 29 kBProgress (1): 32 kBProgress (1): 35 kBProgress (1): 37 kBProgress (1): 37 kBProgress (1): 41 kBProgress (1): 46 kBProgress (1): 50 kBProgress (1): 53 kBProgress (1): 55 kBProgress (1): 58 kBProgress (1): 60 kBProgress (1): 62 kB                   Downloaded from central: https://repo.maven.apache.org/maven2/org/apache/commons/commons-parent/39/commons-parent-39.pom (62 kB at 2.3 MB/s)
#20 22.14 Downloading from central: https://repo.maven.apache.org/maven2/org/apache/apache/16/apache-16.pom
#20 22.16 Progress (1): 745 BProgress (1): 2.1 kBProgress (1): 3.9 kBProgress (1): 7.8 kBProgress (1): 11 kB Progress (1): 14 kBProgress (1): 15 kB                   Downloaded from central: https://repo.maven.apache.org/maven2/org/apache/apache/16/apache-16.pom (15 kB at 642 kB/s)
#20 22.16 Downloading from central: https://repo.maven.apache.org/maven2/org/apache/commons/commons-digester3/3.2/commons-digester3-3.2.pom
#20 22.19 Progress (1): 765 BProgress (1): 2.1 kBProgress (1): 4.6 kBProgress (1): 6.8 kBProgress (1): 8.6 kBProgress (1): 12 kB Progress (1): 15 kBProgress (1): 17 kBProgress (1): 18 kB                   Downloaded from central: https://repo.maven.apache.org/maven2/org/apache/commons/commons-digester3/3.2/commons-digester3-3.2.pom (18 kB at 676 kB/s)
#20 22.19 Downloading from central: https://repo.maven.apache.org/maven2/org/apache/commons/commons-parent/22/commons-parent-22.pom
#20 22.21 Progress (1): 724 BProgress (1): 1.9 kBProgress (1): 3.4 kBProgress (1): 7.0 kBProgress (1): 9.8 kBProgress (1): 14 kB Progress (1): 17 kBProgress (1): 19 kBProgress (1): 23 kBProgress (1): 30 kBProgress (1): 33 kBProgress (1): 36 kBProgress (1): 38 kBProgress (1): 41 kBProgress (1): 42 kB                   Downloaded from central: https://repo.maven.apache.org/maven2/org/apache/commons/commons-parent/22/commons-parent-22.pom (42 kB at 1.6 MB/s)
#20 22.22 Downloading from central: https://repo.maven.apache.org/maven2/org/apache/apache/9/apache-9.pom
#20 22.24 Progress (1): 753 BProgress (1): 2.0 kBProgress (1): 3.7 kBProgress (1): 7.1 kBProgress (1): 11 kB Progress (1): 14 kBProgress (1): 15 kB                   Downloaded from central: https://repo.maven.apache.org/maven2/org/apache/apache/9/apache-9.pom (15 kB at 561 kB/s)
#20 22.25 Downloading from central: https://repo.maven.apache.org/maven2/commons-beanutils/commons-beanutils/1.8.3/commons-beanutils-1.8.3.pom
#20 22.27 Progress (1): 788 BProgress (1): 2.3 kBProgress (1): 5.8 kBProgress (1): 7.8 kBProgress (1): 11 kB Progress (1): 11 kB                   Downloaded from central: https://repo.maven.apache.org/maven2/commons-beanutils/commons-beanutils/1.8.3/commons-beanutils-1.8.3.pom (11 kB at 448 kB/s)
#20 22.27 Downloading from central: https://repo.maven.apache.org/maven2/org/apache/commons/commons-parent/14/commons-parent-14.pom
#20 22.30 Progress (1): 730 BProgress (1): 1.9 kBProgress (1): 4.1 kBProgress (1): 8.3 kBProgress (1): 12 kB Progress (1): 15 kBProgress (1): 18 kBProgress (1): 21 kBProgress (1): 27 kBProgress (1): 30 kBProgress (1): 31 kB                   Downloaded from central: https://repo.maven.apache.org/maven2/org/apache/commons/commons-parent/14/commons-parent-14.pom (31 kB at 1.3 MB/s)
#20 22.30 Downloading from central: https://repo.maven.apache.org/maven2/org/apache/apache/7/apache-7.pom
#20 22.32 Progress (1): 754 BProgress (1): 2.0 kBProgress (1): 3.7 kBProgress (1): 7.1 kBProgress (1): 11 kB Progress (1): 14 kBProgress (1): 14 kB                   Downloaded from central: https://repo.maven.apache.org/maven2/org/apache/apache/7/apache-7.pom (14 kB at 555 kB/s)
#20 22.32 Downloading from central: https://repo.maven.apache.org/maven2/commons-logging/commons-logging/1.1.1/commons-logging-1.1.1.pom
#20 22.35 Progress (1): 783 BProgress (1): 2.0 kBProgress (1): 5.0 kBProgress (1): 6.8 kBProgress (1): 10 kB Progress (1): 13 kBProgress (1): 16 kBProgress (1): 18 kB                   Downloaded from central: https://repo.maven.apache.org/maven2/commons-logging/commons-logging/1.1.1/commons-logging-1.1.1.pom (18 kB at 765 kB/s)
#20 22.35 Downloading from central: https://repo.maven.apache.org/maven2/org/apache/commons/commons-parent/5/commons-parent-5.pom
#20 22.38 Progress (1): 782 BProgress (1): 2.1 kBProgress (1): 4.7 kBProgress (1): 8.4 kBProgress (1): 12 kB Progress (1): 16 kB                   Downloaded from central: https://repo.maven.apache.org/maven2/org/apache/commons/commons-parent/5/commons-parent-5.pom (16 kB at 668 kB/s)
#20 22.38 Downloading from central: https://repo.maven.apache.org/maven2/org/apache/apache/4/apache-4.pom
#20 22.40 Progress (1): 790 BProgress (1): 2.1 kBProgress (1): 4.2 kBProgress (1): 4.5 kB                    Downloaded from central: https://repo.maven.apache.org/maven2/org/apache/apache/4/apache-4.pom (4.5 kB at 187 kB/s)
#20 22.40 Downloading from central: https://repo.maven.apache.org/maven2/org/apache/commons/commons-lang3/3.10/commons-lang3-3.10.pom
#20 22.43 Progress (1): 721 BProgress (1): 2.1 kBProgress (1): 5.3 kBProgress (1): 9.1 kBProgress (1): 13 kB Progress (1): 15 kBProgress (1): 17 kBProgress (1): 19 kBProgress (1): 21 kBProgress (1): 25 kBProgress (1): 28 kBProgress (1): 31 kB                   Downloaded from central: https://repo.maven.apache.org/maven2/org/apache/commons/commons-lang3/3.10/commons-lang3-3.10.pom (31 kB at 1.2 MB/s)
#20 22.43 Downloading from central: https://repo.maven.apache.org/maven2/org/apache/commons/commons-parent/50/commons-parent-50.pom
#20 22.46 Progress (1): 702 BProgress (1): 1.8 kBProgress (1): 3.1 kBProgress (1): 4.6 kBProgress (1): 6.7 kBProgress (1): 8.3 kBProgress (1): 11 kB Progress (1): 13 kBProgress (1): 15 kBProgress (1): 17 kBProgress (1): 20 kBProgress (1): 23 kBProgress (1): 26 kBProgress (1): 30 kBProgress (1): 33 kBProgress (1): 34 kBProgress (1): 37 kBProgress (1): 39 kBProgress (1): 42 kBProgress (1): 45 kBProgress (1): 49 kBProgress (1): 51 kBProgress (1): 54 kBProgress (1): 58 kBProgress (1): 62 kBProgress (1): 69 kBProgress (1): 72 kBProgress (1): 76 kB                   Downloaded from central: https://repo.maven.apache.org/maven2/org/apache/commons/commons-parent/50/commons-parent-50.pom (76 kB at 2.8 MB/s)
#20 22.46 Downloading from central: https://repo.maven.apache.org/maven2/com/github/cliftonlabs/json-simple/3.0.2/json-simple-3.0.2.pom
#20 22.49 Progress (1): 1.0 kBProgress (1): 3.1 kBProgress (1): 6.8 kBProgress (1): 7.5 kB                    Downloaded from central: https://repo.maven.apache.org/maven2/com/github/cliftonlabs/json-simple/3.0.2/json-simple-3.0.2.pom (7.5 kB at 277 kB/s)
#20 22.49 Downloading from central: https://repo.maven.apache.org/maven2/org/apache/maven/doxia/doxia-module-apt/2.0.0/doxia-module-apt-2.0.0.pom
#20 22.51 Progress (1): 819 BProgress (1): 2.9 kB                    Downloaded from central: https://repo.maven.apache.org/maven2/org/apache/maven/doxia/doxia-module-apt/2.0.0/doxia-module-apt-2.0.0.pom (2.9 kB at 110 kB/s)
#20 22.52 Downloading from central: https://repo.maven.apache.org/maven2/org/apache/maven/doxia/doxia-module-xdoc/2.0.0/doxia-module-xdoc-2.0.0.pom
#20 22.54 Progress (1): 779 BProgress (1): 3.1 kBProgress (1): 5.4 kB                    Downloaded from central: https://repo.maven.apache.org/maven2/org/apache/maven/doxia/doxia-module-xdoc/2.0.0/doxia-module-xdoc-2.0.0.pom (5.4 kB at 207 kB/s)
#20 22.55 Downloading from central: https://repo.maven.apache.org/maven2/org/apache/maven/maven-archiver/3.6.2/maven-archiver-3.6.2.pom
#20 22.57 Progress (1): 801 BProgress (1): 2.3 kBProgress (1): 4.4 kB                    Downloaded from central: https://repo.maven.apache.org/maven2/org/apache/maven/maven-archiver/3.6.2/maven-archiver-3.6.2.pom (4.4 kB at 169 kB/s)
#20 22.57 Downloading from central: https://repo.maven.apache.org/maven2/org/apache/maven/shared/maven-shared-components/41/maven-shared-components-41.pom
#20 22.60 Progress (1): 815 BProgress (1): 2.3 kBProgress (1): 3.2 kB                    Downloaded from central: https://repo.maven.apache.org/maven2/org/apache/maven/shared/maven-shared-components/41/maven-shared-components-41.pom (3.2 kB at 132 kB/s)
#20 22.60 Downloading from central: https://repo.maven.apache.org/maven2/org/codehaus/plexus/plexus-archiver/4.9.2/plexus-archiver-4.9.2.pom
#20 22.62 Progress (1): 1.3 kBProgress (1): 4.1 kBProgress (1): 6.0 kB                    Downloaded from central: https://repo.maven.apache.org/maven2/org/codehaus/plexus/plexus-archiver/4.9.2/plexus-archiver-4.9.2.pom (6.0 kB at 230 kB/s)
#20 22.63 Downloading from central: https://repo.maven.apache.org/maven2/org/codehaus/plexus/plexus-io/3.4.2/plexus-io-3.4.2.pom
#20 22.65 Progress (1): 1.2 kBProgress (1): 3.9 kB                    Downloaded from central: https://repo.maven.apache.org/maven2/org/codehaus/plexus/plexus-io/3.4.2/plexus-io-3.4.2.pom (3.9 kB at 149 kB/s)
#20 22.65 Downloading from central: https://repo.maven.apache.org/maven2/commons-io/commons-io/2.15.1/commons-io-2.15.1.pom
#20 22.68 Progress (1): 765 BProgress (1): 2.1 kBProgress (1): 5.2 kBProgress (1): 7.6 kBProgress (1): 10 kB Progress (1): 12 kBProgress (1): 15 kBProgress (1): 18 kBProgress (1): 20 kB                   Downloaded from central: https://repo.maven.apache.org/maven2/commons-io/commons-io/2.15.1/commons-io-2.15.1.pom (20 kB at 768 kB/s)
#20 22.68 Downloading from central: https://repo.maven.apache.org/maven2/org/apache/commons/commons-parent/65/commons-parent-65.pom
#20 22.71 Progress (1): 705 BProgress (1): 1.9 kBProgress (1): 3.1 kBProgress (1): 4.7 kBProgress (1): 6.4 kBProgress (1): 8.4 kBProgress (1): 10 kB Progress (1): 13 kBProgress (1): 15 kBProgress (1): 18 kBProgress (1): 19 kBProgress (1): 23 kBProgress (1): 25 kBProgress (1): 28 kBProgress (1): 32 kBProgress (1): 32 kBProgress (1): 35 kBProgress (1): 41 kBProgress (1): 43 kBProgress (1): 46 kBProgress (1): 49 kBProgress (1): 51 kBProgress (1): 54 kBProgress (1): 58 kBProgress (1): 60 kBProgress (1): 64 kBProgress (1): 67 kBProgress (1): 71 kBProgress (1): 74 kBProgress (1): 76 kBProgress (1): 78 kB                   Downloaded from central: https://repo.maven.apache.org/maven2/org/apache/commons/commons-parent/65/commons-parent-65.pom (78 kB at 2.5 MB/s)
#20 22.72 Downloading from central: https://repo.maven.apache.org/maven2/org/apache/commons/commons-compress/1.26.1/commons-compress-1.26.1.pom
#20 22.74 Progress (1): 758 BProgress (1): 1.9 kBProgress (1): 3.7 kBProgress (1): 5.9 kBProgress (1): 9.2 kBProgress (1): 12 kB Progress (1): 15 kBProgress (1): 19 kBProgress (1): 21 kBProgress (1): 22 kB                   Downloaded from central: https://repo.maven.apache.org/maven2/org/apache/commons/commons-compress/1.26.1/commons-compress-1.26.1.pom (22 kB at 829 kB/s)
#20 22.74 Downloading from central: https://repo.maven.apache.org/maven2/org/apache/commons/commons-parent/66/commons-parent-66.pom
#20 22.77 Progress (1): 708 BProgress (1): 1.9 kBProgress (1): 3.1 kBProgress (1): 4.7 kBProgress (1): 6.5 kBProgress (1): 8.5 kBProgress (1): 10 kB Progress (1): 13 kBProgress (1): 14 kBProgress (1): 17 kBProgress (1): 19 kBProgress (1): 22 kBProgress (1): 25 kBProgress (1): 28 kBProgress (1): 31 kBProgress (1): 32 kBProgress (1): 35 kBProgress (1): 40 kBProgress (1): 43 kBProgress (1): 46 kBProgress (1): 48 kBProgress (1): 51 kBProgress (1): 55 kBProgress (1): 57 kBProgress (1): 60 kBProgress (1): 63 kBProgress (1): 67 kBProgress (1): 70 kBProgress (1): 73 kBProgress (1): 75 kBProgress (1): 77 kB                   Downloaded from central: https://repo.maven.apache.org/maven2/org/apache/commons/commons-parent/66/commons-parent-66.pom (77 kB at 2.7 MB/s)
#20 22.78 Downloading from central: https://repo.maven.apache.org/maven2/commons-codec/commons-codec/1.16.1/commons-codec-1.16.1.pom
#20 22.80 Progress (1): 749 BProgress (1): 1.9 kBProgress (1): 3.8 kBProgress (1): 6.3 kBProgress (1): 8.7 kBProgress (1): 11 kB Progress (1): 13 kBProgress (1): 16 kB                   Downloaded from central: https://repo.maven.apache.org/maven2/commons-codec/commons-codec/1.16.1/commons-codec-1.16.1.pom (16 kB at 603 kB/s)
#20 22.80 Downloading from central: https://repo.maven.apache.org/maven2/org/iq80/snappy/snappy/0.4/snappy-0.4.pom
#20 22.83 Progress (1): 1.2 kBProgress (1): 3.7 kBProgress (1): 8.5 kBProgress (1): 12 kB Progress (1): 15 kB                   Downloaded from central: https://repo.maven.apache.org/maven2/org/iq80/snappy/snappy/0.4/snappy-0.4.pom (15 kB at 538 kB/s)
#20 22.83 Downloading from central: https://repo.maven.apache.org/maven2/org/tukaani/xz/1.9/xz-1.9.pom
#20 22.86 Progress (1): 1.1 kBProgress (1): 2.0 kB                    Downloaded from central: https://repo.maven.apache.org/maven2/org/tukaani/xz/1.9/xz-1.9.pom (2.0 kB at 76 kB/s)
#20 22.86 Downloading from central: https://repo.maven.apache.org/maven2/com/github/luben/zstd-jni/1.5.5-11/zstd-jni-1.5.5-11.pom
#20 22.89 Progress (1): 1.1 kBProgress (1): 2.0 kB                    Downloaded from central: https://repo.maven.apache.org/maven2/com/github/luben/zstd-jni/1.5.5-11/zstd-jni-1.5.5-11.pom (2.0 kB at 80 kB/s)
#20 22.89 Downloading from central: https://repo.maven.apache.org/maven2/org/codehaus/plexus/plexus-archiver/4.11.0/plexus-archiver-4.11.0.pom
#20 22.91 Progress (1): 1.2 kBProgress (1): 4.2 kBProgress (1): 5.6 kB                    Downloaded from central: https://repo.maven.apache.org/maven2/org/codehaus/plexus/plexus-archiver/4.11.0/plexus-archiver-4.11.0.pom (5.6 kB at 217 kB/s)
#20 22.92 Downloading from central: https://repo.maven.apache.org/maven2/org/codehaus/plexus/plexus-io/3.6.0/plexus-io-3.6.0.pom
#20 22.94 Progress (1): 1.2 kBProgress (1): 3.5 kB                    Downloaded from central: https://repo.maven.apache.org/maven2/org/codehaus/plexus/plexus-io/3.6.0/plexus-io-3.6.0.pom (3.5 kB at 140 kB/s)
#20 22.94 Downloading from central: https://repo.maven.apache.org/maven2/commons-io/commons-io/2.20.0/commons-io-2.20.0.pom
#20 22.97 Progress (1): 810 BProgress (1): 2.3 kBProgress (1): 3.2 kBProgress (1): 5.3 kBProgress (1): 7.2 kBProgress (1): 9.3 kBProgress (1): 13 kB Progress (1): 16 kBProgress (1): 19 kBProgress (1): 20 kB                   Downloaded from central: https://repo.maven.apache.org/maven2/commons-io/commons-io/2.20.0/commons-io-2.20.0.pom (20 kB at 853 kB/s)
#20 22.97 Downloading from central: https://repo.maven.apache.org/maven2/org/apache/commons/commons-parent/85/commons-parent-85.pom
#20 23.00 Progress (1): 702 BProgress (1): 1.9 kBProgress (1): 3.2 kBProgress (1): 4.7 kBProgress (1): 6.8 kBProgress (1): 9.4 kBProgress (1): 11 kB Progress (1): 14 kBProgress (1): 16 kBProgress (1): 19 kBProgress (1): 21 kBProgress (1): 23 kBProgress (1): 25 kBProgress (1): 29 kBProgress (1): 32 kBProgress (1): 32 kBProgress (1): 37 kBProgress (1): 41 kBProgress (1): 45 kBProgress (1): 47 kBProgress (1): 50 kBProgress (1): 52 kBProgress (1): 56 kBProgress (1): 58 kBProgress (1): 61 kBProgress (1): 64 kBProgress (1): 69 kBProgress (1): 71 kBProgress (1): 74 kBProgress (1): 76 kBProgress (1): 78 kB                   Downloaded from central: https://repo.maven.apache.org/maven2/org/apache/commons/commons-parent/85/commons-parent-85.pom (78 kB at 2.7 MB/s)
#20 23.00 Downloading from central: https://repo.maven.apache.org/maven2/org/apache/commons/commons-compress/1.28.0/commons-compress-1.28.0.pom
#20 23.02 Progress (1): 816 BProgress (1): 2.1 kBProgress (1): 3.2 kBProgress (1): 4.5 kBProgress (1): 7.2 kBProgress (1): 10 kB Progress (1): 13 kBProgress (1): 16 kBProgress (1): 21 kBProgress (1): 24 kBProgress (1): 25 kB                   Downloaded from central: https://repo.maven.apache.org/maven2/org/apache/commons/commons-compress/1.28.0/commons-compress-1.28.0.pom (25 kB at 1.0 MB/s)
#20 23.03 Downloading from central: https://repo.maven.apache.org/maven2/commons-codec/commons-codec/1.19.0/commons-codec-1.19.0.pom
#20 23.05 Progress (1): 739 BProgress (1): 1.9 kBProgress (1): 4.0 kBProgress (1): 5.7 kBProgress (1): 8.2 kBProgress (1): 11 kB Progress (1): 14 kBProgress (1): 17 kBProgress (1): 18 kB                   Downloaded from central: https://repo.maven.apache.org/maven2/commons-codec/commons-codec/1.19.0/commons-codec-1.19.0.pom (18 kB at 693 kB/s)
#20 23.06 Downloading from central: https://repo.maven.apache.org/maven2/org/apache/commons/commons-lang3/3.18.0/commons-lang3-3.18.0.pom
#20 23.08 Progress (1): 743 BProgress (1): 1.8 kBProgress (1): 4.1 kBProgress (1): 5.7 kBProgress (1): 7.6 kBProgress (1): 9.7 kBProgress (1): 12 kB Progress (1): 16 kBProgress (1): 19 kBProgress (1): 22 kBProgress (1): 25 kBProgress (1): 29 kBProgress (1): 32 kB                   Downloaded from central: https://repo.maven.apache.org/maven2/org/apache/commons/commons-lang3/3.18.0/commons-lang3-3.18.0.pom (32 kB at 1.2 MB/s)
#20 23.08 Downloading from central: https://repo.maven.apache.org/maven2/commons-io/commons-io/2.21.0/commons-io-2.21.0.pom
#20 23.11 Progress (1): 760 BProgress (1): 2.0 kBProgress (1): 4.8 kBProgress (1): 6.6 kBProgress (1): 8.7 kBProgress (1): 12 kB Progress (1): 14 kBProgress (1): 18 kBProgress (1): 21 kBProgress (1): 21 kB                   Downloaded from central: https://repo.maven.apache.org/maven2/commons-io/commons-io/2.21.0/commons-io-2.21.0.pom (21 kB at 772 kB/s)
#20 23.11 Downloading from central: https://repo.maven.apache.org/maven2/org/apache/commons/commons-parent/91/commons-parent-91.pom
#20 23.14 Progress (1): 699 BProgress (1): 1.9 kBProgress (1): 3.2 kBProgress (1): 4.7 kBProgress (1): 6.8 kBProgress (1): 9.4 kBProgress (1): 11 kB Progress (1): 14 kBProgress (1): 16 kBProgress (1): 18 kBProgress (1): 21 kBProgress (1): 23 kBProgress (1): 25 kBProgress (1): 29 kBProgress (1): 32 kBProgress (1): 32 kBProgress (1): 37 kBProgress (1): 41 kBProgress (1): 45 kBProgress (1): 47 kBProgress (1): 50 kBProgress (1): 52 kBProgress (1): 56 kBProgress (1): 58 kBProgress (1): 61 kBProgress (1): 64 kBProgress (1): 68 kBProgress (1): 71 kBProgress (1): 74 kBProgress (1): 76 kBProgress (1): 78 kBProgress (1): 79 kB                   Downloaded from central: https://repo.maven.apache.org/maven2/org/apache/commons/commons-parent/91/commons-parent-91.pom (79 kB at 2.6 MB/s)
#20 23.15 Downloading from central: https://repo.maven.apache.org/maven2/org/tukaani/xz/1.11/xz-1.11.pom
#20 23.17 Progress (1): 1.1 kBProgress (1): 1.9 kB                    Downloaded from central: https://repo.maven.apache.org/maven2/org/tukaani/xz/1.11/xz-1.11.pom (1.9 kB at 77 kB/s)
#20 23.17 Downloading from central: https://repo.maven.apache.org/maven2/com/github/luben/zstd-jni/1.5.7-6/zstd-jni-1.5.7-6.pom
#20 23.20 Progress (1): 1.1 kBProgress (1): 2.0 kB                    Downloaded from central: https://repo.maven.apache.org/maven2/com/github/luben/zstd-jni/1.5.7-6/zstd-jni-1.5.7-6.pom (2.0 kB at 77 kB/s)
#20 23.20 Downloading from central: https://repo.maven.apache.org/maven2/org/apache/commons/commons-lang3/3.20.0/commons-lang3-3.20.0.pom
#20 23.23 Progress (1): 740 BProgress (1): 1.8 kBProgress (1): 4.1 kBProgress (1): 5.5 kBProgress (1): 7.5 kBProgress (1): 9.7 kBProgress (1): 12 kB Progress (1): 16 kBProgress (1): 19 kBProgress (1): 22 kBProgress (1): 25 kBProgress (1): 28 kBProgress (1): 32 kBProgress (1): 33 kB                   Downloaded from central: https://repo.maven.apache.org/maven2/org/apache/commons/commons-lang3/3.20.0/commons-lang3-3.20.0.pom (33 kB at 1.2 MB/s)
#20 23.23 Downloading from central: https://repo.maven.apache.org/maven2/org/apache/commons/commons-parent/92/commons-parent-92.pom
#20 23.26 Progress (1): 699 BProgress (1): 1.9 kBProgress (1): 3.2 kBProgress (1): 4.7 kBProgress (1): 6.8 kBProgress (1): 9.5 kBProgress (1): 11 kB Progress (1): 14 kBProgress (1): 16 kBProgress (1): 18 kBProgress (1): 21 kBProgress (1): 23 kBProgress (1): 25 kBProgress (1): 29 kBProgress (1): 32 kBProgress (1): 32 kBProgress (1): 37 kBProgress (1): 41 kBProgress (1): 45 kBProgress (1): 47 kBProgress (1): 50 kBProgress (1): 52 kBProgress (1): 56 kBProgress (1): 58 kBProgress (1): 61 kBProgress (1): 64 kBProgress (1): 68 kBProgress (1): 71 kBProgress (1): 74 kBProgress (1): 76 kBProgress (1): 78 kBProgress (1): 80 kB                   Downloaded from central: https://repo.maven.apache.org/maven2/org/apache/commons/commons-parent/92/commons-parent-92.pom (80 kB at 2.7 MB/s)
#20 23.26 Downloading from central: https://repo.maven.apache.org/maven2/org/codehaus/plexus/plexus-i18n/1.1.0/plexus-i18n-1.1.0.pom
#20 23.29 Progress (1): 1.2 kBProgress (1): 2.8 kB                    Downloaded from central: https://repo.maven.apache.org/maven2/org/codehaus/plexus/plexus-i18n/1.1.0/plexus-i18n-1.1.0.pom (2.8 kB at 111 kB/s)
#20 23.29 Downloading from central: https://repo.maven.apache.org/maven2/org/apache/maven/shared/maven-dependency-analyzer/1.17.1/maven-dependency-analyzer-1.17.1.pom
#20 23.31 Progress (1): 793 BProgress (1): 2.3 kBProgress (1): 5.3 kBProgress (1): 7.1 kB                    Downloaded from central: https://repo.maven.apache.org/maven2/org/apache/maven/shared/maven-dependency-analyzer/1.17.1/maven-dependency-analyzer-1.17.1.pom (7.1 kB at 272 kB/s)
#20 23.32 Downloading from central: https://repo.maven.apache.org/maven2/org/apache/maven/shared/maven-shared-components/48/maven-shared-components-48.pom
#20 23.34 Progress (1): 810 BProgress (1): 2.3 kBProgress (1): 3.8 kB                    Downloaded from central: https://repo.maven.apache.org/maven2/org/apache/maven/shared/maven-shared-components/48/maven-shared-components-48.pom (3.8 kB at 146 kB/s)
#20 23.34 Downloading from central: https://repo.maven.apache.org/maven2/org/assertj/assertj-bom/3.27.7/assertj-bom-3.27.7.pom
#20 23.37 Progress (1): 1.0 kBProgress (1): 3.3 kB                    Downloaded from central: https://repo.maven.apache.org/maven2/org/assertj/assertj-bom/3.27.7/assertj-bom-3.27.7.pom (3.3 kB at 128 kB/s)
#20 23.37 Downloading from central: https://repo.maven.apache.org/maven2/org/apache/maven/shared/maven-dependency-tree/3.3.0/maven-dependency-tree-3.3.0.pom
#20 23.40 Progress (1): 788 BProgress (1): 2.3 kBProgress (1): 4.9 kBProgress (1): 7.0 kB                    Downloaded from central: https://repo.maven.apache.org/maven2/org/apache/maven/shared/maven-dependency-tree/3.3.0/maven-dependency-tree-3.3.0.pom (7.0 kB at 280 kB/s)
#20 23.40 Downloading from central: https://repo.maven.apache.org/maven2/org/apache/maven/shared/maven-artifact-transfer/0.13.1/maven-artifact-transfer-0.13.1.pom
#20 23.42 Progress (1): 1.1 kBProgress (1): 3.6 kBProgress (1): 6.4 kBProgress (1): 11 kB Progress (1): 11 kB                   Downloaded from central: https://repo.maven.apache.org/maven2/org/apache/maven/shared/maven-artifact-transfer/0.13.1/maven-artifact-transfer-0.13.1.pom (11 kB at 432 kB/s)
#20 23.43 Downloading from central: https://repo.maven.apache.org/maven2/org/apache/maven/shared/maven-shared-components/34/maven-shared-components-34.pom
#20 23.45 Progress (1): 781 BProgress (1): 2.3 kBProgress (1): 4.6 kBProgress (1): 5.1 kB                    Downloaded from central: https://repo.maven.apache.org/maven2/org/apache/maven/shared/maven-shared-components/34/maven-shared-components-34.pom (5.1 kB at 189 kB/s)
#20 23.45 Downloading from central: https://repo.maven.apache.org/maven2/org/apache/maven/maven-parent/34/maven-parent-34.pom
#20 23.48 Progress (1): 727 BProgress (1): 1.9 kBProgress (1): 5.4 kBProgress (1): 9.8 kBProgress (1): 14 kB Progress (1): 19 kBProgress (1): 23 kBProgress (1): 26 kBProgress (1): 27 kBProgress (1): 30 kBProgress (1): 34 kBProgress (1): 37 kBProgress (1): 41 kBProgress (1): 43 kB                   Downloaded from central: https://repo.maven.apache.org/maven2/org/apache/maven/maven-parent/34/maven-parent-34.pom (43 kB at 1.6 MB/s)
#20 23.48 Downloading from central: https://repo.maven.apache.org/maven2/org/codehaus/plexus/plexus-component-annotations/2.0.0/plexus-component-annotations-2.0.0.pom
#20 23.51 Progress (1): 750 B                   Downloaded from central: https://repo.maven.apache.org/maven2/org/codehaus/plexus/plexus-component-annotations/2.0.0/plexus-component-annotations-2.0.0.pom (750 B at 31 kB/s)
#20 23.51 Downloading from central: https://repo.maven.apache.org/maven2/org/codehaus/plexus/plexus-containers/2.0.0/plexus-containers-2.0.0.pom
#20 23.53 Progress (1): 1.3 kBProgress (1): 4.7 kBProgress (1): 4.8 kB                    Downloaded from central: https://repo.maven.apache.org/maven2/org/codehaus/plexus/plexus-containers/2.0.0/plexus-containers-2.0.0.pom (4.8 kB at 185 kB/s)
#20 23.53 Downloading from central: https://repo.maven.apache.org/maven2/org/apache/maven/shared/maven-common-artifact-filters/3.1.0/maven-common-artifact-filters-3.1.0.pom
#20 23.56 Progress (1): 803 BProgress (1): 2.3 kBProgress (1): 5.3 kB                    Downloaded from central: https://repo.maven.apache.org/maven2/org/apache/maven/shared/maven-common-artifact-filters/3.1.0/maven-common-artifact-filters-3.1.0.pom (5.3 kB at 196 kB/s)
#20 23.56 Downloading from central: https://repo.maven.apache.org/maven2/org/apache/maven/shared/maven-shared-components/33/maven-shared-components-33.pom
#20 23.59 Progress (1): 781 BProgress (1): 2.3 kBProgress (1): 4.6 kBProgress (1): 5.1 kB                    Downloaded from central: https://repo.maven.apache.org/maven2/org/apache/maven/shared/maven-shared-components/33/maven-shared-components-33.pom (5.1 kB at 204 kB/s)
#20 23.59 Downloading from central: https://repo.maven.apache.org/maven2/org/apache/maven/maven-model/3.0/maven-model-3.0.pom
#20 23.61 Progress (1): 793 BProgress (1): 2.6 kBProgress (1): 3.9 kB                    Downloaded from central: https://repo.maven.apache.org/maven2/org/apache/maven/maven-model/3.0/maven-model-3.0.pom (3.9 kB at 156 kB/s)
#20 23.61 Downloading from central: https://repo.maven.apache.org/maven2/org/apache/maven/maven/3.0/maven-3.0.pom
#20 23.64 Progress (1): 759 BProgress (1): 2.0 kBProgress (1): 4.6 kBProgress (1): 7.8 kBProgress (1): 14 kB Progress (1): 18 kBProgress (1): 21 kBProgress (1): 22 kB                   Downloaded from central: https://repo.maven.apache.org/maven2/org/apache/maven/maven/3.0/maven-3.0.pom (22 kB at 875 kB/s)
#20 23.64 Downloading from central: https://repo.maven.apache.org/maven2/org/apache/maven/maven-parent/15/maven-parent-15.pom
#20 23.67 Progress (1): 743 BProgress (1): 2.0 kBProgress (1): 6.5 kBProgress (1): 11 kB Progress (1): 15 kBProgress (1): 17 kBProgress (1): 20 kBProgress (1): 24 kB                   Downloaded from central: https://repo.maven.apache.org/maven2/org/apache/maven/maven-parent/15/maven-parent-15.pom (24 kB at 923 kB/s)
#20 23.67 Downloading from central: https://repo.maven.apache.org/maven2/org/apache/apache/6/apache-6.pom
#20 23.69 Progress (1): 749 BProgress (1): 2.0 kBProgress (1): 3.7 kBProgress (1): 6.9 kBProgress (1): 11 kB Progress (1): 13 kB                   Downloaded from central: https://repo.maven.apache.org/maven2/org/apache/apache/6/apache-6.pom (13 kB at 533 kB/s)
#20 23.69 Downloading from central: https://repo.maven.apache.org/maven2/org/apache/maven/maven-plugin-api/3.0/maven-plugin-api-3.0.pom
#20 23.72 Progress (1): 823 BProgress (1): 2.3 kB                    Downloaded from central: https://repo.maven.apache.org/maven2/org/apache/maven/maven-plugin-api/3.0/maven-plugin-api-3.0.pom (2.3 kB at 95 kB/s)
#20 23.72 Downloading from central: https://repo.maven.apache.org/maven2/org/sonatype/sisu/sisu-inject-plexus/1.4.2/sisu-inject-plexus-1.4.2.pom
#20 23.75 Progress (1): 1.6 kBProgress (1): 4.0 kBProgress (1): 5.4 kB                    Downloaded from central: https://repo.maven.apache.org/maven2/org/sonatype/sisu/sisu-inject-plexus/1.4.2/sisu-inject-plexus-1.4.2.pom (5.4 kB at 199 kB/s)
#20 23.75 Downloading from central: https://repo.maven.apache.org/maven2/org/sonatype/sisu/inject/guice-plexus/1.4.2/guice-plexus-1.4.2.pom
#20 23.77 Progress (1): 1.8 kBProgress (1): 3.1 kB                    Downloaded from central: https://repo.maven.apache.org/maven2/org/sonatype/sisu/inject/guice-plexus/1.4.2/guice-plexus-1.4.2.pom (3.1 kB at 120 kB/s)
#20 23.78 Downloading from central: https://repo.maven.apache.org/maven2/org/sonatype/sisu/inject/guice-bean/1.4.2/guice-bean-1.4.2.pom
#20 23.80 Progress (1): 2.6 kB                    Downloaded from central: https://repo.maven.apache.org/maven2/org/sonatype/sisu/inject/guice-bean/1.4.2/guice-bean-1.4.2.pom (2.6 kB at 104 kB/s)
#20 23.80 Downloading from central: https://repo.maven.apache.org/maven2/org/sonatype/sisu/sisu-inject/1.4.2/sisu-inject-1.4.2.pom
#20 23.83 Progress (1): 1.2 kB                    Downloaded from central: https://repo.maven.apache.org/maven2/org/sonatype/sisu/sisu-inject/1.4.2/sisu-inject-1.4.2.pom (1.2 kB at 48 kB/s)
#20 23.83 Downloading from central: https://repo.maven.apache.org/maven2/org/sonatype/sisu/sisu-parent/1.4.2/sisu-parent-1.4.2.pom
#20 23.85 Progress (1): 808 BProgress (1): 2.8 kBProgress (1): 5.7 kBProgress (1): 7.8 kB                    Downloaded from central: https://repo.maven.apache.org/maven2/org/sonatype/sisu/sisu-parent/1.4.2/sisu-parent-1.4.2.pom (7.8 kB at 299 kB/s)
#20 23.86 Downloading from central: https://repo.maven.apache.org/maven2/org/sonatype/forge/forge-parent/6/forge-parent-6.pom
#20 23.89 Progress (1): 1.2 kBProgress (1): 6.4 kBProgress (1): 11 kB                    Downloaded from central: https://repo.maven.apache.org/maven2/org/sonatype/forge/forge-parent/6/forge-parent-6.pom (11 kB at 307 kB/s)
#20 23.89 Downloading from central: https://repo.maven.apache.org/maven2/org/codehaus/plexus/plexus-component-annotations/1.5.4/plexus-component-annotations-1.5.4.pom
#20 23.92 Progress (1): 815 B                   Downloaded from central: https://repo.maven.apache.org/maven2/org/codehaus/plexus/plexus-component-annotations/1.5.4/plexus-component-annotations-1.5.4.pom (815 B at 33 kB/s)
#20 23.92 Downloading from central: https://repo.maven.apache.org/maven2/org/codehaus/plexus/plexus-containers/1.5.4/plexus-containers-1.5.4.pom
#20 23.94 Progress (1): 1.3 kBProgress (1): 4.2 kB                    Downloaded from central: https://repo.maven.apache.org/maven2/org/codehaus/plexus/plexus-containers/1.5.4/plexus-containers-1.5.4.pom (4.2 kB at 177 kB/s)
#20 23.94 Downloading from central: https://repo.maven.apache.org/maven2/org/codehaus/plexus/plexus/2.0.5/plexus-2.0.5.pom
#20 23.97 Progress (1): 712 BProgress (1): 2.8 kBProgress (1): 6.4 kBProgress (1): 9.1 kBProgress (1): 13 kB Progress (1): 17 kB                   Downloaded from central: https://repo.maven.apache.org/maven2/org/codehaus/plexus/plexus/2.0.5/plexus-2.0.5.pom (17 kB at 723 kB/s)
#20 23.97 Downloading from central: https://repo.maven.apache.org/maven2/org/codehaus/plexus/plexus-classworlds/2.2.3/plexus-classworlds-2.2.3.pom
#20 23.99 Progress (1): 952 BProgress (1): 3.0 kBProgress (1): 4.0 kB                    Downloaded from central: https://repo.maven.apache.org/maven2/org/codehaus/plexus/plexus-classworlds/2.2.3/plexus-classworlds-2.2.3.pom (4.0 kB at 167 kB/s)
#20 24.00 Downloading from central: https://repo.maven.apache.org/maven2/org/codehaus/plexus/plexus/2.0.6/plexus-2.0.6.pom
#20 24.02 Progress (1): 711 BProgress (1): 2.7 kBProgress (1): 6.4 kBProgress (1): 8.9 kBProgress (1): 13 kB Progress (1): 17 kB                   Downloaded from central: https://repo.maven.apache.org/maven2/org/codehaus/plexus/plexus/2.0.6/plexus-2.0.6.pom (17 kB at 671 kB/s)
#20 24.02 Downloading from central: https://repo.maven.apache.org/maven2/org/sonatype/sisu/sisu-inject-bean/1.4.2/sisu-inject-bean-1.4.2.pom
#20 24.05 Progress (1): 1.4 kBProgress (1): 3.8 kBProgress (1): 5.5 kB                    Downloaded from central: https://repo.maven.apache.org/maven2/org/sonatype/sisu/sisu-inject-bean/1.4.2/sisu-inject-bean-1.4.2.pom (5.5 kB at 218 kB/s)
#20 24.05 Downloading from central: https://repo.maven.apache.org/maven2/org/sonatype/sisu/sisu-guice/2.1.7/sisu-guice-2.1.7.pom
#20 24.07 Progress (1): 1.1 kBProgress (1): 3.9 kBProgress (1): 7.2 kBProgress (1): 11 kB                    Downloaded from central: https://repo.maven.apache.org/maven2/org/sonatype/sisu/sisu-guice/2.1.7/sisu-guice-2.1.7.pom (11 kB at 461 kB/s)
#20 24.08 Downloading from central: https://repo.maven.apache.org/maven2/org/apache/maven/shared/maven-shared-utils/3.1.0/maven-shared-utils-3.1.0.pom
#20 24.10 Progress (1): 802 BProgress (1): 2.3 kBProgress (1): 4.5 kBProgress (1): 5.0 kB                    Downloaded from central: https://repo.maven.apache.org/maven2/org/apache/maven/shared/maven-shared-utils/3.1.0/maven-shared-utils-3.1.0.pom (5.0 kB at 199 kB/s)
#20 24.10 Downloading from central: https://repo.maven.apache.org/maven2/org/apache/maven/shared/maven-shared-components/30/maven-shared-components-30.pom
#20 24.13 Progress (1): 800 BProgress (1): 2.4 kBProgress (1): 4.6 kBProgress (1): 4.6 kB                    Downloaded from central: https://repo.maven.apache.org/maven2/org/apache/maven/shared/maven-shared-components/30/maven-shared-components-30.pom (4.6 kB at 164 kB/s)
#20 24.13 Downloading from central: https://repo.maven.apache.org/maven2/org/apache/maven/maven-parent/30/maven-parent-30.pom
#20 24.16 Progress (1): 717 BProgress (1): 1.9 kBProgress (1): 5.4 kBProgress (1): 10.0 kBProgress (1): 14 kB  Progress (1): 19 kBProgress (1): 23 kBProgress (1): 25 kBProgress (1): 27 kBProgress (1): 31 kBProgress (1): 34 kBProgress (1): 37 kBProgress (1): 41 kB                   Downloaded from central: https://repo.maven.apache.org/maven2/org/apache/maven/maven-parent/30/maven-parent-30.pom (41 kB at 1.6 MB/s)
#20 24.16 Downloading from central: https://repo.maven.apache.org/maven2/org/apache/apache/18/apache-18.pom
#20 24.18 Progress (1): 748 BProgress (1): 2.1 kBProgress (1): 3.9 kBProgress (1): 8.0 kBProgress (1): 12 kB Progress (1): 15 kBProgress (1): 16 kB                   Downloaded from central: https://repo.maven.apache.org/maven2/org/apache/apache/18/apache-18.pom (16 kB at 627 kB/s)
#20 24.18 Downloading from central: https://repo.maven.apache.org/maven2/commons-io/commons-io/2.5/commons-io-2.5.pom
#20 24.21 Progress (1): 789 BProgress (1): 2.2 kBProgress (1): 5.4 kBProgress (1): 7.7 kBProgress (1): 9.7 kBProgress (1): 13 kB Progress (1): 13 kB                   Downloaded from central: https://repo.maven.apache.org/maven2/commons-io/commons-io/2.5/commons-io-2.5.pom (13 kB at 554 kB/s)
#20 24.21 Downloading from central: https://repo.maven.apache.org/maven2/org/slf4j/slf4j-api/1.7.5/slf4j-api-1.7.5.pom
#20 24.23 Progress (1): 1.4 kBProgress (1): 2.7 kB                    Downloaded from central: https://repo.maven.apache.org/maven2/org/slf4j/slf4j-api/1.7.5/slf4j-api-1.7.5.pom (2.7 kB at 112 kB/s)
#20 24.24 Downloading from central: https://repo.maven.apache.org/maven2/org/slf4j/slf4j-parent/1.7.5/slf4j-parent-1.7.5.pom
#20 24.26 Progress (1): 1.1 kBProgress (1): 3.6 kBProgress (1): 6.6 kBProgress (1): 9.6 kBProgress (1): 12 kB                    Downloaded from central: https://repo.maven.apache.org/maven2/org/slf4j/slf4j-parent/1.7.5/slf4j-parent-1.7.5.pom (12 kB at 393 kB/s)
#20 24.27 Downloading from central: https://repo.maven.apache.org/maven2/org/apache/maven/resolver/maven-resolver-util/1.9.25/maven-resolver-util-1.9.25.pom
#20 24.29 Progress (1): 838 BProgress (1): 2.2 kB                    Downloaded from central: https://repo.maven.apache.org/maven2/org/apache/maven/resolver/maven-resolver-util/1.9.25/maven-resolver-util-1.9.25.pom (2.2 kB at 93 kB/s)
#20 24.29 Downloading from central: https://repo.maven.apache.org/maven2/org/apache/maven/resolver/maven-resolver/1.9.25/maven-resolver-1.9.25.pom
#20 24.32 Progress (1): 756 BProgress (1): 2.3 kBProgress (1): 4.0 kBProgress (1): 9.1 kBProgress (1): 12 kB Progress (1): 16 kBProgress (1): 19 kBProgress (1): 22 kBProgress (1): 25 kB                   Downloaded from central: https://repo.maven.apache.org/maven2/org/apache/maven/resolver/maven-resolver/1.9.25/maven-resolver-1.9.25.pom (25 kB at 791 kB/s)
#20 24.32 Downloading from central: https://repo.maven.apache.org/maven2/org/apache/maven/resolver/maven-resolver-api/1.9.25/maven-resolver-api-1.9.25.pom
#20 24.35 Progress (1): 835 BProgress (1): 2.2 kB                    Downloaded from central: https://repo.maven.apache.org/maven2/org/apache/maven/resolver/maven-resolver-api/1.9.25/maven-resolver-api-1.9.25.pom (2.2 kB at 82 kB/s)
#20 24.35 Downloading from central: https://repo.maven.apache.org/maven2/org/apache/velocity/velocity-engine-core/2.4.1/velocity-engine-core-2.4.1.pom
#20 24.38 Progress (1): 797 BProgress (1): 2.2 kBProgress (1): 5.1 kBProgress (1): 9.3 kBProgress (1): 12 kB                    Downloaded from central: https://repo.maven.apache.org/maven2/org/apache/velocity/velocity-engine-core/2.4.1/velocity-engine-core-2.4.1.pom (12 kB at 499 kB/s)
#20 24.38 Downloading from central: https://repo.maven.apache.org/maven2/org/apache/velocity/velocity-engine-parent/2.4.1/velocity-engine-parent-2.4.1.pom
#20 24.40 Progress (1): 806 BProgress (1): 2.6 kBProgress (1): 5.1 kBProgress (1): 7.7 kBProgress (1): 9.5 kB                    Downloaded from central: https://repo.maven.apache.org/maven2/org/apache/velocity/velocity-engine-parent/2.4.1/velocity-engine-parent-2.4.1.pom (9.5 kB at 396 kB/s)
#20 24.41 Downloading from central: https://repo.maven.apache.org/maven2/eu/maveniverse/maven/domtrip/domtrip-maven/1.5.1/domtrip-maven-1.5.1.jar
#20 24.43 Progress (1): 3.2/75 kBProgress (1): 11/75 kB Progress (1): 28/75 kBProgress (1): 44/75 kBProgress (1): 61/75 kBProgress (1): 75 kB                      Downloaded from central: https://repo.maven.apache.org/maven2/eu/maveniverse/maven/domtrip/domtrip-maven/1.5.1/domtrip-maven-1.5.1.jar (75 kB at 3.1 MB/s)
#20 24.43 Downloading from central: https://repo.maven.apache.org/maven2/eu/maveniverse/maven/domtrip/domtrip-core/1.5.1/domtrip-core-1.5.1.jar
#20 24.43 Downloading from central: https://repo.maven.apache.org/maven2/org/apache/maven/doxia/doxia-sink-api/2.1.0/doxia-sink-api-2.1.0.jar
#20 24.43 Downloading from central: https://repo.maven.apache.org/maven2/org/apache/maven/reporting/maven-reporting-api/4.0.0/maven-reporting-api-4.0.0.jar
#20 24.43 Downloading from central: https://repo.maven.apache.org/maven2/org/apache/maven/reporting/maven-reporting-impl/4.0.0/maven-reporting-impl-4.0.0.jar
#20 24.43 Downloading from central: https://repo.maven.apache.org/maven2/org/apache/maven/doxia/doxia-site-model/2.0.0/doxia-site-model-2.0.0.jar
#20 24.46 Progress (1): 7.7/153 kBProgress (1): 16/153 kB Progress (1): 24/153 kBProgress (1): 40/153 kBProgress (1): 57/153 kBProgress (1): 73/153 kBProgress (1): 90/153 kBProgress (1): 106/153 kBProgress (1): 122/153 kBProgress (1): 139/153 kBProgress (1): 153 kB                        Downloaded from central: https://repo.maven.apache.org/maven2/eu/maveniverse/maven/domtrip/domtrip-core/1.5.1/domtrip-core-1.5.1.jar (153 kB at 5.9 MB/s)
#20 24.46 Downloading from central: https://repo.maven.apache.org/maven2/org/apache/maven/doxia/doxia-core/2.0.0/doxia-core-2.0.0.jar
#20 24.46 Progress (1): 7.7/86 kBProgress (1): 11/86 kB Progress (1): 28/86 kBProgress (1): 44/86 kBProgress (1): 61/86 kBProgress (1): 77/86 kBProgress (1): 86 kB                      Downloaded from central: https://repo.maven.apache.org/maven2/org/apache/maven/doxia/doxia-site-model/2.0.0/doxia-site-model-2.0.0.jar (86 kB at 3.0 MB/s)
#20 24.46 Downloading from central: https://repo.maven.apache.org/maven2/org/apache/commons/commons-text/1.12.0/commons-text-1.12.0.jar
#20 24.46 Progress (1): 7.7/21 kBProgress (1): 11/21 kB Progress (1): 21 kB                      Downloaded from central: https://repo.maven.apache.org/maven2/org/apache/maven/reporting/maven-reporting-impl/4.0.0/maven-reporting-impl-4.0.0.jar (21 kB at 699 kB/s)
#20 24.46 Downloading from central: https://repo.maven.apache.org/maven2/org/apache/maven/doxia/doxia-integration-tools/2.0.0/doxia-integration-tools-2.0.0.jar
#20 24.46 Progress (1): 7.7/9.8 kBProgress (1): 9.8 kB                        Downloaded from central: https://repo.maven.apache.org/maven2/org/apache/maven/reporting/maven-reporting-api/4.0.0/maven-reporting-api-4.0.0.jar (9.8 kB at 315 kB/s)
#20 24.46 Downloading from central: https://repo.maven.apache.org/maven2/org/codehaus/plexus/plexus-interpolation/1.27/plexus-interpolation-1.27.jar
#20 24.47 Progress (1): 3.2/12 kBProgress (1): 12 kB                       Downloaded from central: https://repo.maven.apache.org/maven2/org/apache/maven/doxia/doxia-sink-api/2.1.0/doxia-sink-api-2.1.0.jar (12 kB at 358 kB/s)
#20 24.47 Downloading from central: https://repo.maven.apache.org/maven2/org/apache/maven/doxia/doxia-site-renderer/2.0.0/doxia-site-renderer-2.0.0.jar
#20 24.48 Progress (1): 7.7/168 kBProgress (1): 11/168 kB Progress (1): 28/168 kBProgress (1): 44/168 kBProgress (1): 61/168 kBProgress (1): 77/168 kBProgress (1): 93/168 kBProgress (1): 110/168 kBProgress (1): 126/168 kBProgress (1): 142/168 kBProgress (1): 159/168 kBProgress (1): 168 kB                        Downloaded from central: https://repo.maven.apache.org/maven2/org/apache/maven/doxia/doxia-core/2.0.0/doxia-core-2.0.0.jar (168 kB at 3.2 MB/s)
#20 24.48 Downloading from central: https://repo.maven.apache.org/maven2/org/apache/maven/doxia/doxia-skin-model/2.0.0/doxia-skin-model-2.0.0.jar
#20 24.49 Progress (1): 7.7/251 kBProgress (1): 16/251 kB Progress (1): 24/251 kBProgress (1): 40/251 kBProgress (1): 57/251 kBProgress (1): 73/251 kBProgress (1): 90/251 kBProgress (1): 106/251 kBProgress (1): 122/251 kBProgress (1): 139/251 kBProgress (1): 155/251 kBProgress (1): 172/251 kBProgress (1): 188/251 kBProgress (1): 204/251 kBProgress (1): 221/251 kBProgress (1): 237/251 kBProgress (1): 251 kB                        Downloaded from central: https://repo.maven.apache.org/maven2/org/apache/commons/commons-text/1.12.0/commons-text-1.12.0.jar (251 kB at 4.5 MB/s)
#20 24.49 Downloading from central: https://repo.maven.apache.org/maven2/org/apache/maven/doxia/doxia-module-xhtml5/2.0.0/doxia-module-xhtml5-2.0.0.jar
#20 24.49 Progress (1): 7.7/50 kBProgress (1): 16/50 kB Progress (1): 28/50 kBProgress (1): 44/50 kBProgress (1): 50 kB                      Downloaded from central: https://repo.maven.apache.org/maven2/org/apache/maven/doxia/doxia-integration-tools/2.0.0/doxia-integration-tools-2.0.0.jar (50 kB at 834 kB/s)
#20 24.49 Downloading from central: https://repo.maven.apache.org/maven2/org/codehaus/plexus/plexus-velocity/2.2.0/plexus-velocity-2.2.0.jar
#20 24.50 Progress (1): 7.7/86 kBProgress (1): 16/86 kB Progress (1): 28/86 kBProgress (1): 44/86 kBProgress (1): 61/86 kBProgress (1): 77/86 kBProgress (1): 86 kB                      Downloaded from central: https://repo.maven.apache.org/maven2/org/codehaus/plexus/plexus-interpolation/1.27/plexus-interpolation-1.27.jar (86 kB at 1.4 MB/s)
#20 24.50 Downloading from central: https://repo.maven.apache.org/maven2/org/apache/maven/doxia/doxia-module-apt/2.0.0/doxia-module-apt-2.0.0.jar
#20 24.50 Progress (1): 7.7/44 kBProgress (1): 16/44 kB Progress (1): 32/44 kBProgress (1): 44 kB                      Downloaded from central: https://repo.maven.apache.org/maven2/org/apache/maven/doxia/doxia-site-renderer/2.0.0/doxia-site-renderer-2.0.0.jar (44 kB at 632 kB/s)
#20 24.50 Downloading from central: https://repo.maven.apache.org/maven2/org/apache/maven/doxia/doxia-module-xdoc/2.0.0/doxia-module-xdoc-2.0.0.jar
#20 24.51 Progress (1): 7.7/16 kBProgress (1): 11/16 kB Progress (1): 16 kB                      Downloaded from central: https://repo.maven.apache.org/maven2/org/apache/maven/doxia/doxia-skin-model/2.0.0/doxia-skin-model-2.0.0.jar (16 kB at 213 kB/s)
#20 24.51 Downloading from central: https://repo.maven.apache.org/maven2/org/apache/maven/maven-archiver/3.6.2/maven-archiver-3.6.2.jar
#20 24.52 Progress (1): 7.7/17 kBProgress (1): 16/17 kB Progress (1): 17 kB                      Downloaded from central: https://repo.maven.apache.org/maven2/org/apache/maven/doxia/doxia-module-xhtml5/2.0.0/doxia-module-xhtml5-2.0.0.jar (17 kB at 205 kB/s)
#20 24.52 Downloading from central: https://repo.maven.apache.org/maven2/org/eclipse/sisu/org.eclipse.sisu.plexus/1.0.0/org.eclipse.sisu.plexus-1.0.0.jar
#20 24.52 Progress (1): 3.2/5.7 kBProgress (1): 5.7 kB                        Downloaded from central: https://repo.maven.apache.org/maven2/org/codehaus/plexus/plexus-velocity/2.2.0/plexus-velocity-2.2.0.jar (5.7 kB at 64 kB/s)
#20 24.52 Downloading from central: https://repo.maven.apache.org/maven2/org/eclipse/sisu/org.eclipse.sisu.inject/1.0.0/org.eclipse.sisu.inject-1.0.0.jar
#20 24.53 Progress (1): 3.2/54 kBProgress (1): 20/54 kB Progress (1): 36/54 kBProgress (1): 52/54 kBProgress (1): 54 kB                      Downloaded from central: https://repo.maven.apache.org/maven2/org/apache/maven/doxia/doxia-module-apt/2.0.0/doxia-module-apt-2.0.0.jar (54 kB at 573 kB/s)
#20 24.53 Downloading from central: https://repo.maven.apache.org/maven2/org/codehaus/plexus/plexus-classworlds/2.9.0/plexus-classworlds-2.9.0.jar
#20 24.53 Progress (1): 7.7/27 kBProgress (1): 11/27 kB Progress (1): 27 kB                      Downloaded from central: https://repo.maven.apache.org/maven2/org/apache/maven/maven-archiver/3.6.2/maven-archiver-3.6.2.jar (27 kB at 271 kB/s)
#20 24.53 Downloading from central: https://repo.maven.apache.org/maven2/org/codehaus/plexus/plexus-archiver/4.11.0/plexus-archiver-4.11.0.jar
#20 24.54 Progress (1): 7.7/35 kBProgress (1): 16/35 kB Progress (1): 28/35 kBProgress (1): 35 kB                      Downloaded from central: https://repo.maven.apache.org/maven2/org/apache/maven/doxia/doxia-module-xdoc/2.0.0/doxia-module-xdoc-2.0.0.jar (35 kB at 342 kB/s)
#20 24.54 Downloading from central: https://repo.maven.apache.org/maven2/org/apache/commons/commons-compress/1.28.0/commons-compress-1.28.0.jar
#20 24.54 Progress (1): 7.3/216 kBProgress (1): 24/216 kB Progress (1): 40/216 kBProgress (1): 56/216 kBProgress (1): 73/216 kBProgress (1): 89/216 kBProgress (1): 106/216 kBProgress (1): 122/216 kBProgress (1): 138/216 kBProgress (1): 155/216 kBProgress (1): 171/216 kBProgress (1): 187/216 kBProgress (1): 204/216 kBProgress (1): 216 kB                        Downloaded from central: https://repo.maven.apache.org/maven2/org/eclipse/sisu/org.eclipse.sisu.plexus/1.0.0/org.eclipse.sisu.plexus-1.0.0.jar (216 kB at 2.0 MB/s)
#20 24.54 Downloading from central: https://repo.maven.apache.org/maven2/commons-codec/commons-codec/1.19.0/commons-codec-1.19.0.jar
#20 24.55 Progress (1): 7.7/304 kBProgress (1): 11/304 kB Progress (1): 28/304 kBProgress (1): 44/304 kBProgress (1): 60/304 kBProgress (1): 77/304 kBProgress (1): 93/304 kBProgress (1): 110/304 kBProgress (1): 126/304 kBProgress (2): 126/304 kB | 3.2/227 kBProgress (2): 126/304 kB | 20/227 kB Progress (2): 126/304 kB | 36/227 kBProgress (2): 126/304 kB | 52/227 kBProgress (2): 126/304 kB | 61/227 kBProgress (2): 142/304 kB | 61/227 kBProgress (2): 142/304 kB | 77/227 kBProgress (2): 159/304 kB | 77/227 kBProgress (2): 159/304 kB | 93/227 kBProgress (2): 175/304 kB | 93/227 kBProgress (2): 175/304 kB | 110/227 kBProgress (2): 175/304 kB | 126/227 kBProgress (2): 175/304 kB | 142/227 kBProgress (2): 175/304 kB | 159/227 kBProgress (3): 175/304 kB | 159/227 kB | 7.7/54 kBProgress (3): 175/304 kB | 159/227 kB | 16/54 kB Progress (3): 175/304 kB | 159/227 kB | 28/54 kBProgress (3): 175/304 kB | 175/227 kB | 28/54 kBProgress (3): 175/304 kB | 192/227 kB | 28/54 kBProgress (3): 175/304 kB | 192/227 kB | 44/54 kBProgress (3): 175/304 kB | 208/227 kB | 44/54 kBProgress (3): 175/304 kB | 208/227 kB | 54 kB   Progress (3): 175/304 kB | 224/227 kB | 54 kBProgress (3): 175/304 kB | 227 kB | 54 kB                                             Downloaded from central: https://repo.maven.apache.org/maven2/org/codehaus/plexus/plexus-classworlds/2.9.0/plexus-classworlds-2.9.0.jar (54 kB at 433 kB/s)
#20 24.56 Downloading from central: https://repo.maven.apache.org/maven2/commons-io/commons-io/2.21.0/commons-io-2.21.0.jar
#20 24.56 Progress (2): 192/304 kB | 227 kB                                 Downloaded from central: https://repo.maven.apache.org/maven2/org/codehaus/plexus/plexus-archiver/4.11.0/plexus-archiver-4.11.0.jar (227 kB at 1.8 MB/s)
#20 24.56 Downloading from central: https://repo.maven.apache.org/maven2/org/tukaani/xz/1.11/xz-1.11.jar
#20 24.56 Progress (1): 208/304 kBProgress (1): 224/304 kBProgress (1): 233/304 kBProgress (1): 250/304 kBProgress (1): 266/304 kBProgress (1): 282/304 kBProgress (1): 299/304 kBProgress (1): 304 kB                        Downloaded from central: https://repo.maven.apache.org/maven2/org/eclipse/sisu/org.eclipse.sisu.inject/1.0.0/org.eclipse.sisu.inject-1.0.0.jar (304 kB at 2.4 MB/s)
#20 24.56 Downloading from central: https://repo.maven.apache.org/maven2/com/github/luben/zstd-jni/1.5.7-6/zstd-jni-1.5.7-6.jar
#20 24.57 Progress (1): 7.7/375 kBProgress (1): 12/375 kB Progress (1): 29/375 kBProgress (1): 45/375 kBProgress (1): 61/375 kBProgress (1): 78/375 kBProgress (1): 94/375 kBProgress (1): 111/375 kBProgress (1): 127/375 kBProgress (1): 143/375 kBProgress (1): 160/375 kBProgress (1): 176/375 kBProgress (1): 193/375 kBProgress (1): 209/375 kBProgress (1): 225/375 kBProgress (1): 242/375 kBProgress (1): 246/375 kBProgress (1): 262/375 kBProgress (1): 279/375 kBProgress (1): 295/375 kBProgress (1): 311/375 kBProgress (2): 311/375 kB | 0/1.1 MBProgress (2): 311/375 kB | 0/1.1 MBProgress (2): 311/375 kB | 0/1.1 MBProgress (2): 328/375 kB | 0/1.1 MBProgress (2): 328/375 kB | 0/1.1 MBProgress (2): 344/375 kB | 0/1.1 MBProgress (2): 360/375 kB | 0/1.1 MBProgress (2): 375 kB | 0/1.1 MB    Progress (2): 375 kB | 0.1/1.1 MBProgress (2): 375 kB | 0.1/1.1 MB                                 Downloaded from central: https://repo.maven.apache.org/maven2/commons-codec/commons-codec/1.19.0/commons-codec-1.19.0.jar (375 kB at 2.7 MB/s)
#20 24.57 Downloading from central: https://repo.maven.apache.org/maven2/org/apache/commons/commons-lang3/3.20.0/commons-lang3-3.20.0.jar
#20 24.57 Progress (1): 0.1/1.1 MBProgress (1): 0.1/1.1 MBProgress (1): 0.1/1.1 MBProgress (1): 0.1/1.1 MBProgress (1): 0.2/1.1 MBProgress (1): 0.2/1.1 MBProgress (1): 0.2/1.1 MBProgress (1): 0.2/1.1 MBProgress (1): 0.2/1.1 MBProgress (1): 0.2/1.1 MBProgress (1): 0.2/1.1 MBProgress (1): 0.3/1.1 MBProgress (1): 0.3/1.1 MBProgress (1): 0.3/1.1 MBProgress (1): 0.3/1.1 MBProgress (1): 0.3/1.1 MBProgress (1): 0.3/1.1 MBProgress (1): 0.4/1.1 MBProgress (1): 0.4/1.1 MBProgress (1): 0.4/1.1 MBProgress (1): 0.4/1.1 MBProgress (1): 0.4/1.1 MBProgress (1): 0.4/1.1 MBProgress (1): 0.5/1.1 MBProgress (1): 0.5/1.1 MBProgress (1): 0.5/1.1 MBProgress (1): 0.5/1.1 MBProgress (1): 0.5/1.1 MBProgress (1): 0.5/1.1 MBProgress (1): 0.5/1.1 MBProgress (1): 0.6/1.1 MBProgress (1): 0.6/1.1 MBProgress (1): 0.6/1.1 MBProgress (1): 0.6/1.1 MBProgress (1): 0.6/1.1 MBProgress (1): 0.6/1.1 MBProgress (1): 0.7/1.1 MBProgress (1): 0.7/1.1 MBProgress (1): 0.7/1.1 MBProgress (1): 0.7/1.1 MBProgress (1): 0.7/1.1 MBProgress (1): 0.7/1.1 MBProgress (1): 0.8/1.1 MBProgress (1): 0.8/1.1 MBProgress (1): 0.8/1.1 MBProgress (1): 0.8/1.1 MBProgress (1): 0.8/1.1 MBProgress (1): 0.8/1.1 MBProgress (1): 0.9/1.1 MBProgress (1): 0.9/1.1 MBProgress (1): 0.9/1.1 MBProgress (1): 0.9/1.1 MBProgress (1): 0.9/1.1 MBProgress (1): 0.9/1.1 MBProgress (1): 1.0/1.1 MBProgress (1): 1.0/1.1 MBProgress (1): 1.0/1.1 MBProgress (1): 1.0/1.1 MBProgress (1): 1.0/1.1 MBProgress (1): 1.0/1.1 MBProgress (1): 1.1/1.1 MBProgress (1): 1.1/1.1 MBProgress (1): 1.1/1.1 MBProgress (1): 1.1/1.1 MBProgress (1): 1.1 MB                        Downloaded from central: https://repo.maven.apache.org/maven2/org/apache/commons/commons-compress/1.28.0/commons-compress-1.28.0.jar (1.1 MB at 7.5 MB/s)
#20 24.58 Downloading from central: https://repo.maven.apache.org/maven2/org/codehaus/plexus/plexus-utils/4.0.3/plexus-utils-4.0.3.jar
#20 24.58 Progress (1): 7.7/585 kBProgress (1): 15/585 kB Progress (1): 32/585 kBProgress (1): 48/585 kBProgress (1): 65/585 kBProgress (1): 81/585 kBProgress (1): 97/585 kBProgress (1): 114/585 kBProgress (1): 130/585 kBProgress (1): 147/585 kBProgress (1): 163/585 kBProgress (1): 179/585 kBProgress (1): 196/585 kBProgress (1): 212/585 kBProgress (1): 228/585 kBProgress (1): 245/585 kBProgress (1): 261/585 kBProgress (1): 278/585 kBProgress (1): 294/585 kBProgress (1): 310/585 kBProgress (1): 327/585 kBProgress (1): 343/585 kBProgress (1): 359/585 kBProgress (1): 376/585 kBProgress (1): 392/585 kBProgress (1): 401/585 kBProgress (1): 417/585 kBProgress (1): 434/585 kBProgress (1): 450/585 kBProgress (1): 466/585 kBProgress (1): 483/585 kBProgress (1): 499/585 kBProgress (1): 515/585 kBProgress (1): 532/585 kBProgress (1): 548/585 kBProgress (1): 565/585 kBProgress (1): 581/585 kBProgress (1): 585 kB                        Downloaded from central: https://repo.maven.apache.org/maven2/commons-io/commons-io/2.21.0/commons-io-2.21.0.jar (585 kB at 3.8 MB/s)
#20 24.59 Downloading from central: https://repo.maven.apache.org/maven2/org/codehaus/plexus/plexus-io/3.6.0/plexus-io-3.6.0.jar
#20 24.59 Progress (1): 0/7.4 MBProgress (1): 0/7.4 MBProgress (1): 0/7.4 MBProgress (1): 0/7.4 MBProgress (1): 0.1/7.4 MBProgress (1): 0.1/7.4 MBProgress (1): 0.1/7.4 MBProgress (2): 0.1/7.4 MB | 7.7/169 kBProgress (2): 0.1/7.4 MB | 11/169 kB Progress (2): 0.1/7.4 MB | 28/169 kBProgress (2): 0.1/7.4 MB | 44/169 kBProgress (2): 0.1/7.4 MB | 61/169 kBProgress (2): 0.1/7.4 MB | 77/169 kBProgress (2): 0.1/7.4 MB | 77/169 kBProgress (2): 0.1/7.4 MB | 77/169 kBProgress (2): 0.1/7.4 MB | 93/169 kBProgress (2): 0.1/7.4 MB | 110/169 kBProgress (2): 0.1/7.4 MB | 126/169 kBProgress (2): 0.1/7.4 MB | 142/169 kBProgress (2): 0.1/7.4 MB | 159/169 kBProgress (2): 0.1/7.4 MB | 169 kB    Progress (2): 0.1/7.4 MB | 169 kBProgress (2): 0.2/7.4 MB | 169 kBProgress (2): 0.2/7.4 MB | 169 kB                                 Downloaded from central: https://repo.maven.apache.org/maven2/org/tukaani/xz/1.11/xz-1.11.jar (169 kB at 1.1 MB/s)
#20 24.59 Downloading from central: https://repo.maven.apache.org/maven2/org/codehaus/plexus/plexus-i18n/1.1.0/plexus-i18n-1.1.0.jar
#20 24.59 Progress (1): 0.2/7.4 MBProgress (1): 0.2/7.4 MBProgress (1): 0.2/7.4 MBProgress (1): 0.2/7.4 MBProgress (1): 0.2/7.4 MBProgress (1): 0.3/7.4 MBProgress (1): 0.3/7.4 MBProgress (1): 0.3/7.4 MBProgress (1): 0.3/7.4 MBProgress (1): 0.3/7.4 MBProgress (1): 0.3/7.4 MBProgress (1): 0.4/7.4 MBProgress (1): 0.4/7.4 MBProgress (1): 0.4/7.4 MBProgress (1): 0.4/7.4 MBProgress (1): 0.4/7.4 MBProgress (1): 0.4/7.4 MBProgress (1): 0.5/7.4 MBProgress (1): 0.5/7.4 MBProgress (1): 0.5/7.4 MBProgress (2): 0.5/7.4 MB | 7.7/714 kBProgress (2): 0.5/7.4 MB | 16/714 kB Progress (2): 0.5/7.4 MB | 32/714 kBProgress (2): 0.5/7.4 MB | 49/714 kBProgress (2): 0.5/7.4 MB | 65/714 kBProgress (2): 0.5/7.4 MB | 81/714 kBProgress (2): 0.5/7.4 MB | 98/714 kBProgress (2): 0.5/7.4 MB | 114/714 kBProgress (2): 0.5/7.4 MB | 114/714 kBProgress (2): 0.5/7.4 MB | 114/714 kBProgress (2): 0.5/7.4 MB | 114/714 kBProgress (2): 0.5/7.4 MB | 131/714 kBProgress (2): 0.5/7.4 MB | 147/714 kBProgress (2): 0.5/7.4 MB | 163/714 kBProgress (2): 0.5/7.4 MB | 180/714 kBProgress (2): 0.5/7.4 MB | 196/714 kBProgress (2): 0.5/7.4 MB | 212/714 kBProgress (2): 0.5/7.4 MB | 213/714 kBProgress (2): 0.5/7.4 MB | 213/714 kBProgress (2): 0.6/7.4 MB | 213/714 kBProgress (2): 0.6/7.4 MB | 213/714 kBProgress (2): 0.6/7.4 MB | 229/714 kBProgress (2): 0.6/7.4 MB | 246/714 kBProgress (2): 0.6/7.4 MB | 262/714 kBProgress (2): 0.6/7.4 MB | 279/714 kBProgress (2): 0.6/7.4 MB | 295/714 kBProgress (2): 0.6/7.4 MB | 311/714 kBProgress (2): 0.6/7.4 MB | 328/714 kBProgress (2): 0.6/7.4 MB | 328/714 kBProgress (2): 0.6/7.4 MB | 328/714 kBProgress (2): 0.6/7.4 MB | 344/714 kBProgress (2): 0.6/7.4 MB | 360/714 kBProgress (2): 0.6/7.4 MB | 377/714 kBProgress (2): 0.6/7.4 MB | 393/714 kBProgress (2): 0.6/7.4 MB | 393/714 kBProgress (2): 0.6/7.4 MB | 410/714 kBProgress (2): 0.6/7.4 MB | 410/714 kBProgress (2): 0.6/7.4 MB | 426/714 kBProgress (2): 0.6/7.4 MB | 432/714 kBProgress (2): 0.7/7.4 MB | 432/714 kBProgress (2): 0.7/7.4 MB | 449/714 kBProgress (2): 0.7/7.4 MB | 465/714 kBProgress (2): 0.7/7.4 MB | 481/714 kBProgress (2): 0.7/7.4 MB | 498/714 kBProgress (2): 0.7/7.4 MB | 514/714 kBProgress (2): 0.7/7.4 MB | 531/714 kBProgress (2): 0.7/7.4 MB | 531/714 kBProgress (2): 0.7/7.4 MB | 531/714 kBProgress (2): 0.7/7.4 MB | 547/714 kBProgress (2): 0.7/7.4 MB | 563/714 kBProgress (2): 0.7/7.4 MB | 580/714 kBProgress (2): 0.7/7.4 MB | 596/714 kBProgress (2): 0.7/7.4 MB | 612/714 kBProgress (2): 0.7/7.4 MB | 629/714 kBProgress (2): 0.7/7.4 MB | 645/714 kBProgress (2): 0.7/7.4 MB | 645/714 kBProgress (2): 0.7/7.4 MB | 652/714 kBProgress (2): 0.7/7.4 MB | 652/714 kBProgress (2): 0.7/7.4 MB | 652/714 kBProgress (2): 0.7/7.4 MB | 668/714 kBProgress (2): 0.7/7.4 MB | 684/714 kBProgress (2): 0.7/7.4 MB | 701/714 kBProgress (2): 0.7/7.4 MB | 714 kB    Progress (2): 0.8/7.4 MB | 714 kBProgress (2): 0.8/7.4 MB | 714 kBProgress (2): 0.8/7.4 MB | 714 kB                                 Downloaded from central: https://repo.maven.apache.org/maven2/org/apache/commons/commons-lang3/3.20.0/commons-lang3-3.20.0.jar (714 kB at 4.1 MB/s)
#20 24.61 Downloading from central: https://repo.maven.apache.org/maven2/org/apache/maven/shared/maven-dependency-analyzer/1.17.1/maven-dependency-analyzer-1.17.1.jar
#20 24.61 Progress (1): 0.8/7.4 MBProgress (1): 0.8/7.4 MBProgress (1): 0.8/7.4 MBProgress (1): 0.9/7.4 MBProgress (1): 0.9/7.4 MBProgress (1): 0.9/7.4 MBProgress (1): 0.9/7.4 MBProgress (1): 0.9/7.4 MBProgress (1): 0.9/7.4 MBProgress (1): 1.0/7.4 MBProgress (1): 1.0/7.4 MBProgress (1): 1.0/7.4 MBProgress (1): 1.0/7.4 MBProgress (1): 1.0/7.4 MBProgress (1): 1.0/7.4 MBProgress (2): 1.0/7.4 MB | 7.7/80 kBProgress (2): 1.0/7.4 MB | 11/80 kB Progress (2): 1.0/7.4 MB | 28/80 kBProgress (2): 1.0/7.4 MB | 44/80 kBProgress (2): 1.0/7.4 MB | 61/80 kBProgress (2): 1.0/7.4 MB | 77/80 kBProgress (2): 1.0/7.4 MB | 80 kB   Progress (2): 1.1/7.4 MB | 80 kBProgress (2): 1.1/7.4 MB | 80 kB                                Downloaded from central: https://repo.maven.apache.org/maven2/org/codehaus/plexus/plexus-io/3.6.0/plexus-io-3.6.0.jar (80 kB at 454 kB/s)
#20 24.61 Downloading from central: https://repo.maven.apache.org/maven2/org/ow2/asm/asm/9.10/asm-9.10.jar
#20 24.61 Progress (1): 1.1/7.4 MBProgress (1): 1.1/7.4 MBProgress (1): 1.1/7.4 MBProgress (1): 1.1/7.4 MBProgress (1): 1.2/7.4 MBProgress (1): 1.2/7.4 MBProgress (1): 1.2/7.4 MBProgress (1): 1.2/7.4 MBProgress (1): 1.2/7.4 MBProgress (1): 1.2/7.4 MBProgress (2): 1.2/7.4 MB | 7.7/193 kBProgress (2): 1.2/7.4 MB | 11/193 kB Progress (2): 1.2/7.4 MB | 28/193 kBProgress (2): 1.3/7.4 MB | 28/193 kBProgress (2): 1.3/7.4 MB | 28/193 kBProgress (2): 1.3/7.4 MB | 28/193 kBProgress (2): 1.3/7.4 MB | 44/193 kBProgress (2): 1.3/7.4 MB | 61/193 kBProgress (2): 1.3/7.4 MB | 77/193 kBProgress (2): 1.3/7.4 MB | 93/193 kBProgress (2): 1.3/7.4 MB | 110/193 kBProgress (2): 1.3/7.4 MB | 126/193 kBProgress (2): 1.3/7.4 MB | 142/193 kBProgress (2): 1.3/7.4 MB | 142/193 kBProgress (2): 1.3/7.4 MB | 142/193 kBProgress (2): 1.3/7.4 MB | 142/193 kBProgress (2): 1.3/7.4 MB | 159/193 kBProgress (2): 1.3/7.4 MB | 175/193 kBProgress (2): 1.3/7.4 MB | 192/193 kBProgress (2): 1.3/7.4 MB | 193 kB    Progress (2): 1.4/7.4 MB | 193 kBProgress (2): 1.4/7.4 MB | 193 kBProgress (2): 1.4/7.4 MB | 193 kB                                 Downloaded from central: https://repo.maven.apache.org/maven2/org/codehaus/plexus/plexus-utils/4.0.3/plexus-utils-4.0.3.jar (193 kB at 1.1 MB/s)
#20 24.62 Downloading from central: https://repo.maven.apache.org/maven2/org/apache/maven/shared/maven-dependency-tree/3.3.0/maven-dependency-tree-3.3.0.jar
#20 24.62 Progress (1): 1.4/7.4 MBProgress (1): 1.4/7.4 MBProgress (1): 1.4/7.4 MBProgress (1): 1.4/7.4 MBProgress (1): 1.5/7.4 MBProgress (1): 1.5/7.4 MBProgress (1): 1.5/7.4 MBProgress (1): 1.5/7.4 MBProgress (1): 1.5/7.4 MBProgress (1): 1.5/7.4 MBProgress (1): 1.6/7.4 MBProgress (1): 1.6/7.4 MBProgress (1): 1.6/7.4 MBProgress (2): 1.6/7.4 MB | 3.2/10 kBProgress (2): 1.6/7.4 MB | 3.2/10 kBProgress (2): 1.6/7.4 MB | 3.2/10 kBProgress (2): 1.6/7.4 MB | 3.2/10 kBProgress (2): 1.6/7.4 MB | 10 kB    Progress (2): 1.7/7.4 MB | 10 kBProgress (2): 1.7/7.4 MB | 10 kB                                Downloaded from central: https://repo.maven.apache.org/maven2/org/codehaus/plexus/plexus-i18n/1.1.0/plexus-i18n-1.1.0.jar (10 kB at 54 kB/s)
#20 24.62 Downloading from central: https://repo.maven.apache.org/maven2/org/apache/maven/shared/maven-artifact-transfer/0.13.1/maven-artifact-transfer-0.13.1.jar
#20 24.62 Progress (1): 1.7/7.4 MBProgress (1): 1.7/7.4 MBProgress (1): 1.7/7.4 MBProgress (1): 1.7/7.4 MBProgress (1): 1.8/7.4 MBProgress (1): 1.8/7.4 MBProgress (1): 1.8/7.4 MBProgress (1): 1.8/7.4 MBProgress (1): 1.8/7.4 MBProgress (1): 1.8/7.4 MBProgress (1): 1.9/7.4 MBProgress (1): 1.9/7.4 MBProgress (1): 1.9/7.4 MBProgress (1): 1.9/7.4 MBProgress (1): 1.9/7.4 MBProgress (1): 1.9/7.4 MBProgress (1): 1.9/7.4 MBProgress (1): 2.0/7.4 MBProgress (1): 2.0/7.4 MBProgress (2): 2.0/7.4 MB | 7.7/55 kBProgress (2): 2.0/7.4 MB | 11/55 kB Progress (2): 2.0/7.4 MB | 28/55 kBProgress (2): 2.0/7.4 MB | 44/55 kBProgress (2): 2.0/7.4 MB | 55 kB   Progress (2): 2.0/7.4 MB | 55 kB                                Downloaded from central: https://repo.maven.apache.org/maven2/org/apache/maven/shared/maven-dependency-analyzer/1.17.1/maven-dependency-analyzer-1.17.1.jar (55 kB at 275 kB/s)
#20 24.63 Progress (1): 2.0/7.4 MB                        Downloading from central: https://repo.maven.apache.org/maven2/org/codehaus/plexus/plexus-component-annotations/2.0.0/plexus-component-annotations-2.0.0.jar
#20 24.63 Progress (1): 2.0/7.4 MBProgress (1): 2.0/7.4 MBProgress (1): 2.1/7.4 MBProgress (1): 2.1/7.4 MBProgress (1): 2.1/7.4 MBProgress (1): 2.1/7.4 MBProgress (1): 2.1/7.4 MBProgress (2): 2.1/7.4 MB | 7.3/126 kBProgress (2): 2.1/7.4 MB | 24/126 kB Progress (2): 2.1/7.4 MB | 40/126 kBProgress (2): 2.1/7.4 MB | 56/126 kBProgress (2): 2.1/7.4 MB | 65/126 kBProgress (2): 2.1/7.4 MB | 81/126 kBProgress (2): 2.1/7.4 MB | 97/126 kBProgress (2): 2.1/7.4 MB | 97/126 kBProgress (2): 2.1/7.4 MB | 114/126 kBProgress (2): 2.1/7.4 MB | 126 kB    Progress (2): 2.2/7.4 MB | 126 kBProgress (2): 2.2/7.4 MB | 126 kB                                 Downloaded from central: https://repo.maven.apache.org/maven2/org/ow2/asm/asm/9.10/asm-9.10.jar (126 kB at 631 kB/s)
#20 24.63 Downloading from central: https://repo.maven.apache.org/maven2/org/apache/maven/resolver/maven-resolver-util/1.9.25/maven-resolver-util-1.9.25.jar
#20 24.63 Progress (1): 2.2/7.4 MBProgress (1): 2.2/7.4 MBProgress (1): 2.2/7.4 MBProgress (1): 2.2/7.4 MBProgress (1): 2.3/7.4 MBProgress (1): 2.3/7.4 MBProgress (1): 2.3/7.4 MBProgress (1): 2.3/7.4 MBProgress (1): 2.3/7.4 MBProgress (1): 2.3/7.4 MBProgress (1): 2.4/7.4 MBProgress (1): 2.4/7.4 MBProgress (1): 2.4/7.4 MBProgress (1): 2.4/7.4 MBProgress (1): 2.4/7.4 MBProgress (1): 2.4/7.4 MBProgress (1): 2.5/7.4 MBProgress (1): 2.5/7.4 MBProgress (1): 2.5/7.4 MBProgress (1): 2.5/7.4 MBProgress (1): 2.5/7.4 MBProgress (1): 2.5/7.4 MBProgress (1): 2.6/7.4 MBProgress (1): 2.6/7.4 MBProgress (1): 2.6/7.4 MBProgress (1): 2.6/7.4 MBProgress (1): 2.6/7.4 MBProgress (1): 2.6/7.4 MBProgress (1): 2.7/7.4 MBProgress (1): 2.7/7.4 MBProgress (1): 2.7/7.4 MBProgress (1): 2.7/7.4 MBProgress (1): 2.7/7.4 MBProgress (1): 2.7/7.4 MBProgress (1): 2.8/7.4 MBProgress (1): 2.8/7.4 MBProgress (1): 2.8/7.4 MBProgress (1): 2.8/7.4 MBProgress (1): 2.8/7.4 MBProgress (1): 2.8/7.4 MBProgress (1): 2.8/7.4 MBProgress (1): 2.9/7.4 MBProgress (1): 2.9/7.4 MBProgress (1): 2.9/7.4 MBProgress (1): 2.9/7.4 MBProgress (1): 2.9/7.4 MBProgress (1): 2.9/7.4 MBProgress (1): 2.9/7.4 MBProgress (2): 2.9/7.4 MB | 7.7/43 kBProgress (2): 2.9/7.4 MB | 11/43 kB Progress (2): 2.9/7.4 MB | 28/43 kBProgress (2): 2.9/7.4 MB | 43 kB                                   Downloaded from central: https://repo.maven.apache.org/maven2/org/apache/maven/shared/maven-dependency-tree/3.3.0/maven-dependency-tree-3.3.0.jar (43 kB at 199 kB/s)
#20 24.65 Downloading from central: https://repo.maven.apache.org/maven2/org/apache/velocity/velocity-engine-core/2.4.1/velocity-engine-core-2.4.1.jar
#20 24.65 Progress (1): 3.0/7.4 MBProgress (1): 3.0/7.4 MBProgress (1): 3.0/7.4 MBProgress (1): 3.0/7.4 MBProgress (1): 3.0/7.4 MBProgress (1): 3.0/7.4 MBProgress (1): 3.1/7.4 MBProgress (1): 3.1/7.4 MBProgress (1): 3.1/7.4 MBProgress (2): 3.1/7.4 MB | 7.7/159 kBProgress (2): 3.1/7.4 MB | 15/159 kB Progress (2): 3.1/7.4 MB | 15/159 kBProgress (2): 3.1/7.4 MB | 15/159 kBProgress (2): 3.1/7.4 MB | 15/159 kBProgress (2): 3.1/7.4 MB | 32/159 kBProgress (2): 3.1/7.4 MB | 48/159 kBProgress (2): 3.1/7.4 MB | 65/159 kBProgress (2): 3.1/7.4 MB | 81/159 kBProgress (2): 3.1/7.4 MB | 97/159 kBProgress (2): 3.1/7.4 MB | 114/159 kBProgress (2): 3.1/7.4 MB | 130/159 kBProgress (2): 3.2/7.4 MB | 130/159 kBProgress (2): 3.2/7.4 MB | 130/159 kBProgress (2): 3.2/7.4 MB | 147/159 kBProgress (2): 3.2/7.4 MB | 147/159 kBProgress (2): 3.2/7.4 MB | 159 kB    Progress (2): 3.2/7.4 MB | 159 kB                                 Downloaded from central: https://repo.maven.apache.org/maven2/org/apache/maven/shared/maven-artifact-transfer/0.13.1/maven-artifact-transfer-0.13.1.jar (159 kB at 721 kB/s)
#20 24.65 Downloading from central: https://repo.maven.apache.org/maven2/org/apache/velocity/tools/velocity-tools-generic/3.1/velocity-tools-generic-3.1.jar
#20 24.65 Progress (1): 3.2/7.4 MBProgress (1): 3.2/7.4 MBProgress (1): 3.2/7.4 MBProgress (2): 3.2/7.4 MB | 3.2/4.2 kBProgress (2): 3.2/7.4 MB | 4.2 kB    Progress (2): 3.3/7.4 MB | 4.2 kBProgress (2): 3.3/7.4 MB | 4.2 kB                                 Downloaded from central: https://repo.maven.apache.org/maven2/org/codehaus/plexus/plexus-component-annotations/2.0.0/plexus-component-annotations-2.0.0.jar (4.2 kB at 19 kB/s)
#20 24.66 Progress (1): 3.3/7.4 MB                        Downloading from central: https://repo.maven.apache.org/maven2/commons-beanutils/commons-beanutils/1.9.4/commons-beanutils-1.9.4.jar
#20 24.66 Progress (1): 3.3/7.4 MBProgress (1): 3.3/7.4 MBProgress (1): 3.3/7.4 MBProgress (2): 3.3/7.4 MB | 3.2/197 kBProgress (2): 3.3/7.4 MB | 20/197 kB Progress (2): 3.3/7.4 MB | 36/197 kBProgress (2): 3.4/7.4 MB | 36/197 kBProgress (2): 3.4/7.4 MB | 36/197 kBProgress (2): 3.4/7.4 MB | 36/197 kBProgress (2): 3.4/7.4 MB | 52/197 kBProgress (2): 3.4/7.4 MB | 69/197 kBProgress (2): 3.4/7.4 MB | 85/197 kBProgress (2): 3.4/7.4 MB | 101/197 kBProgress (2): 3.4/7.4 MB | 115/197 kBProgress (2): 3.4/7.4 MB | 131/197 kBProgress (2): 3.4/7.4 MB | 147/197 kBProgress (2): 3.4/7.4 MB | 164/197 kBProgress (2): 3.4/7.4 MB | 180/197 kBProgress (2): 3.4/7.4 MB | 197/197 kBProgress (2): 3.4/7.4 MB | 197 kB                                     Downloaded from central: https://repo.maven.apache.org/maven2/org/apache/maven/resolver/maven-resolver-util/1.9.25/maven-resolver-util-1.9.25.jar (197 kB at 873 kB/s)
#20 24.66 Downloading from central: https://repo.maven.apache.org/maven2/commons-logging/commons-logging/1.2/commons-logging-1.2.jar
#20 24.66 Progress (1): 3.4/7.4 MBProgress (1): 3.4/7.4 MBProgress (1): 3.4/7.4 MBProgress (1): 3.5/7.4 MBProgress (1): 3.5/7.4 MBProgress (1): 3.5/7.4 MBProgress (1): 3.5/7.4 MBProgress (1): 3.5/7.4 MBProgress (1): 3.5/7.4 MBProgress (1): 3.6/7.4 MBProgress (1): 3.6/7.4 MBProgress (1): 3.6/7.4 MBProgress (1): 3.6/7.4 MBProgress (1): 3.6/7.4 MBProgress (1): 3.6/7.4 MBProgress (1): 3.7/7.4 MBProgress (1): 3.7/7.4 MBProgress (1): 3.7/7.4 MBProgress (1): 3.7/7.4 MBProgress (1): 3.7/7.4 MBProgress (1): 3.7/7.4 MBProgress (1): 3.8/7.4 MBProgress (1): 3.8/7.4 MBProgress (1): 3.8/7.4 MBProgress (1): 3.8/7.4 MBProgress (1): 3.8/7.4 MBProgress (1): 3.8/7.4 MBProgress (1): 3.8/7.4 MBProgress (1): 3.9/7.4 MBProgress (1): 3.9/7.4 MBProgress (1): 3.9/7.4 MBProgress (1): 3.9/7.4 MBProgress (1): 3.9/7.4 MBProgress (1): 3.9/7.4 MBProgress (1): 3.9/7.4 MBProgress (1): 4.0/7.4 MBProgress (1): 4.0/7.4 MBProgress (1): 4.0/7.4 MBProgress (1): 4.0/7.4 MBProgress (1): 4.0/7.4 MBProgress (1): 4.0/7.4 MBProgress (1): 4.1/7.4 MBProgress (1): 4.1/7.4 MBProgress (1): 4.1/7.4 MBProgress (1): 4.1/7.4 MBProgress (1): 4.1/7.4 MBProgress (1): 4.1/7.4 MBProgress (1): 4.2/7.4 MBProgress (1): 4.2/7.4 MBProgress (1): 4.2/7.4 MBProgress (1): 4.2/7.4 MBProgress (1): 4.2/7.4 MBProgress (1): 4.2/7.4 MBProgress (1): 4.3/7.4 MBProgress (1): 4.3/7.4 MBProgress (1): 4.3/7.4 MBProgress (1): 4.3/7.4 MBProgress (1): 4.3/7.4 MBProgress (1): 4.3/7.4 MBProgress (1): 4.4/7.4 MBProgress (1): 4.4/7.4 MBProgress (1): 4.4/7.4 MBProgress (1): 4.4/7.4 MBProgress (1): 4.4/7.4 MBProgress (1): 4.4/7.4 MBProgress (1): 4.4/7.4 MBProgress (1): 4.5/7.4 MBProgress (1): 4.5/7.4 MBProgress (1): 4.5/7.4 MBProgress (1): 4.5/7.4 MBProgress (1): 4.5/7.4 MBProgress (2): 4.5/7.4 MB | 7.7/247 kBProgress (2): 4.5/7.4 MB | 16/247 kB Progress (2): 4.5/7.4 MB | 32/247 kBProgress (2): 4.5/7.4 MB | 32/247 kBProgress (2): 4.5/7.4 MB | 32/247 kBProgress (2): 4.6/7.4 MB | 32/247 kBProgress (2): 4.6/7.4 MB | 48/247 kBProgress (2): 4.6/7.4 MB | 65/247 kBProgress (2): 4.6/7.4 MB | 81/247 kBProgress (2): 4.6/7.4 MB | 97/247 kBProgress (2): 4.6/7.4 MB | 114/247 kBProgress (2): 4.6/7.4 MB | 130/247 kBProgress (2): 4.6/7.4 MB | 130/247 kBProgress (2): 4.6/7.4 MB | 130/247 kBProgress (2): 4.6/7.4 MB | 130/247 kBProgress (3): 4.6/7.4 MB | 130/247 kB | 7.7/62 kBProgress (3): 4.6/7.4 MB | 130/247 kB | 11/62 kB Progress (3): 4.6/7.4 MB | 130/247 kB | 28/62 kBProgress (3): 4.6/7.4 MB | 147/247 kB | 28/62 kBProgress (3): 4.6/7.4 MB | 163/247 kB | 28/62 kBProgress (3): 4.6/7.4 MB | 163/247 kB | 44/62 kBProgress (3): 4.6/7.4 MB | 163/247 kB | 61/62 kBProgress (3): 4.6/7.4 MB | 163/247 kB | 62 kB                                                Downloaded from central: https://repo.maven.apache.org/maven2/commons-logging/commons-logging/1.2/commons-logging-1.2.jar (62 kB at 248 kB/s)
#20 24.68 Downloading from central: https://repo.maven.apache.org/maven2/commons-collections/commons-collections/3.2.2/commons-collections-3.2.2.jar
#20 24.68 Progress (2): 4.6/7.4 MB | 179/247 kBProgress (2): 4.6/7.4 MB | 196/247 kBProgress (2): 4.6/7.4 MB | 212/247 kBProgress (3): 4.6/7.4 MB | 212/247 kB | 7.7/516 kBProgress (3): 4.6/7.4 MB | 212/247 kB | 16/516 kB Progress (3): 4.6/7.4 MB | 212/247 kB | 32/516 kBProgress (3): 4.6/7.4 MB | 212/247 kB | 48/516 kBProgress (3): 4.6/7.4 MB | 212/247 kB | 65/516 kBProgress (3): 4.6/7.4 MB | 212/247 kB | 81/516 kBProgress (3): 4.6/7.4 MB | 212/247 kB | 97/516 kBProgress (3): 4.6/7.4 MB | 212/247 kB | 114/516 kBProgress (3): 4.6/7.4 MB | 212/247 kB | 130/516 kBProgress (3): 4.6/7.4 MB | 228/247 kB | 130/516 kBProgress (3): 4.6/7.4 MB | 228/247 kB | 130/516 kBProgress (3): 4.6/7.4 MB | 245/247 kB | 130/516 kBProgress (3): 4.6/7.4 MB | 247 kB | 130/516 kB    Progress (3): 4.6/7.4 MB | 247 kB | 130/516 kBProgress (3): 4.7/7.4 MB | 247 kB | 130/516 kB                                              Downloaded from central: https://repo.maven.apache.org/maven2/commons-beanutils/commons-beanutils/1.9.4/commons-beanutils-1.9.4.jar (247 kB at 984 kB/s)
#20 24.69 Downloading from central: https://repo.maven.apache.org/maven2/org/apache/commons/commons-digester3/3.2/commons-digester3-3.2.jar
#20 24.69 Progress (2): 4.7/7.4 MB | 147/516 kBProgress (2): 4.7/7.4 MB | 163/516 kBProgress (2): 4.7/7.4 MB | 179/516 kBProgress (2): 4.7/7.4 MB | 179/516 kBProgress (2): 4.7/7.4 MB | 179/516 kBProgress (2): 4.7/7.4 MB | 179/516 kBProgress (2): 4.7/7.4 MB | 196/516 kBProgress (2): 4.7/7.4 MB | 212/516 kBProgress (2): 4.7/7.4 MB | 228/516 kBProgress (2): 4.7/7.4 MB | 245/516 kBProgress (2): 4.7/7.4 MB | 261/516 kBProgress (2): 4.7/7.4 MB | 278/516 kBProgress (2): 4.7/7.4 MB | 294/516 kBProgress (2): 4.7/7.4 MB | 294/516 kBProgress (2): 4.7/7.4 MB | 294/516 kBProgress (2): 4.8/7.4 MB | 294/516 kBProgress (2): 4.8/7.4 MB | 310/516 kBProgress (2): 4.8/7.4 MB | 327/516 kBProgress (2): 4.8/7.4 MB | 343/516 kBProgress (2): 4.8/7.4 MB | 360/516 kBProgress (2): 4.8/7.4 MB | 360/516 kBProgress (2): 4.8/7.4 MB | 360/516 kBProgress (2): 4.8/7.4 MB | 376/516 kBProgress (2): 4.8/7.4 MB | 376/516 kBProgress (2): 4.8/7.4 MB | 392/516 kBProgress (2): 4.8/7.4 MB | 409/516 kBProgress (2): 4.8/7.4 MB | 425/516 kBProgress (3): 4.8/7.4 MB | 425/516 kB | 7.7/217 kBProgress (3): 4.8/7.4 MB | 425/516 kB | 16/217 kB Progress (3): 4.8/7.4 MB | 425/516 kB | 32/217 kBProgress (3): 4.8/7.4 MB | 425/516 kB | 48/217 kBProgress (3): 4.8/7.4 MB | 441/516 kB | 48/217 kBProgress (3): 4.8/7.4 MB | 457/516 kB | 48/217 kBProgress (3): 4.8/7.4 MB | 474/516 kB | 48/217 kBProgress (3): 4.8/7.4 MB | 490/516 kB | 48/217 kBProgress (3): 4.8/7.4 MB | 490/516 kB | 65/217 kBProgress (3): 4.8/7.4 MB | 490/516 kB | 81/217 kBProgress (3): 4.8/7.4 MB | 490/516 kB | 81/217 kBProgress (3): 4.8/7.4 MB | 490/516 kB | 81/217 kBProgress (3): 4.9/7.4 MB | 490/516 kB | 81/217 kBProgress (3): 4.9/7.4 MB | 490/516 kB | 97/217 kBProgress (3): 4.9/7.4 MB | 490/516 kB | 114/217 kBProgress (3): 4.9/7.4 MB | 507/516 kB | 114/217 kBProgress (3): 4.9/7.4 MB | 507/516 kB | 130/217 kBProgress (3): 4.9/7.4 MB | 516 kB | 130/217 kB                                                  Downloaded from central: https://repo.maven.apache.org/maven2/org/apache/velocity/velocity-engine-core/2.4.1/velocity-engine-core-2.4.1.jar (516 kB at 2.0 MB/s)
#20 24.69 Downloading from central: https://repo.maven.apache.org/maven2/com/github/cliftonlabs/json-simple/3.0.2/json-simple-3.0.2.jar
#20 24.69 Progress (2): 4.9/7.4 MB | 147/217 kBProgress (2): 4.9/7.4 MB | 163/217 kBProgress (2): 4.9/7.4 MB | 179/217 kBProgress (2): 4.9/7.4 MB | 196/217 kBProgress (2): 4.9/7.4 MB | 196/217 kBProgress (2): 4.9/7.4 MB | 212/217 kBProgress (2): 4.9/7.4 MB | 212/217 kBProgress (2): 4.9/7.4 MB | 217 kB    Progress (2): 4.9/7.4 MB | 217 kB                                 Downloaded from central: https://repo.maven.apache.org/maven2/org/apache/velocity/tools/velocity-tools-generic/3.1/velocity-tools-generic-3.1.jar (217 kB at 838 kB/s)
#20 24.69 Progress (1): 4.9/7.4 MBProgress (1): 4.9/7.4 MBProgress (1): 5.0/7.4 MBProgress (1): 5.0/7.4 MBProgress (1): 5.0/7.4 MBProgress (1): 5.0/7.4 MBProgress (1): 5.0/7.4 MBProgress (1): 5.0/7.4 MBProgress (1): 5.0/7.4 MBProgress (1): 5.1/7.4 MBProgress (1): 5.1/7.4 MBProgress (1): 5.1/7.4 MBProgress (1): 5.1/7.4 MBProgress (1): 5.1/7.4 MBProgress (1): 5.1/7.4 MBProgress (1): 5.1/7.4 MBProgress (1): 5.2/7.4 MBProgress (1): 5.2/7.4 MBProgress (1): 5.2/7.4 MBProgress (1): 5.2/7.4 MBProgress (1): 5.2/7.4 MBProgress (1): 5.2/7.4 MBProgress (1): 5.3/7.4 MBProgress (1): 5.3/7.4 MBProgress (1): 5.3/7.4 MBProgress (1): 5.3/7.4 MBProgress (1): 5.3/7.4 MBProgress (1): 5.3/7.4 MBProgress (1): 5.4/7.4 MBProgress (1): 5.4/7.4 MBProgress (1): 5.4/7.4 MBProgress (1): 5.4/7.4 MBProgress (1): 5.4/7.4 MBProgress (1): 5.4/7.4 MBProgress (1): 5.5/7.4 MBProgress (1): 5.5/7.4 MBProgress (1): 5.5/7.4 MBProgress (1): 5.5/7.4 MBProgress (1): 5.5/7.4 MBProgress (1): 5.5/7.4 MBProgress (1): 5.6/7.4 MBProgress (1): 5.6/7.4 MBProgress (1): 5.6/7.4 MBProgress (1): 5.6/7.4 MBProgress (1): 5.6/7.4 MBProgress (1): 5.6/7.4 MBProgress (1): 5.6/7.4 MBProgress (1): 5.7/7.4 MBProgress (1): 5.7/7.4 MBProgress (1): 5.7/7.4 MBProgress (1): 5.7/7.4 MBProgress (1): 5.7/7.4 MBProgress (1): 5.7/7.4 MBProgress (1): 5.7/7.4 MBProgress (1): 5.8/7.4 MBProgress (1): 5.8/7.4 MBProgress (1): 5.8/7.4 MBProgress (1): 5.8/7.4 MBProgress (1): 5.8/7.4 MBProgress (1): 5.8/7.4 MBProgress (1): 5.9/7.4 MBProgress (1): 5.9/7.4 MBProgress (1): 5.9/7.4 MBProgress (1): 5.9/7.4 MBProgress (1): 5.9/7.4 MBProgress (2): 5.9/7.4 MB | 7.7/588 kBProgress (2): 5.9/7.4 MB | 11/588 kB Progress (2): 5.9/7.4 MB | 28/588 kBProgress (2): 5.9/7.4 MB | 44/588 kBProgress (2): 5.9/7.4 MB | 61/588 kBProgress (2): 5.9/7.4 MB | 77/588 kBProgress (2): 5.9/7.4 MB | 93/588 kBProgress (2): 5.9/7.4 MB | 110/588 kBProgress (2): 5.9/7.4 MB | 115/588 kBProgress (2): 5.9/7.4 MB | 131/588 kBProgress (2): 5.9/7.4 MB | 147/588 kBProgress (2): 5.9/7.4 MB | 164/588 kBProgress (2): 5.9/7.4 MB | 164/588 kBProgress (2): 6.0/7.4 MB | 164/588 kBProgress (2): 6.0/7.4 MB | 164/588 kBProgress (2): 6.0/7.4 MB | 180/588 kBProgress (2): 6.0/7.4 MB | 197/588 kBProgress (2): 6.0/7.4 MB | 213/588 kBProgress (2): 6.0/7.4 MB | 229/588 kBProgress (2): 6.0/7.4 MB | 246/588 kBProgress (2): 6.0/7.4 MB | 246/588 kBProgress (2): 6.0/7.4 MB | 246/588 kBProgress (2): 6.0/7.4 MB | 246/588 kBProgress (3): 6.0/7.4 MB | 246/588 kB | 7.7/242 kBProgress (3): 6.0/7.4 MB | 246/588 kB | 16/242 kB Progress (3): 6.0/7.4 MB | 246/588 kB | 28/242 kBProgress (3): 6.0/7.4 MB | 262/588 kB | 28/242 kBProgress (3): 6.0/7.4 MB | 262/588 kB | 44/242 kBProgress (3): 6.0/7.4 MB | 279/588 kB | 44/242 kBProgress (3): 6.0/7.4 MB | 295/588 kB | 44/242 kBProgress (3): 6.0/7.4 MB | 295/588 kB | 61/242 kBProgress (3): 6.0/7.4 MB | 295/588 kB | 77/242 kBProgress (3): 6.0/7.4 MB | 311/588 kB | 77/242 kBProgress (3): 6.0/7.4 MB | 328/588 kB | 77/242 kBProgress (3): 6.0/7.4 MB | 344/588 kB | 77/242 kBProgress (3): 6.0/7.4 MB | 360/588 kB | 77/242 kBProgress (3): 6.0/7.4 MB | 360/588 kB | 93/242 kBProgress (3): 6.0/7.4 MB | 360/588 kB | 110/242 kBProgress (3): 6.0/7.4 MB | 360/588 kB | 126/242 kBProgress (3): 6.0/7.4 MB | 360/588 kB | 126/242 kBProgress (3): 6.1/7.4 MB | 360/588 kB | 126/242 kBProgress (3): 6.1/7.4 MB | 360/588 kB | 126/242 kBProgress (3): 6.1/7.4 MB | 377/588 kB | 126/242 kBProgress (3): 6.1/7.4 MB | 377/588 kB | 142/242 kBProgress (3): 6.1/7.4 MB | 393/588 kB | 142/242 kBProgress (3): 6.1/7.4 MB | 393/588 kB | 159/242 kBProgress (3): 6.1/7.4 MB | 393/588 kB | 175/242 kBProgress (3): 6.1/7.4 MB | 410/588 kB | 175/242 kBProgress (3): 6.1/7.4 MB | 426/588 kB | 175/242 kBProgress (3): 6.1/7.4 MB | 426/588 kB | 192/242 kBProgress (3): 6.1/7.4 MB | 426/588 kB | 208/242 kBProgress (3): 6.1/7.4 MB | 442/588 kB | 208/242 kBProgress (3): 6.1/7.4 MB | 442/588 kB | 224/242 kBProgress (3): 6.1/7.4 MB | 442/588 kB | 241/242 kBProgress (3): 6.1/7.4 MB | 442/588 kB | 242 kB    Progress (3): 6.1/7.4 MB | 459/588 kB | 242 kB                                              Downloaded from central: https://repo.maven.apache.org/maven2/org/apache/commons/commons-digester3/3.2/commons-digester3-3.2.jar (242 kB at 851 kB/s)
#20 24.72 Progress (2): 6.1/7.4 MB | 475/588 kBProgress (2): 6.1/7.4 MB | 492/588 kBProgress (2): 6.1/7.4 MB | 492/588 kBProgress (2): 6.1/7.4 MB | 508/588 kBProgress (2): 6.1/7.4 MB | 508/588 kBProgress (2): 6.1/7.4 MB | 508/588 kBProgress (2): 6.1/7.4 MB | 524/588 kBProgress (2): 6.1/7.4 MB | 541/588 kBProgress (2): 6.1/7.4 MB | 557/588 kBProgress (2): 6.1/7.4 MB | 573/588 kBProgress (2): 6.1/7.4 MB | 588 kB                                     Downloaded from central: https://repo.maven.apache.org/maven2/commons-collections/commons-collections/3.2.2/commons-collections-3.2.2.jar (588 kB at 2.1 MB/s)
#20 24.72 Progress (1): 6.1/7.4 MBProgress (1): 6.2/7.4 MBProgress (1): 6.2/7.4 MBProgress (1): 6.2/7.4 MBProgress (1): 6.2/7.4 MBProgress (1): 6.2/7.4 MBProgress (1): 6.2/7.4 MBProgress (1): 6.2/7.4 MBProgress (1): 6.3/7.4 MBProgress (1): 6.3/7.4 MBProgress (1): 6.3/7.4 MBProgress (1): 6.3/7.4 MBProgress (1): 6.3/7.4 MBProgress (1): 6.3/7.4 MBProgress (1): 6.4/7.4 MBProgress (1): 6.4/7.4 MBProgress (1): 6.4/7.4 MBProgress (1): 6.4/7.4 MBProgress (1): 6.4/7.4 MBProgress (1): 6.4/7.4 MBProgress (1): 6.5/7.4 MBProgress (1): 6.5/7.4 MBProgress (1): 6.5/7.4 MBProgress (1): 6.5/7.4 MBProgress (1): 6.5/7.4 MBProgress (1): 6.5/7.4 MBProgress (1): 6.6/7.4 MBProgress (1): 6.6/7.4 MBProgress (1): 6.6/7.4 MBProgress (1): 6.6/7.4 MBProgress (1): 6.6/7.4 MBProgress (1): 6.6/7.4 MBProgress (1): 6.7/7.4 MBProgress (1): 6.7/7.4 MBProgress (1): 6.7/7.4 MBProgress (1): 6.7/7.4 MBProgress (1): 6.7/7.4 MBProgress (1): 6.7/7.4 MBProgress (1): 6.8/7.4 MBProgress (1): 6.8/7.4 MBProgress (1): 6.8/7.4 MBProgress (1): 6.8/7.4 MBProgress (1): 6.8/7.4 MBProgress (1): 6.8/7.4 MBProgress (1): 6.9/7.4 MBProgress (1): 6.9/7.4 MBProgress (1): 6.9/7.4 MBProgress (1): 6.9/7.4 MBProgress (1): 6.9/7.4 MBProgress (1): 6.9/7.4 MBProgress (1): 6.9/7.4 MBProgress (1): 7.0/7.4 MBProgress (1): 7.0/7.4 MBProgress (1): 7.0/7.4 MBProgress (2): 7.0/7.4 MB | 7.7/35 kBProgress (2): 7.0/7.4 MB | 16/35 kB Progress (2): 7.0/7.4 MB | 32/35 kBProgress (2): 7.0/7.4 MB | 35 kB                                   Downloaded from central: https://repo.maven.apache.org/maven2/com/github/cliftonlabs/json-simple/3.0.2/json-simple-3.0.2.jar (35 kB at 119 kB/s)
#20 24.73 Progress (1): 7.0/7.4 MBProgress (1): 7.0/7.4 MBProgress (1): 7.0/7.4 MBProgress (1): 7.1/7.4 MBProgress (1): 7.1/7.4 MBProgress (1): 7.1/7.4 MBProgress (1): 7.1/7.4 MBProgress (1): 7.1/7.4 MBProgress (1): 7.1/7.4 MBProgress (1): 7.2/7.4 MBProgress (1): 7.2/7.4 MBProgress (1): 7.2/7.4 MBProgress (1): 7.2/7.4 MBProgress (1): 7.2/7.4 MBProgress (1): 7.2/7.4 MBProgress (1): 7.2/7.4 MBProgress (1): 7.3/7.4 MBProgress (1): 7.3/7.4 MBProgress (1): 7.3/7.4 MBProgress (1): 7.3/7.4 MBProgress (1): 7.3/7.4 MBProgress (1): 7.3/7.4 MBProgress (1): 7.4/7.4 MBProgress (1): 7.4/7.4 MBProgress (1): 7.4/7.4 MBProgress (1): 7.4 MB                        Downloaded from central: https://repo.maven.apache.org/maven2/com/github/luben/zstd-jni/1.5.7-6/zstd-jni-1.5.7-6.jar (7.4 MB at 25 MB/s)
#20 24.90 Downloading from central: https://repo.maven.apache.org/maven2/org/graalvm/sdk/nativebridge/25.3.4.1/nativebridge-25.3.4.1.pom
#20 24.93 Progress (1): 1.2 kBProgress (1): 1.4 kB                    Downloaded from central: https://repo.maven.apache.org/maven2/org/graalvm/sdk/nativebridge/25.3.4.1/nativebridge-25.3.4.1.pom (1.4 kB at 48 kB/s)
#20 24.93 Downloading from central: https://repo.maven.apache.org/maven2/org/graalvm/sdk/nativebridge/25.3.4.1/nativebridge-25.3.4.1.jar
#20 24.96 Progress (1): 7.7/291 kBProgress (1): 8.2/291 kBProgress (1): 25/291 kB Progress (1): 41/291 kBProgress (1): 57/291 kBProgress (1): 74/291 kBProgress (1): 90/291 kBProgress (1): 106/291 kBProgress (1): 123/291 kBProgress (1): 139/291 kBProgress (1): 156/291 kBProgress (1): 172/291 kBProgress (1): 188/291 kBProgress (1): 205/291 kBProgress (1): 221/291 kBProgress (1): 229/291 kBProgress (1): 246/291 kBProgress (1): 262/291 kBProgress (1): 279/291 kBProgress (1): 291 kB                        Downloaded from central: https://repo.maven.apache.org/maven2/org/graalvm/sdk/nativebridge/25.3.4.1/nativebridge-25.3.4.1.jar (291 kB at 9.4 MB/s)
#20 24.97 [INFO] 
#20 24.97 [INFO] --- jar:3.4.2:jar (default-jar) @ protos ---
#20 24.97 Downloading from central: https://repo.maven.apache.org/maven2/org/apache/maven/shared/file-management/3.1.0/file-management-3.1.0.pom
#20 25.00 Progress (1): 794 BProgress (1): 2.2 kBProgress (1): 4.4 kBProgress (1): 4.5 kB                    Downloaded from central: https://repo.maven.apache.org/maven2/org/apache/maven/shared/file-management/3.1.0/file-management-3.1.0.pom (4.5 kB at 160 kB/s)
#20 25.00 Downloading from central: https://repo.maven.apache.org/maven2/org/apache/maven/shared/maven-shared-components/36/maven-shared-components-36.pom
#20 25.03 Progress (1): 781 BProgress (1): 2.3 kBProgress (1): 4.5 kBProgress (1): 4.9 kB                    Downloaded from central: https://repo.maven.apache.org/maven2/org/apache/maven/shared/maven-shared-components/36/maven-shared-components-36.pom (4.9 kB at 175 kB/s)
#20 25.03 Downloading from central: https://repo.maven.apache.org/maven2/org/apache/maven/maven-parent/36/maven-parent-36.pom
#20 25.06 Progress (1): 725 BProgress (1): 1.9 kBProgress (1): 5.4 kBProgress (1): 9.7 kBProgress (1): 14 kB Progress (1): 19 kBProgress (1): 23 kBProgress (1): 26 kBProgress (1): 28 kBProgress (1): 30 kBProgress (1): 34 kBProgress (1): 37 kBProgress (1): 40 kBProgress (1): 45 kBProgress (1): 45 kB                   Downloaded from central: https://repo.maven.apache.org/maven2/org/apache/maven/maven-parent/36/maven-parent-36.pom (45 kB at 1.5 MB/s)
#20 25.06 Downloading from central: https://repo.maven.apache.org/maven2/org/apache/apache/26/apache-26.pom
#20 25.09 Progress (1): 744 BProgress (1): 2.1 kBProgress (1): 3.9 kBProgress (1): 7.3 kBProgress (1): 12 kB Progress (1): 16 kBProgress (1): 19 kBProgress (1): 21 kB                   Downloaded from central: https://repo.maven.apache.org/maven2/org/apache/apache/26/apache-26.pom (21 kB at 685 kB/s)
#20 25.09 Downloading from central: https://repo.maven.apache.org/maven2/org/codehaus/plexus/plexus-utils/4.0.1/plexus-utils-4.0.1.pom
#20 25.12 Progress (1): 729 BProgress (1): 2.2 kBProgress (1): 4.3 kBProgress (1): 7.8 kB                    Downloaded from central: https://repo.maven.apache.org/maven2/org/codehaus/plexus/plexus-utils/4.0.1/plexus-utils-4.0.1.pom (7.8 kB at 290 kB/s)
#20 25.12 Downloading from central: https://repo.maven.apache.org/maven2/commons-io/commons-io/2.16.1/commons-io-2.16.1.pom
#20 25.15 Progress (1): 762 BProgress (1): 2.0 kBProgress (1): 4.9 kBProgress (1): 6.7 kBProgress (1): 8.8 kBProgress (1): 12 kB Progress (1): 15 kBProgress (1): 18 kBProgress (1): 20 kB                   Downloaded from central: https://repo.maven.apache.org/maven2/commons-io/commons-io/2.16.1/commons-io-2.16.1.pom (20 kB at 727 kB/s)
#20 25.15 Downloading from central: https://repo.maven.apache.org/maven2/org/apache/maven/shared/file-management/3.1.0/file-management-3.1.0.jar
#20 25.18 Progress (1): 4.1/36 kBProgress (1): 20/36 kB Progress (1): 36 kB                      Downloaded from central: https://repo.maven.apache.org/maven2/org/apache/maven/shared/file-management/3.1.0/file-management-3.1.0.jar (36 kB at 1.3 MB/s)
#20 25.18 Downloading from central: https://repo.maven.apache.org/maven2/org/codehaus/plexus/plexus-utils/4.0.1/plexus-utils-4.0.1.jar
#20 25.18 Downloading from central: https://repo.maven.apache.org/maven2/commons-io/commons-io/2.16.1/commons-io-2.16.1.jar
#20 25.18 Downloading from central: https://repo.maven.apache.org/maven2/org/codehaus/plexus/plexus-archiver/4.9.2/plexus-archiver-4.9.2.jar
#20 25.18 Downloading from central: https://repo.maven.apache.org/maven2/org/codehaus/plexus/plexus-io/3.4.2/plexus-io-3.4.2.jar
#20 25.18 Downloading from central: https://repo.maven.apache.org/maven2/org/apache/commons/commons-compress/1.26.1/commons-compress-1.26.1.jar
#20 25.20 Progress (1): 3.2/509 kBProgress (1): 20/509 kB Progress (1): 36/509 kBProgress (1): 52/509 kBProgress (1): 61/509 kBProgress (1): 77/509 kBProgress (1): 93/509 kBProgress (1): 110/509 kBProgress (1): 126/509 kBProgress (2): 126/509 kB | 7.7/79 kBProgress (2): 126/509 kB | 16/79 kB Progress (2): 126/509 kB | 32/79 kBProgress (2): 142/509 kB | 32/79 kBProgress (2): 159/509 kB | 32/79 kBProgress (2): 175/509 kB | 32/79 kBProgress (2): 175/509 kB | 49/79 kBProgress (2): 175/509 kB | 61/79 kBProgress (2): 192/509 kB | 61/79 kBProgress (2): 208/509 kB | 61/79 kBProgress (2): 208/509 kB | 77/79 kBProgress (2): 208/509 kB | 79 kB   Progress (2): 224/509 kB | 79 kBProgress (2): 241/509 kB | 79 kBProgress (2): 254/509 kB | 79 kBProgress (2): 270/509 kB | 79 kB                                Downloaded from central: https://repo.maven.apache.org/maven2/org/codehaus/plexus/plexus-io/3.4.2/plexus-io-3.4.2.jar (79 kB at 2.9 MB/s)
#20 25.20 Downloading from central: https://repo.maven.apache.org/maven2/org/apache/commons/commons-lang3/3.14.0/commons-lang3-3.14.0.jar
#20 25.20 Progress (1): 287/509 kBProgress (1): 303/509 kBProgress (1): 319/509 kBProgress (1): 336/509 kBProgress (1): 352/509 kBProgress (1): 369/509 kBProgress (1): 385/509 kBProgress (1): 401/509 kBProgress (1): 418/509 kBProgress (1): 434/509 kBProgress (1): 451/509 kBProgress (1): 467/509 kBProgress (1): 483/509 kBProgress (1): 500/509 kBProgress (1): 509 kB    Progress (2): 509 kB | 7.7/225 kBProgress (2): 509 kB | 12/225 kB Progress (2): 509 kB | 29/225 kBProgress (2): 509 kB | 45/225 kB                                Downloaded from central: https://repo.maven.apache.org/maven2/commons-io/commons-io/2.16.1/commons-io-2.16.1.jar (509 kB at 18 MB/s)
#20 25.21 Downloading from central: https://repo.maven.apache.org/maven2/commons-codec/commons-codec/1.16.1/commons-codec-1.16.1.jar
#20 25.21 Progress (1): 61/225 kBProgress (1): 78/225 kBProgress (1): 94/225 kBProgress (1): 111/225 kBProgress (1): 127/225 kBProgress (1): 143/225 kBProgress (1): 160/225 kBProgress (2): 160/225 kB | 0/1.1 MBProgress (2): 160/225 kB | 0/1.1 MBProgress (2): 160/225 kB | 0/1.1 MBProgress (2): 160/225 kB | 0/1.1 MBProgress (2): 176/225 kB | 0/1.1 MBProgress (2): 193/225 kB | 0/1.1 MBProgress (2): 209/225 kB | 0/1.1 MBProgress (2): 209/225 kB | 0.1/1.1 MBProgress (2): 209/225 kB | 0.1/1.1 MBProgress (2): 209/225 kB | 0.1/1.1 MBProgress (2): 209/225 kB | 0.1/1.1 MBProgress (2): 209/225 kB | 0.1/1.1 MBProgress (2): 225 kB | 0.1/1.1 MB    Progress (2): 225 kB | 0.1/1.1 MBProgress (2): 225 kB | 0.2/1.1 MB                                 Downloaded from central: https://repo.maven.apache.org/maven2/org/codehaus/plexus/plexus-archiver/4.9.2/plexus-archiver-4.9.2.jar (225 kB at 7.0 MB/s)
#20 25.21 Downloading from central: https://repo.maven.apache.org/maven2/org/iq80/snappy/snappy/0.4/snappy-0.4.jar
#20 25.21 Progress (1): 0.2/1.1 MBProgress (1): 0.2/1.1 MBProgress (1): 0.2/1.1 MBProgress (1): 0.2/1.1 MBProgress (1): 0.2/1.1 MBProgress (1): 0.3/1.1 MBProgress (1): 0.3/1.1 MBProgress (1): 0.3/1.1 MBProgress (2): 0.3/1.1 MB | 7.7/193 kBProgress (2): 0.3/1.1 MB | 11/193 kB Progress (2): 0.3/1.1 MB | 28/193 kBProgress (2): 0.3/1.1 MB | 28/193 kBProgress (2): 0.3/1.1 MB | 28/193 kBProgress (2): 0.3/1.1 MB | 28/193 kBProgress (2): 0.4/1.1 MB | 28/193 kBProgress (2): 0.4/1.1 MB | 44/193 kBProgress (2): 0.4/1.1 MB | 61/193 kBProgress (2): 0.4/1.1 MB | 77/193 kBProgress (2): 0.4/1.1 MB | 93/193 kBProgress (2): 0.4/1.1 MB | 110/193 kBProgress (2): 0.4/1.1 MB | 110/193 kBProgress (2): 0.4/1.1 MB | 110/193 kBProgress (2): 0.4/1.1 MB | 110/193 kBProgress (2): 0.4/1.1 MB | 110/193 kBProgress (2): 0.4/1.1 MB | 126/193 kBProgress (2): 0.4/1.1 MB | 142/193 kBProgress (2): 0.4/1.1 MB | 159/193 kBProgress (2): 0.4/1.1 MB | 159/193 kBProgress (2): 0.5/1.1 MB | 159/193 kBProgress (2): 0.5/1.1 MB | 159/193 kBProgress (2): 0.5/1.1 MB | 159/193 kBProgress (2): 0.5/1.1 MB | 175/193 kBProgress (2): 0.5/1.1 MB | 192/193 kBProgress (2): 0.5/1.1 MB | 193 kB                                     Downloaded from central: https://repo.maven.apache.org/maven2/org/codehaus/plexus/plexus-utils/4.0.1/plexus-utils-4.0.1.jar (193 kB at 5.2 MB/s)
#20 25.21 Downloading from central: https://repo.maven.apache.org/maven2/org/tukaani/xz/1.9/xz-1.9.jar
#20 25.21 Progress (1): 0.5/1.1 MBProgress (1): 0.5/1.1 MBProgress (1): 0.5/1.1 MBProgress (1): 0.6/1.1 MBProgress (1): 0.6/1.1 MBProgress (1): 0.6/1.1 MBProgress (1): 0.6/1.1 MBProgress (1): 0.6/1.1 MBProgress (1): 0.6/1.1 MBProgress (1): 0.7/1.1 MBProgress (1): 0.7/1.1 MBProgress (1): 0.7/1.1 MBProgress (1): 0.7/1.1 MBProgress (1): 0.7/1.1 MBProgress (1): 0.7/1.1 MBProgress (1): 0.8/1.1 MBProgress (1): 0.8/1.1 MBProgress (1): 0.8/1.1 MBProgress (1): 0.8/1.1 MBProgress (1): 0.8/1.1 MBProgress (1): 0.8/1.1 MBProgress (1): 0.9/1.1 MBProgress (1): 0.9/1.1 MBProgress (1): 0.9/1.1 MBProgress (1): 0.9/1.1 MBProgress (1): 0.9/1.1 MBProgress (1): 0.9/1.1 MBProgress (1): 0.9/1.1 MBProgress (1): 1.0/1.1 MBProgress (1): 1.0/1.1 MBProgress (1): 1.0/1.1 MBProgress (1): 1.0/1.1 MBProgress (1): 1.0/1.1 MBProgress (1): 1.0/1.1 MBProgress (1): 1.1/1.1 MBProgress (1): 1.1 MB                        Downloaded from central: https://repo.maven.apache.org/maven2/org/apache/commons/commons-compress/1.26.1/commons-compress-1.26.1.jar (1.1 MB at 26 MB/s)
#20 25.22 Downloading from central: https://repo.maven.apache.org/maven2/com/github/luben/zstd-jni/1.5.5-11/zstd-jni-1.5.5-11.jar
#20 25.23 Progress (1): 7.7/658 kBProgress (1): 11/658 kB Progress (1): 28/658 kBProgress (1): 44/658 kBProgress (1): 61/658 kBProgress (1): 77/658 kBProgress (1): 93/658 kBProgress (1): 97/658 kBProgress (1): 113/658 kBProgress (1): 130/658 kBProgress (1): 146/658 kBProgress (1): 163/658 kBProgress (1): 179/658 kBProgress (1): 195/658 kBProgress (1): 212/658 kBProgress (1): 228/658 kBProgress (1): 245/658 kBProgress (1): 261/658 kBProgress (1): 277/658 kBProgress (1): 294/658 kBProgress (2): 294/658 kB | 7.7/365 kBProgress (2): 294/658 kB | 11/365 kB Progress (2): 294/658 kB | 28/365 kBProgress (2): 294/658 kB | 44/365 kBProgress (2): 294/658 kB | 61/365 kBProgress (2): 294/658 kB | 77/365 kBProgress (2): 294/658 kB | 93/365 kBProgress (2): 294/658 kB | 110/365 kBProgress (2): 310/658 kB | 110/365 kBProgress (2): 326/658 kB | 110/365 kBProgress (2): 326/658 kB | 126/365 kBProgress (2): 343/658 kB | 126/365 kBProgress (2): 359/658 kB | 126/365 kBProgress (2): 359/658 kB | 142/365 kBProgress (2): 359/658 kB | 159/365 kBProgress (2): 359/658 kB | 175/365 kBProgress (2): 359/658 kB | 192/365 kBProgress (2): 359/658 kB | 208/365 kBProgress (2): 359/658 kB | 224/365 kBProgress (2): 359/658 kB | 233/365 kBProgress (2): 359/658 kB | 250/365 kBProgress (2): 376/658 kB | 250/365 kBProgress (2): 376/658 kB | 266/365 kBProgress (2): 376/658 kB | 282/365 kBProgress (2): 392/658 kB | 282/365 kBProgress (2): 397/658 kB | 282/365 kBProgress (2): 397/658 kB | 299/365 kBProgress (2): 413/658 kB | 299/365 kBProgress (2): 413/658 kB | 315/365 kBProgress (2): 430/658 kB | 315/365 kBProgress (2): 430/658 kB | 331/365 kBProgress (2): 430/658 kB | 348/365 kBProgress (2): 430/658 kB | 364/365 kBProgress (2): 430/658 kB | 365 kB                                     Downloaded from central: https://repo.maven.apache.org/maven2/commons-codec/commons-codec/1.16.1/commons-codec-1.16.1.jar (365 kB at 6.4 MB/s)
#20 25.24 Progress (1): 446/658 kBProgress (1): 463/658 kBProgress (1): 479/658 kBProgress (1): 495/658 kBProgress (1): 512/658 kBProgress (1): 528/658 kBProgress (1): 544/658 kBProgress (1): 561/658 kBProgress (1): 577/658 kBProgress (1): 594/658 kBProgress (1): 610/658 kBProgress (1): 626/658 kBProgress (1): 643/658 kBProgress (1): 658 kB                        Downloaded from central: https://repo.maven.apache.org/maven2/org/apache/commons/commons-lang3/3.14.0/commons-lang3-3.14.0.jar (658 kB at 11 MB/s)
#20 25.24 Progress (1): 3.2/58 kBProgress (1): 20/58 kB Progress (1): 28/58 kBProgress (1): 44/58 kBProgress (1): 58 kB                      Downloaded from central: https://repo.maven.apache.org/maven2/org/iq80/snappy/snappy/0.4/snappy-0.4.jar (58 kB at 920 kB/s)
#20 25.26 Progress (1): 0/6.8 MBProgress (1): 0/6.8 MBProgress (1): 0/6.8 MBProgress (1): 0/6.8 MBProgress (1): 0.1/6.8 MBProgress (1): 0.1/6.8 MBProgress (1): 0.1/6.8 MBProgress (1): 0.1/6.8 MBProgress (1): 0.1/6.8 MBProgress (1): 0.1/6.8 MBProgress (1): 0.2/6.8 MBProgress (1): 0.2/6.8 MBProgress (1): 0.2/6.8 MBProgress (1): 0.2/6.8 MBProgress (1): 0.2/6.8 MBProgress (1): 0.2/6.8 MBProgress (1): 0.3/6.8 MBProgress (1): 0.3/6.8 MBProgress (1): 0.3/6.8 MBProgress (1): 0.3/6.8 MBProgress (1): 0.3/6.8 MBProgress (1): 0.3/6.8 MBProgress (1): 0.4/6.8 MBProgress (1): 0.4/6.8 MBProgress (1): 0.4/6.8 MBProgress (1): 0.4/6.8 MBProgress (1): 0.4/6.8 MBProgress (1): 0.4/6.8 MBProgress (1): 0.4/6.8 MBProgress (1): 0.5/6.8 MBProgress (1): 0.5/6.8 MBProgress (1): 0.5/6.8 MBProgress (1): 0.5/6.8 MBProgress (1): 0.5/6.8 MBProgress (1): 0.5/6.8 MBProgress (1): 0.6/6.8 MBProgress (1): 0.6/6.8 MBProgress (1): 0.6/6.8 MBProgress (1): 0.6/6.8 MBProgress (1): 0.6/6.8 MBProgress (1): 0.6/6.8 MBProgress (1): 0.7/6.8 MBProgress (1): 0.7/6.8 MBProgress (1): 0.7/6.8 MBProgress (1): 0.7/6.8 MBProgress (1): 0.7/6.8 MBProgress (1): 0.7/6.8 MBProgress (1): 0.8/6.8 MBProgress (1): 0.8/6.8 MBProgress (1): 0.8/6.8 MBProgress (1): 0.8/6.8 MBProgress (1): 0.8/6.8 MBProgress (1): 0.8/6.8 MBProgress (1): 0.8/6.8 MBProgress (1): 0.9/6.8 MBProgress (1): 0.9/6.8 MBProgress (1): 0.9/6.8 MBProgress (1): 0.9/6.8 MBProgress (1): 0.9/6.8 MBProgress (1): 0.9/6.8 MBProgress (1): 0.9/6.8 MBProgress (1): 1.0/6.8 MBProgress (1): 1.0/6.8 MBProgress (1): 1.0/6.8 MBProgress (2): 1.0/6.8 MB | 7.7/116 kBProgress (2): 1.0/6.8 MB | 16/116 kB Progress (2): 1.0/6.8 MB | 24/116 kBProgress (2): 1.0/6.8 MB | 24/116 kBProgress (2): 1.0/6.8 MB | 24/116 kBProgress (2): 1.0/6.8 MB | 24/116 kBProgress (2): 1.0/6.8 MB | 40/116 kBProgress (2): 1.1/6.8 MB | 40/116 kBProgress (2): 1.1/6.8 MB | 57/116 kBProgress (2): 1.1/6.8 MB | 73/116 kBProgress (2): 1.1/6.8 MB | 90/116 kBProgress (2): 1.1/6.8 MB | 90/116 kBProgress (2): 1.1/6.8 MB | 90/116 kBProgress (2): 1.1/6.8 MB | 90/116 kBProgress (2): 1.1/6.8 MB | 90/116 kBProgress (2): 1.1/6.8 MB | 90/116 kBProgress (2): 1.1/6.8 MB | 106/116 kBProgress (2): 1.1/6.8 MB | 116 kB                                     Downloaded from central: https://repo.maven.apache.org/maven2/org/tukaani/xz/1.9/xz-1.9.jar (116 kB at 1.3 MB/s)
#20 25.27 Progress (1): 1.1/6.8 MBProgress (1): 1.2/6.8 MBProgress (1): 1.2/6.8 MBProgress (1): 1.2/6.8 MBProgress (1): 1.2/6.8 MBProgress (1): 1.2/6.8 MBProgress (1): 1.2/6.8 MBProgress (1): 1.2/6.8 MBProgress (1): 1.3/6.8 MBProgress (1): 1.3/6.8 MBProgress (1): 1.3/6.8 MBProgress (1): 1.3/6.8 MBProgress (1): 1.3/6.8 MBProgress (1): 1.3/6.8 MBProgress (1): 1.4/6.8 MBProgress (1): 1.4/6.8 MBProgress (1): 1.4/6.8 MBProgress (1): 1.4/6.8 MBProgress (1): 1.4/6.8 MBProgress (1): 1.4/6.8 MBProgress (1): 1.5/6.8 MBProgress (1): 1.5/6.8 MBProgress (1): 1.5/6.8 MBProgress (1): 1.5/6.8 MBProgress (1): 1.5/6.8 MBProgress (1): 1.5/6.8 MBProgress (1): 1.5/6.8 MBProgress (1): 1.6/6.8 MBProgress (1): 1.6/6.8 MBProgress (1): 1.6/6.8 MBProgress (1): 1.6/6.8 MBProgress (1): 1.6/6.8 MBProgress (1): 1.6/6.8 MBProgress (1): 1.7/6.8 MBProgress (1): 1.7/6.8 MBProgress (1): 1.7/6.8 MBProgress (1): 1.7/6.8 MBProgress (1): 1.7/6.8 MBProgress (1): 1.7/6.8 MBProgress (1): 1.8/6.8 MBProgress (1): 1.8/6.8 MBProgress (1): 1.8/6.8 MBProgress (1): 1.8/6.8 MBProgress (1): 1.8/6.8 MBProgress (1): 1.8/6.8 MBProgress (1): 1.9/6.8 MBProgress (1): 1.9/6.8 MBProgress (1): 1.9/6.8 MBProgress (1): 1.9/6.8 MBProgress (1): 1.9/6.8 MBProgress (1): 1.9/6.8 MBProgress (1): 2.0/6.8 MBProgress (1): 2.0/6.8 MBProgress (1): 2.0/6.8 MBProgress (1): 2.0/6.8 MBProgress (1): 2.0/6.8 MBProgress (1): 2.0/6.8 MBProgress (1): 2.1/6.8 MBProgress (1): 2.1/6.8 MBProgress (1): 2.1/6.8 MBProgress (1): 2.1/6.8 MBProgress (1): 2.1/6.8 MBProgress (1): 2.1/6.8 MBProgress (1): 2.2/6.8 MBProgress (1): 2.2/6.8 MBProgress (1): 2.2/6.8 MBProgress (1): 2.2/6.8 MBProgress (1): 2.2/6.8 MBProgress (1): 2.2/6.8 MBProgress (1): 2.3/6.8 MBProgress (1): 2.3/6.8 MBProgress (1): 2.3/6.8 MBProgress (1): 2.3/6.8 MBProgress (1): 2.3/6.8 MBProgress (1): 2.3/6.8 MBProgress (1): 2.4/6.8 MBProgress (1): 2.4/6.8 MBProgress (1): 2.4/6.8 MBProgress (1): 2.4/6.8 MBProgress (1): 2.4/6.8 MBProgress (1): 2.4/6.8 MBProgress (1): 2.4/6.8 MBProgress (1): 2.5/6.8 MBProgress (1): 2.5/6.8 MBProgress (1): 2.5/6.8 MBProgress (1): 2.5/6.8 MBProgress (1): 2.5/6.8 MBProgress (1): 2.5/6.8 MBProgress (1): 2.6/6.8 MBProgress (1): 2.6/6.8 MBProgress (1): 2.6/6.8 MBProgress (1): 2.6/6.8 MBProgress (1): 2.6/6.8 MBProgress (1): 2.6/6.8 MBProgress (1): 2.7/6.8 MBProgress (1): 2.7/6.8 MBProgress (1): 2.7/6.8 MBProgress (1): 2.7/6.8 MBProgress (1): 2.7/6.8 MBProgress (1): 2.7/6.8 MBProgress (1): 2.8/6.8 MBProgress (1): 2.8/6.8 MBProgress (1): 2.8/6.8 MBProgress (1): 2.8/6.8 MBProgress (1): 2.8/6.8 MBProgress (1): 2.8/6.8 MBProgress (1): 2.8/6.8 MBProgress (1): 2.9/6.8 MBProgress (1): 2.9/6.8 MBProgress (1): 2.9/6.8 MBProgress (1): 2.9/6.8 MBProgress (1): 2.9/6.8 MBProgress (1): 2.9/6.8 MBProgress (1): 3.0/6.8 MBProgress (1): 3.0/6.8 MBProgress (1): 3.0/6.8 MBProgress (1): 3.0/6.8 MBProgress (1): 3.0/6.8 MBProgress (1): 3.0/6.8 MBProgress (1): 3.1/6.8 MBProgress (1): 3.1/6.8 MBProgress (1): 3.1/6.8 MBProgress (1): 3.1/6.8 MBProgress (1): 3.1/6.8 MBProgress (1): 3.1/6.8 MBProgress (1): 3.2/6.8 MBProgress (1): 3.2/6.8 MBProgress (1): 3.2/6.8 MBProgress (1): 3.2/6.8 MBProgress (1): 3.2/6.8 MBProgress (1): 3.2/6.8 MBProgress (1): 3.2/6.8 MBProgress (1): 3.3/6.8 MBProgress (1): 3.3/6.8 MBProgress (1): 3.3/6.8 MBProgress (1): 3.3/6.8 MBProgress (1): 3.3/6.8 MBProgress (1): 3.3/6.8 MBProgress (1): 3.4/6.8 MBProgress (1): 3.4/6.8 MBProgress (1): 3.4/6.8 MBProgress (1): 3.4/6.8 MBProgress (1): 3.4/6.8 MBProgress (1): 3.4/6.8 MBProgress (1): 3.5/6.8 MBProgress (1): 3.5/6.8 MBProgress (1): 3.5/6.8 MBProgress (1): 3.5/6.8 MBProgress (1): 3.5/6.8 MBProgress (1): 3.5/6.8 MBProgress (1): 3.6/6.8 MBProgress (1): 3.6/6.8 MBProgress (1): 3.6/6.8 MBProgress (1): 3.6/6.8 MBProgress (1): 3.6/6.8 MBProgress (1): 3.6/6.8 MBProgress (1): 3.7/6.8 MBProgress (1): 3.7/6.8 MBProgress (1): 3.7/6.8 MBProgress (1): 3.7/6.8 MBProgress (1): 3.7/6.8 MBProgress (1): 3.7/6.8 MBProgress (1): 3.8/6.8 MBProgress (1): 3.8/6.8 MBProgress (1): 3.8/6.8 MBProgress (1): 3.8/6.8 MBProgress (1): 3.8/6.8 MBProgress (1): 3.8/6.8 MBProgress (1): 3.8/6.8 MBProgress (1): 3.9/6.8 MBProgress (1): 3.9/6.8 MBProgress (1): 3.9/6.8 MBProgress (1): 3.9/6.8 MBProgress (1): 3.9/6.8 MBProgress (1): 3.9/6.8 MBProgress (1): 4.0/6.8 MBProgress (1): 4.0/6.8 MBProgress (1): 4.0/6.8 MBProgress (1): 4.0/6.8 MBProgress (1): 4.0/6.8 MBProgress (1): 4.0/6.8 MBProgress (1): 4.1/6.8 MBProgress (1): 4.1/6.8 MBProgress (1): 4.1/6.8 MBProgress (1): 4.1/6.8 MBProgress (1): 4.1/6.8 MBProgress (1): 4.1/6.8 MBProgress (1): 4.2/6.8 MBProgress (1): 4.2/6.8 MBProgress (1): 4.2/6.8 MBProgress (1): 4.2/6.8 MBProgress (1): 4.2/6.8 MBProgress (1): 4.2/6.8 MBProgress (1): 4.2/6.8 MBProgress (1): 4.3/6.8 MBProgress (1): 4.3/6.8 MBProgress (1): 4.3/6.8 MBProgress (1): 4.3/6.8 MBProgress (1): 4.3/6.8 MBProgress (1): 4.3/6.8 MBProgress (1): 4.4/6.8 MBProgress (1): 4.4/6.8 MBProgress (1): 4.4/6.8 MBProgress (1): 4.4/6.8 MBProgress (1): 4.4/6.8 MBProgress (1): 4.4/6.8 MBProgress (1): 4.4/6.8 MBProgress (1): 4.5/6.8 MBProgress (1): 4.5/6.8 MBProgress (1): 4.5/6.8 MBProgress (1): 4.5/6.8 MBProgress (1): 4.5/6.8 MBProgress (1): 4.5/6.8 MBProgress (1): 4.6/6.8 MBProgress (1): 4.6/6.8 MBProgress (1): 4.6/6.8 MBProgress (1): 4.6/6.8 MBProgress (1): 4.6/6.8 MBProgress (1): 4.6/6.8 MBProgress (1): 4.6/6.8 MBProgress (1): 4.7/6.8 MBProgress (1): 4.7/6.8 MBProgress (1): 4.7/6.8 MBProgress (1): 4.7/6.8 MBProgress (1): 4.7/6.8 MBProgress (1): 4.7/6.8 MBProgress (1): 4.8/6.8 MBProgress (1): 4.8/6.8 MBProgress (1): 4.8/6.8 MBProgress (1): 4.8/6.8 MBProgress (1): 4.8/6.8 MBProgress (1): 4.8/6.8 MBProgress (1): 4.9/6.8 MBProgress (1): 4.9/6.8 MBProgress (1): 4.9/6.8 MBProgress (1): 4.9/6.8 MBProgress (1): 4.9/6.8 MBProgress (1): 4.9/6.8 MBProgress (1): 4.9/6.8 MBProgress (1): 5.0/6.8 MBProgress (1): 5.0/6.8 MBProgress (1): 5.0/6.8 MBProgress (1): 5.0/6.8 MBProgress (1): 5.0/6.8 MBProgress (1): 5.0/6.8 MBProgress (1): 5.1/6.8 MBProgress (1): 5.1/6.8 MBProgress (1): 5.1/6.8 MBProgress (1): 5.1/6.8 MBProgress (1): 5.1/6.8 MBProgress (1): 5.1/6.8 MBProgress (1): 5.2/6.8 MBProgress (1): 5.2/6.8 MBProgress (1): 5.2/6.8 MBProgress (1): 5.2/6.8 MBProgress (1): 5.2/6.8 MBProgress (1): 5.2/6.8 MBProgress (1): 5.3/6.8 MBProgress (1): 5.3/6.8 MBProgress (1): 5.3/6.8 MBProgress (1): 5.3/6.8 MBProgress (1): 5.3/6.8 MBProgress (1): 5.3/6.8 MBProgress (1): 5.4/6.8 MBProgress (1): 5.4/6.8 MBProgress (1): 5.4/6.8 MBProgress (1): 5.4/6.8 MBProgress (1): 5.4/6.8 MBProgress (1): 5.4/6.8 MBProgress (1): 5.4/6.8 MBProgress (1): 5.5/6.8 MBProgress (1): 5.5/6.8 MBProgress (1): 5.5/6.8 MBProgress (1): 5.5/6.8 MBProgress (1): 5.5/6.8 MBProgress (1): 5.5/6.8 MBProgress (1): 5.5/6.8 MBProgress (1): 5.6/6.8 MBProgress (1): 5.6/6.8 MBProgress (1): 5.6/6.8 MBProgress (1): 5.6/6.8 MBProgress (1): 5.6/6.8 MBProgress (1): 5.6/6.8 MBProgress (1): 5.7/6.8 MBProgress (1): 5.7/6.8 MBProgress (1): 5.7/6.8 MBProgress (1): 5.7/6.8 MBProgress (1): 5.7/6.8 MBProgress (1): 5.7/6.8 MBProgress (1): 5.8/6.8 MBProgress (1): 5.8/6.8 MBProgress (1): 5.8/6.8 MBProgress (1): 5.8/6.8 MBProgress (1): 5.8/6.8 MBProgress (1): 5.8/6.8 MBProgress (1): 5.9/6.8 MBProgress (1): 5.9/6.8 MBProgress (1): 5.9/6.8 MBProgress (1): 5.9/6.8 MBProgress (1): 5.9/6.8 MBProgress (1): 5.9/6.8 MBProgress (1): 6.0/6.8 MBProgress (1): 6.0/6.8 MBProgress (1): 6.0/6.8 MBProgress (1): 6.0/6.8 MBProgress (1): 6.0/6.8 MBProgress (1): 6.0/6.8 MBProgress (1): 6.0/6.8 MBProgress (1): 6.1/6.8 MBProgress (1): 6.1/6.8 MBProgress (1): 6.1/6.8 MBProgress (1): 6.1/6.8 MBProgress (1): 6.1/6.8 MBProgress (1): 6.1/6.8 MBProgress (1): 6.2/6.8 MBProgress (1): 6.2/6.8 MBProgress (1): 6.2/6.8 MBProgress (1): 6.2/6.8 MBProgress (1): 6.2/6.8 MBProgress (1): 6.2/6.8 MBProgress (1): 6.2/6.8 MBProgress (1): 6.3/6.8 MBProgress (1): 6.3/6.8 MBProgress (1): 6.3/6.8 MBProgress (1): 6.3/6.8 MBProgress (1): 6.3/6.8 MBProgress (1): 6.3/6.8 MBProgress (1): 6.4/6.8 MBProgress (1): 6.4/6.8 MBProgress (1): 6.4/6.8 MBProgress (1): 6.4/6.8 MBProgress (1): 6.4/6.8 MBProgress (1): 6.4/6.8 MBProgress (1): 6.5/6.8 MBProgress (1): 6.5/6.8 MBProgress (1): 6.5/6.8 MBProgress (1): 6.5/6.8 MBProgress (1): 6.5/6.8 MBProgress (1): 6.5/6.8 MBProgress (1): 6.6/6.8 MBProgress (1): 6.6/6.8 MBProgress (1): 6.6/6.8 MBProgress (1): 6.6/6.8 MBProgress (1): 6.6/6.8 MBProgress (1): 6.6/6.8 MBProgress (1): 6.6/6.8 MBProgress (1): 6.7/6.8 MBProgress (1): 6.7/6.8 MBProgress (1): 6.7/6.8 MBProgress (1): 6.7/6.8 MBProgress (1): 6.7/6.8 MBProgress (1): 6.7/6.8 MBProgress (1): 6.8/6.8 MBProgress (1): 6.8/6.8 MBProgress (1): 6.8 MB                        Downloaded from central: https://repo.maven.apache.org/maven2/com/github/luben/zstd-jni/1.5.5-11/zstd-jni-1.5.5-11.jar (6.8 MB at 46 MB/s)
#20 25.48 [INFO] Building jar: /src/target/protos-0.3.102-SNAPSHOT.jar
#20 25.55 [INFO] 
#20 25.55 [INFO] --- shade:3.6.0:shade (default) @ protos ---
#20 25.55 Downloading from central: https://repo.maven.apache.org/maven2/org/ow2/asm/asm/9.7/asm-9.7.pom
#20 25.58 Progress (1): 1.3 kBProgress (1): 2.4 kB                    Downloaded from central: https://repo.maven.apache.org/maven2/org/ow2/asm/asm/9.7/asm-9.7.pom (2.4 kB at 82 kB/s)
#20 25.58 Downloading from central: https://repo.maven.apache.org/maven2/org/ow2/asm/asm-commons/9.7/asm-commons-9.7.pom
#20 25.62 Progress (1): 1.1 kBProgress (1): 2.8 kB                    Downloaded from central: https://repo.maven.apache.org/maven2/org/ow2/asm/asm-commons/9.7/asm-commons-9.7.pom (2.8 kB at 84 kB/s)
#20 25.62 Downloading from central: https://repo.maven.apache.org/maven2/org/ow2/asm/asm-tree/9.7/asm-tree-9.7.pom
#20 25.65 Progress (1): 1.1 kBProgress (1): 2.6 kB                    Downloaded from central: https://repo.maven.apache.org/maven2/org/ow2/asm/asm-tree/9.7/asm-tree-9.7.pom (2.6 kB at 81 kB/s)
#20 25.65 Downloading from central: https://repo.maven.apache.org/maven2/org/jdom/jdom2/2.0.6.1/jdom2-2.0.6.1.pom
#20 25.68 Progress (1): 956 BProgress (1): 2.2 kBProgress (1): 3.2 kBProgress (1): 4.6 kB                    Downloaded from central: https://repo.maven.apache.org/maven2/org/jdom/jdom2/2.0.6.1/jdom2-2.0.6.1.pom (4.6 kB at 144 kB/s)
#20 25.69 Downloading from central: https://repo.maven.apache.org/maven2/org/apache/commons/commons-compress/1.26.2/commons-compress-1.26.2.pom
#20 25.72 Progress (1): 758 BProgress (1): 1.9 kBProgress (1): 3.7 kBProgress (1): 5.4 kBProgress (1): 9.3 kBProgress (1): 12 kB Progress (1): 15 kBProgress (1): 18 kBProgress (1): 21 kBProgress (1): 23 kB                   Downloaded from central: https://repo.maven.apache.org/maven2/org/apache/commons/commons-compress/1.26.2/commons-compress-1.26.2.pom (23 kB at 765 kB/s)
#20 25.72 Downloading from central: https://repo.maven.apache.org/maven2/commons-codec/commons-codec/1.17.0/commons-codec-1.17.0.pom
#20 25.75 Progress (1): 745 BProgress (1): 1.9 kBProgress (1): 4.0 kBProgress (1): 5.8 kBProgress (1): 8.4 kBProgress (1): 11 kB Progress (1): 14 kBProgress (1): 17 kBProgress (1): 18 kB                   Downloaded from central: https://repo.maven.apache.org/maven2/commons-codec/commons-codec/1.17.0/commons-codec-1.17.0.pom (18 kB at 542 kB/s)
#20 25.75 Downloading from central: https://repo.maven.apache.org/maven2/org/vafer/jdependency/2.10/jdependency-2.10.pom
#20 25.79 Progress (1): 1.1 kBProgress (1): 4.9 kBProgress (1): 8.5 kBProgress (1): 12 kB Progress (1): 14 kB                   Downloaded from central: https://repo.maven.apache.org/maven2/org/vafer/jdependency/2.10/jdependency-2.10.pom (14 kB at 401 kB/s)
#20 25.79 Downloading from central: https://repo.maven.apache.org/maven2/org/ow2/asm/asm/9.7/asm-9.7.jar
#20 25.82 Progress (1): 7.7/125 kBProgress (1): 16/125 kB Progress (1): 28/125 kBProgress (1): 44/125 kBProgress (1): 61/125 kBProgress (1): 77/125 kBProgress (1): 93/125 kBProgress (1): 110/125 kBProgress (1): 125 kB                        Downloaded from central: https://repo.maven.apache.org/maven2/org/ow2/asm/asm/9.7/asm-9.7.jar (125 kB at 4.5 MB/s)
#20 25.82 Downloading from central: https://repo.maven.apache.org/maven2/org/ow2/asm/asm-commons/9.7/asm-commons-9.7.jar
#20 25.82 Downloading from central: https://repo.maven.apache.org/maven2/org/ow2/asm/asm-tree/9.7/asm-tree-9.7.jar
#20 25.82 Downloading from central: https://repo.maven.apache.org/maven2/org/jdom/jdom2/2.0.6.1/jdom2-2.0.6.1.jar
#20 25.82 Downloading from central: https://repo.maven.apache.org/maven2/org/apache/commons/commons-compress/1.26.2/commons-compress-1.26.2.jar
#20 25.82 Downloading from central: https://repo.maven.apache.org/maven2/commons-codec/commons-codec/1.17.0/commons-codec-1.17.0.jar
#20 25.84 Progress (1): 7.7/373 kBProgress (1): 11/373 kB Progress (1): 28/373 kBProgress (1): 44/373 kBProgress (1): 60/373 kBProgress (1): 77/373 kBProgress (1): 93/373 kBProgress (1): 110/373 kBProgress (1): 126/373 kBProgress (1): 142/373 kBProgress (1): 159/373 kBProgress (1): 175/373 kBProgress (1): 192/373 kBProgress (1): 208/373 kBProgress (1): 224/373 kBProgress (1): 241/373 kBProgress (1): 257/373 kBProgress (1): 273/373 kBProgress (1): 290/373 kBProgress (1): 306/373 kBProgress (2): 306/373 kB | 3.2/52 kBProgress (2): 323/373 kB | 3.2/52 kBProgress (2): 323/373 kB | 20/52 kB Progress (2): 339/373 kB | 20/52 kBProgress (2): 355/373 kB | 20/52 kBProgress (2): 372/373 kB | 20/52 kBProgress (2): 372/373 kB | 36/52 kBProgress (2): 373 kB | 36/52 kB    Progress (2): 373 kB | 52 kB                               Downloaded from central: https://repo.maven.apache.org/maven2/org/ow2/asm/asm-tree/9.7/asm-tree-9.7.jar (52 kB at 1.9 MB/s)
#20 25.85 Downloading from central: https://repo.maven.apache.org/maven2/org/vafer/jdependency/2.10/jdependency-2.10.jar
#20 25.85 Downloaded from central: https://repo.maven.apache.org/maven2/commons-codec/commons-codec/1.17.0/commons-codec-1.17.0.jar (373 kB at 14 MB/s)
#20 25.85 Progress (1): 0/1.1 MBProgress (1): 0/1.1 MBProgress (1): 0/1.1 MBProgress (1): 0/1.1 MBProgress (1): 0.1/1.1 MBProgress (1): 0.1/1.1 MBProgress (1): 0.1/1.1 MBProgress (1): 0.1/1.1 MBProgress (1): 0.1/1.1 MBProgress (1): 0.1/1.1 MBProgress (1): 0.2/1.1 MBProgress (1): 0.2/1.1 MBProgress (1): 0.2/1.1 MBProgress (1): 0.2/1.1 MBProgress (1): 0.2/1.1 MBProgress (1): 0.2/1.1 MBProgress (1): 0.3/1.1 MBProgress (1): 0.3/1.1 MBProgress (1): 0.3/1.1 MBProgress (1): 0.3/1.1 MBProgress (1): 0.3/1.1 MBProgress (1): 0.3/1.1 MBProgress (1): 0.4/1.1 MBProgress (1): 0.4/1.1 MBProgress (1): 0.4/1.1 MBProgress (1): 0.4/1.1 MBProgress (1): 0.4/1.1 MBProgress (1): 0.4/1.1 MBProgress (1): 0.5/1.1 MBProgress (1): 0.5/1.1 MBProgress (1): 0.5/1.1 MBProgress (1): 0.5/1.1 MBProgress (1): 0.5/1.1 MBProgress (1): 0.5/1.1 MBProgress (2): 0.5/1.1 MB | 7.7/73 kBProgress (2): 0.5/1.1 MB | 16/73 kB Progress (2): 0.5/1.1 MB | 28/73 kBProgress (2): 0.6/1.1 MB | 28/73 kBProgress (2): 0.6/1.1 MB | 44/73 kBProgress (2): 0.6/1.1 MB | 61/73 kBProgress (2): 0.6/1.1 MB | 73 kB   Progress (2): 0.6/1.1 MB | 73 kBProgress (2): 0.6/1.1 MB | 73 kB                                Downloaded from central: https://repo.maven.apache.org/maven2/org/ow2/asm/asm-commons/9.7/asm-commons-9.7.jar (73 kB at 1.8 MB/s)
#20 25.86 Progress (1): 0.6/1.1 MBProgress (1): 0.6/1.1 MBProgress (1): 0.6/1.1 MBProgress (1): 0.7/1.1 MBProgress (1): 0.7/1.1 MBProgress (1): 0.7/1.1 MBProgress (1): 0.7/1.1 MBProgress (1): 0.7/1.1 MBProgress (1): 0.7/1.1 MBProgress (1): 0.8/1.1 MBProgress (1): 0.8/1.1 MBProgress (1): 0.8/1.1 MBProgress (1): 0.8/1.1 MBProgress (1): 0.8/1.1 MBProgress (1): 0.8/1.1 MBProgress (1): 0.8/1.1 MBProgress (1): 0.9/1.1 MBProgress (1): 0.9/1.1 MBProgress (1): 0.9/1.1 MBProgress (1): 0.9/1.1 MBProgress (1): 0.9/1.1 MBProgress (1): 0.9/1.1 MBProgress (1): 1.0/1.1 MBProgress (1): 1.0/1.1 MBProgress (1): 1.0/1.1 MBProgress (1): 1.0/1.1 MBProgress (1): 1.0/1.1 MBProgress (1): 1.0/1.1 MBProgress (1): 1.0/1.1 MBProgress (1): 1.1/1.1 MBProgress (1): 1.1/1.1 MBProgress (1): 1.1 MB                        Downloaded from central: https://repo.maven.apache.org/maven2/org/apache/commons/commons-compress/1.26.2/commons-compress-1.26.2.jar (1.1 MB at 23 MB/s)
#20 25.87 Progress (1): 7.7/416 kBProgress (1): 11/416 kB Progress (1): 28/416 kBProgress (1): 44/416 kBProgress (1): 61/416 kBProgress (1): 77/416 kBProgress (1): 93/416 kBProgress (1): 110/416 kBProgress (1): 126/416 kBProgress (1): 142/416 kBProgress (1): 159/416 kBProgress (1): 175/416 kBProgress (1): 192/416 kBProgress (1): 208/416 kBProgress (1): 224/416 kBProgress (1): 241/416 kBProgress (1): 257/416 kBProgress (1): 274/416 kBProgress (2): 274/416 kB | 7.7/328 kBProgress (2): 274/416 kB | 16/328 kB Progress (2): 290/416 kB | 16/328 kBProgress (2): 306/416 kB | 16/328 kBProgress (2): 306/416 kB | 28/328 kBProgress (2): 306/416 kB | 44/328 kBProgress (2): 306/416 kB | 61/328 kBProgress (2): 306/416 kB | 77/328 kBProgress (2): 306/416 kB | 93/328 kBProgress (2): 306/416 kB | 110/328 kBProgress (2): 306/416 kB | 126/328 kBProgress (2): 306/416 kB | 142/328 kBProgress (2): 306/416 kB | 159/328 kBProgress (2): 306/416 kB | 175/328 kBProgress (2): 306/416 kB | 192/328 kBProgress (2): 306/416 kB | 208/328 kBProgress (2): 323/416 kB | 208/328 kBProgress (2): 339/416 kB | 208/328 kBProgress (2): 355/416 kB | 208/328 kBProgress (2): 360/416 kB | 208/328 kBProgress (2): 377/416 kB | 208/328 kBProgress (2): 377/416 kB | 224/328 kBProgress (2): 377/416 kB | 241/328 kBProgress (2): 377/416 kB | 257/328 kBProgress (2): 377/416 kB | 269/328 kBProgress (2): 377/416 kB | 285/328 kBProgress (2): 377/416 kB | 302/328 kBProgress (2): 377/416 kB | 318/328 kBProgress (2): 377/416 kB | 328 kB    Progress (2): 393/416 kB | 328 kBProgress (2): 410/416 kB | 328 kBProgress (2): 416 kB | 328 kB                                 Downloaded from central: https://repo.maven.apache.org/maven2/org/vafer/jdependency/2.10/jdependency-2.10.jar (416 kB at 7.3 MB/s)
#20 25.88 Downloaded from central: https://repo.maven.apache.org/maven2/org/jdom/jdom2/2.0.6.1/jdom2-2.0.6.1.jar (328 kB at 5.7 MB/s)
#20 25.90 [INFO] Including org.jline:jline:jar:3.30.6 in the shaded jar.
#20 25.90 [INFO] Including com.ibm.icu:icu4j:jar:78.1 in the shaded jar.
#20 25.90 [INFO] Including org.eclipse.lsp4j:org.eclipse.lsp4j:jar:1.0.0 in the shaded jar.
#20 25.90 [INFO] Including org.eclipse.lsp4j:org.eclipse.lsp4j.jsonrpc:jar:1.0.0 in the shaded jar.
#20 25.90 [INFO] Including com.google.code.gson:gson:jar:2.14.0 in the shaded jar.
#20 25.90 [INFO] Including com.google.errorprone:error_prone_annotations:jar:2.48.0 in the shaded jar.
#20 25.90 [INFO] Excluding org.graalvm.sdk:graal-sdk:jar:25.3.4.1 from the shaded jar.
#20 25.90 [INFO] Excluding org.graalvm.sdk:collections:jar:25.3.4.1 from the shaded jar.
#20 25.90 [INFO] Excluding org.graalvm.sdk:nativeimage:jar:25.3.4.1 from the shaded jar.
#20 25.90 [INFO] Excluding org.graalvm.sdk:word:jar:25.3.4.1 from the shaded jar.
#20 25.90 [INFO] Excluding org.graalvm.polyglot:polyglot:jar:25.3.4.1 from the shaded jar.
#20 25.90 [INFO] Excluding org.graalvm.truffle:truffle-api:jar:25.3.4.1 from the shaded jar.
#20 25.90 [INFO] Excluding org.graalvm.sdk:jniutils:jar:25.3.4.1 from the shaded jar.
#20 25.90 [INFO] Excluding org.graalvm.truffle:truffle-runtime:jar:25.3.4.1 from the shaded jar.
#20 25.90 [INFO] Excluding org.graalvm.truffle:truffle-compiler:jar:25.3.4.1 from the shaded jar.
#20 25.90 [INFO] Excluding org.graalvm.polyglot:dap:pom:25.3.4.1 from the shaded jar.
#20 25.90 [INFO] Excluding org.graalvm.tools:dap-tool:jar:25.3.4.1 from the shaded jar.
#20 25.90 [INFO] Excluding org.graalvm.shadowed:json:jar:25.3.4.1 from the shaded jar.
#20 27.01 [WARNING] org.eclipse.lsp4j-1.0.0.jar, org.eclipse.lsp4j.jsonrpc-1.0.0.jar define 1 overlapping resource: 
#20 27.01 [WARNING]   - about.html
#20 27.01 [WARNING] error_prone_annotations-2.48.0.jar, gson-2.14.0.jar, icu4j-78.1.jar, jline-3.30.6.jar, org.eclipse.lsp4j-1.0.0.jar, org.eclipse.lsp4j.jsonrpc-1.0.0.jar, protos-0.3.102-SNAPSHOT.jar define 1 overlapping resource: 
#20 27.01 [WARNING]   - META-INF/MANIFEST.MF
#20 27.01 [WARNING] error_prone_annotations-2.48.0.jar, gson-2.14.0.jar define 1 overlapping classes: 
#20 27.01 [WARNING]   - META-INF.versions.9.module-info
#20 27.01 [WARNING] maven-shade-plugin has detected that some files are
#20 27.01 [WARNING] present in two or more JARs. When this happens, only one
#20 27.01 [WARNING] single version of the file is copied to the uber jar.
#20 27.01 [WARNING] Usually this is not harmful and you can skip these warnings,
#20 27.01 [WARNING] otherwise try to manually exclude artifacts based on
#20 27.01 [WARNING] mvn dependency:tree -Ddetail=true and the above output.
#20 27.01 [WARNING] See https://maven.apache.org/plugins/maven-shade-plugin/
#20 27.02 [INFO] Replacing original artifact with shaded artifact.
#20 27.02 [INFO] Replacing /src/target/protos-0.3.102-SNAPSHOT.jar with /src/target/protos-0.3.102-SNAPSHOT-shaded.jar
#20 27.02 [INFO] ------------------------------------------------------------------------
#20 27.02 [INFO] BUILD SUCCESS
#20 27.02 [INFO] ------------------------------------------------------------------------
#20 27.02 [INFO] Total time:  24.077 s
#20 27.02 [INFO] Finished at: 2026-09-27T07:54:50Z
#20 27.02 [INFO] ------------------------------------------------------------------------
#20 28.36 phase=dist01 build shaded Protos jar
#20 28.36 phase=dist02 materialize toolchain tree
#20 28.36 phase=dist03 copy canonical root-POM runtime projection
#20 28.36 DIST_RUNTIME_PROJECTION_CHECK: PASS
#20 28.36 DIST_RUNTIME_PROJECTION_JARS: 12
#20 28.36 phase=dist04 create archive
#20 28.36 DIST_ARCHIVE_CRC_CHECK: PASS
#20 28.36 DIST_LAYOUT_CHECK: PASS
#20 28.36 DIST_SOURCE_IDENTITY_CHECK: PASS
#20 28.36 DIST_RUNTIME_METADATA_CHECK: PASS
#20 28.36 DIST_LAUNCHER_MODE_CHECK: PASS
#20 28.36 DIST_ARCHIVE: /src/target/distributions/protos-0.3.102-SNAPSHOT-posix-jvm.zip
#20 28.36 DIST_ARTIFACT_KIND: development-distribution
#20 28.36 DIST_BUILD: PASS
#20 31.21 Configuration written successfully to:
#20 31.21 /out/jfr/perf010a.jfc
#20 DONE 31.3s

#4 [build  1/16] FROM ghcr.io/graalvm/graalvm-community:25i3-25.0.4.1-ol10-20260825@sha256:636592a38dbd6461e71aaf019ed1ff1f389c171540bc2cb632fd73e6ec7848d7
#4 CACHED

#21 [stage-1  2/11] COPY --from=build /out/protos /opt/protos
#21 DONE 0.7s

#22 [stage-1  3/11] COPY --from=build /out/source /opt/protos-source
#22 DONE 1.5s

#23 [stage-1  4/11] COPY --from=build /out/corpus /opt/perf010a/corpus
#23 DONE 1.7s

#24 [stage-1  5/11] COPY --from=build /out/diagnostic /opt/perf010a/diagnostic
#24 DONE 1.7s

#25 [stage-1  6/11] COPY --from=build /out/analyzer /opt/perf010a/analyzer
#25 DONE 2.0s

#26 [stage-1  7/11] COPY --from=build /out/jfr/perf010a.jfc /opt/perf010a/perf010a.jfc
#26 DONE 2.9s

#27 [stage-1  8/11] COPY --from=build /out/jfr-java /opt/perf010a/jfr-java
#27 DONE 2.6s

#28 [stage-1  9/11] COPY --from=build /out/variant.txt /opt/perf010a/variant.txt
#28 DONE 3.0s

#29 [stage-1 10/11] COPY --from=build /out/ablation-slice.txt /opt/perf010a/ablation-slice.txt
#29 DONE 3.3s

#30 [stage-1 11/11] WORKDIR /opt/protos-source
#30 DONE 3.4s

#31 exporting to image
#31 exporting layers
#31 exporting layers 9.9s done
#31 writing image sha256:d6232fe09c5863f4b1a2a166819a6c0d01aa1cc68407834dce630c19be0bfc1c 0.1s done
#31 naming to docker.io/library/protos-benchmarks-perf013-b2-gate:0af8960363a5
#31 naming to docker.io/library/protos-benchmarks-perf013-b2-gate:0af8960363a5 0.2s done
#31 DONE 11.2s
