[To redirect Truffle log output to a file use one of the following options:
* '--log.file=<path>' if the option is passed using a guest language launcher.
* '-Dpolyglot.log.file=<path>' if the option is passed using the host Java launcher.
* Configure logging using the polyglot embedding API.]
[engine] opt done   id=103   ProtosRootNode@54878e89                            |Tier 1|Time   109(  72+37  )ms|AST    2|Inlined   0Y   0N|IR    591/  1658|CodeSize    7561|Addr 0x7f334b14a520|Timestamp 145853183325160|Src n/a
[engine] opt done   id=104   ProtosRootNode@70cf7cb8                            |Tier 1|Time   235(  62+173 )ms|AST    6|Inlined   0Y   0N|IR   4552/ 15559|CodeSize   77192|Addr 0x7f334b155980|Timestamp 145853427009916|Src n/a
[engine] opt done   id=178   ProtosRootNode@4f88129c                            |Tier 1|Time    29(   6+23  )ms|AST    2|Inlined   0Y   0N|IR    575/  1647|CodeSize    7498|Addr 0x7f334b1763a0|Timestamp 145853495773898|Src n/a
[engine] opt done   id=179   ProtosRootNode@7b871074                            |Tier 1|Time  1992( 192+1799)ms|AST   25|Inlined   0Y   0N|IR  20587/ 71990|CodeSize  369997|Addr 0x7f334b188340|Timestamp 145855490526529|Src n/a
[engine] opt done   id=176   ProtosRootNode@7c33da7f                            |Tier 1|Time    54(  11+43  )ms|AST    2|Inlined   0Y   0N|IR    888/  1275|CodeSize    5532|Addr 0x7f334b218060|Timestamp 145855552926141|Src n/a
[engine] opt done   id=177   ProtosRootNode@54151362                            |Tier 1|Time   503(  93+410 )ms|AST   10|Inlined   0Y   0N|IR   7877/ 27957|CodeSize  143688|Addr 0x7f334b223220|Timestamp 145856057358719|Src n/a
[engine] opt done   id=174   ProtosRootNode@b0fbdf6                             |Tier 1|Time    42(   9+33  )ms|AST    2|Inlined   0Y   0N|IR    888/  1275|CodeSize    5532|Addr 0x7f334b25d2e0|Timestamp 145856105820977|Src n/a
[engine] opt failed id=175   ProtosRootNode@3a3ac6dd                            |Tier 1|Time   50(-145856108+145856158)ms|Reason: jdk.graal.compiler.truffle.GraphTooBigBailoutException: Graph too big to safely compile. Node count: 50144. Graph Size: 150051. Limit: 150000.|Timestamp 145856157733131|Src n/a
[engine] opt failed id=175   ProtosRootNode@3a3ac6dd                            |Tier 1|Time   44(-145856159+145856203)ms|Reason: jdk.graal.compiler.truffle.GraphTooBigBailoutException: Graph too big to safely compile. Node count: 50144. Graph Size: 150051. Limit: 150000.|Timestamp 145856203250365|Src n/a
[engine] opt done   id=188   ProtosRootNode@65399167                            |Tier 1|Time    23(   7+16  )ms|AST    2|Inlined   0Y   0N|IR    591/  1658|CodeSize    7561|Addr 0x7f334b265220|Timestamp 145856268471081|Src n/a
[engine] opt done   id=189   ProtosRootNode@310057c5                            |Tier 1|Time  2547( 192+2355)ms|AST   31|Inlined   0Y   0N|IR  24900/ 88668|CodeSize  454302|Addr 0x7f334b26f240|Timestamp 145858817365714|Src n/a
[engine] opt done   id=158   ProtosRootNode@4ae4529d                            |Tier 1|Time    28(  10+18  )ms|AST    2|Inlined   0Y   0N|IR    888/  1275|CodeSize    5532|Addr 0x7f334b31e860|Timestamp 145858876146589|Src n/a
[engine] opt done   id=159   ProtosRootNode@729c1368                            |Tier 1|Time   238(  40+199 )ms|AST    8|Inlined   0Y   0N|IR   4108/ 14355|CodeSize   71703|Addr 0x7f334b324540|Timestamp 145859115725616|Src n/a
[engine] opt done   id=172   ProtosRootNode@710937d8                            |Tier 1|Time    14(   5+9   )ms|AST    2|Inlined   0Y   0N|IR    888/  1275|CodeSize    5532|Addr 0x7f334b33fce0|Timestamp 145859130599520|Src n/a
[engine] opt done   id=173   ProtosRootNode@45e3cb7                             |Tier 1|Time   411(  47+363 )ms|AST   14|Inlined   0Y   0N|IR   8039/ 28351|CodeSize  146358|Addr 0x7f334b345860|Timestamp 145859543196656|Src n/a
[engine] opt done   id=168   ProtosRootNode@76c0022b                            |Tier 1|Time    22(   4+17  )ms|AST    2|Inlined   0Y   0N|IR    888/  1275|CodeSize    5532|Addr 0x7f334b37d460|Timestamp 145859568175136|Src n/a
[engine] opt done   id=169   ProtosRootNode@43bdd6d8                            |Tier 1|Time   539(  56+484 )ms|AST   12|Inlined   0Y   0N|IR   9547/ 32569|CodeSize  165278|Addr 0x7f334b383c60|Timestamp 145860108129277|Src n/a
[engine] opt done   id=162   ProtosRootNode@1601fd66                            |Tier 1|Time    20(   8+12  )ms|AST    2|Inlined   0Y   0N|IR    888/  1275|CodeSize    5532|Addr 0x7f334b3c48e0|Timestamp 145860135530231|Src n/a
[engine] opt done   id=163   ProtosRootNode@5fb7be                              |Tier 1|Time   187(  45+142 )ms|AST    8|Inlined   0Y   0N|IR   4108/ 14355|CodeSize   71703|Addr 0x7f334b3c9340|Timestamp 145860324270435|Src n/a
[engine] opt done   id=166   ProtosRootNode@232f50eb                            |Tier 1|Time    14(   4+10  )ms|AST    2|Inlined   0Y   0N|IR    888/  1275|CodeSize    5532|Addr 0x7f334b3e4ee0|Timestamp 145860340491711|Src n/a
[engine] opt done   id=167   ProtosRootNode@3616c5f                             |Tier 1|Time   840( 107+733 )ms|AST   18|Inlined   0Y   0N|IR  13481/ 46573|CodeSize  239146|Addr 0x7f334b3eb440|Timestamp 145861181051955|Src n/a
[engine] opt done   id=184   ProtosRootNode@73418ee5                            |Tier 1|Time    28(   9+19  )ms|AST    2|Inlined   0Y   0N|IR    888/  1275|CodeSize    5532|Addr 0x7f334b44ade0|Timestamp 145861266169632|Src n/a
[engine] opt done   id=185   ProtosRootNode@22c96399                            |Tier 1|Time   454(  64+390 )ms|AST   10|Inlined   0Y   0N|IR   8197/ 27807|CodeSize  143154|Addr 0x7f334b450860|Timestamp 145861722754197|Src n/a
[engine] opt done   id=186   ProtosRootNode@7bd516ad                            |Tier 1|Time    30(  10+20  )ms|AST    2|Inlined   0Y   0N|IR    888/  1275|CodeSize    5532|Addr 0x7f334b489b60|Timestamp 145861759133335|Src n/a
[engine] opt done   id=187   ProtosRootNode@5164aa2f                            |Tier 1|Time  2333( 204+2129)ms|AST   28|Inlined   0Y   0N|IR  23473/ 78400|CodeSize  409752|Addr 0x7f334b494740|Timestamp 145864092387171|Src n/a
[engine] opt done   id=180   ProtosRootNode@67524e9d                            |Tier 1|Time    29(   7+22  )ms|AST    2|Inlined   0Y   0N|IR    591/  1658|CodeSize    7561|Addr 0x7f334b5356a0|Timestamp 145864150417144|Src n/a
[engine] opt done   id=181   ProtosRootNode@65b54b7d                            |Tier 1|Time  1243( 112+1131)ms|AST   27|Inlined   0Y   0N|IR  17057/ 57952|CodeSize  300444|Addr 0x7f334b53e160|Timestamp 145865394686757|Src n/a
[engine] opt done   id=154   ProtosRootNode@4b4eb626                            |Tier 1|Time    31(  11+20  )ms|AST    2|Inlined   0Y   0N|IR    888/  1275|CodeSize    5532|Addr 0x7f334b5b7ce0|Timestamp 145865514987019|Src n/a
[engine] opt done   id=155   ProtosRootNode@68ce6700                            |Tier 1|Time   863(  80+783 )ms|AST   15|Inlined   0Y   0N|IR  13121/ 45351|CodeSize  230832|Addr 0x7f334b5c1440|Timestamp 145866411199452|Src n/a
[engine] opt done   id=152   ProtosRootNode@1159a7ba                            |Tier 1|Time    28(   8+20  )ms|AST    2|Inlined   0Y   0N|IR    888/  1275|CodeSize    5532|Addr 0x7f334b61e660|Timestamp 145866473317421|Src n/a
[engine] opt done   id=153   ProtosRootNode@5562e7e0                            |Tier 1|Time   882(  76+805 )ms|AST   15|Inlined   0Y   0N|IR  13121/ 45351|CodeSize  230832|Addr 0x7f334b629040|Timestamp 145867385282477|Src n/a
[engine] opt done   id=103   ProtosRootNode@54878e89                            |Tier 2|Time    70(   7+63  )ms|AST    2|Inlined   0Y   0N|IR    518/  1448|CodeSize    7174|Addr 0x7f334b68aae0|Timestamp 145867536872019|Src n/a
[engine] opt done   id=104   ProtosRootNode@70cf7cb8                            |Tier 2|Time   216(  21+194 )ms|AST    6|Inlined   0Y   0N|IR   4479/ 12604|CodeSize   64659|Addr 0x7f334b68f440|Timestamp 145867754734907|Src n/a
[engine] opt done   id=178   ProtosRootNode@4f88129c                            |Tier 2|Time    17(   3+14  )ms|AST    2|Inlined   0Y   0N|IR    502/  1344|CodeSize    6459|Addr 0x7f334b6a94a0|Timestamp 145867845242811|Src n/a
[engine] opt done   id=179   ProtosRootNode@7b871074                            |Tier 2|Time  2056( 158+1898)ms|AST   25|Inlined   0Y   0N|IR  20516/ 58742|CodeSize  317930|Addr 0x7f334b6b1040|Timestamp 145869903201737|Src n/a
[engine] opt done   id=176   ProtosRootNode@7c33da7f                            |Tier 2|Time    21(   6+15  )ms|AST    2|Inlined   0Y   0N|IR    815/   944|CodeSize    4429|Addr 0x7f334b72b300|Timestamp 145869960247168|Src n/a
[engine] opt done   id=177   ProtosRootNode@54151362                            |Tier 2|Time   586(  53+533 )ms|AST   10|Inlined   0Y   0N|IR   7804/ 23230|CodeSize  125455|Addr 0x7f334b72ed20|Timestamp 145870546699020|Src n/a
[engine] opt done   id=174   ProtosRootNode@b0fbdf6                             |Tier 2|Time    21(   6+16  )ms|AST    2|Inlined   0Y   0N|IR    815/   944|CodeSize    4429|Addr 0x7f334b75f380|Timestamp 145870619715426|Src n/a
[engine] opt done   id=263   ProtosRootNode@7fd34c07                            |Tier 1|Time    29(   7+21  )ms|AST    2|Inlined   0Y   0N|IR    575/  1647|CodeSize    7498|Addr 0x7f334b76d2a0|Timestamp 145870822006447|Src n/a
[engine] opt done   id=264   ProtosRootNode@6420889e                            |Tier 1|Time  2087( 166+1921)ms|AST   25|Inlined   0Y   0N|IR  20587/ 71990|CodeSize  369997|Addr 0x7f334b775cc0|Timestamp 145872914575825|Src n/a
[engine] opt done   id=261   ProtosRootNode@3f5fb973                            |Tier 1|Time    52(  10+42  )ms|AST    2|Inlined   0Y   0N|IR    888/  1275|CodeSize    5532|Addr 0x7f334b805060|Timestamp 145872971617895|Src n/a
[engine] opt done   id=262   ProtosRootNode@65003b3e                            |Tier 1|Time   441(  63+378 )ms|AST   10|Inlined   0Y   0N|IR   7877/ 27957|CodeSize  143688|Addr 0x7f334b8096a0|Timestamp 145873412777683|Src n/a
[engine] opt done   id=259   ProtosRootNode@64d0f94d                            |Tier 1|Time    46(  11+35  )ms|AST    2|Inlined   0Y   0N|IR    888/  1275|CodeSize    5532|Addr 0x7f334b842be0|Timestamp 145873462558522|Src n/a
[engine] opt failed id=260   ProtosRootNode@71a291a3                            |Tier 1|Time   66(-145873463+145873528)ms|Reason: jdk.graal.compiler.truffle.GraphTooBigBailoutException: Graph too big to safely compile. Node count: 50144. Graph Size: 150051. Limit: 150000.|Timestamp 145873528548397|Src n/a
[engine] opt failed id=260   ProtosRootNode@71a291a3                            |Tier 1|Time   50(-145873530+145873581)ms|Reason: jdk.graal.compiler.truffle.GraphTooBigBailoutException: Graph too big to safely compile. Node count: 50144. Graph Size: 150051. Limit: 150000.|Timestamp 145873580864529|Src n/a
[engine] opt done   id=273   ProtosRootNode@678fec1a                            |Tier 1|Time    31(   7+24  )ms|AST    2|Inlined   0Y   0N|IR    591/  1658|CodeSize    7561|Addr 0x7f334b84b320|Timestamp 145873640966214|Src n/a
[engine] opt done   id=274   ProtosRootNode@2918d66e                            |Tier 1|Time  3063( 177+2886)ms|AST   31|Inlined   0Y   0N|IR  24900/ 88668|CodeSize  454302|Addr 0x7f334b8548c0|Timestamp 145876705464900|Src n/a
[engine] opt done   id=243   ProtosRootNode@2dadeb10                            |Tier 1|Time    19(   8+12  )ms|AST    2|Inlined   0Y   0N|IR    888/  1275|CodeSize    5532|Addr 0x7f334b9043e0|Timestamp 145876760774238|Src n/a
[engine] opt done   id=244   ProtosRootNode@2163fbb3                            |Tier 1|Time   188(  22+165 )ms|AST    8|Inlined   0Y   0N|IR   4108/ 14355|CodeSize   71703|Addr 0x7f334b907940|Timestamp 145876948812374|Src n/a
[engine] opt done   id=257   ProtosRootNode@60438379                            |Tier 1|Time    17(   6+11  )ms|AST    2|Inlined   0Y   0N|IR    888/  1275|CodeSize    5532|Addr 0x7f334b9230e0|Timestamp 145876966254171|Src n/a
[engine] opt done   id=258   ProtosRootNode@42fe36dc                            |Tier 1|Time   468(  88+380 )ms|AST   14|Inlined   0Y   0N|IR   8039/ 28351|CodeSize  146358|Addr 0x7f334b92a260|Timestamp 145877434651928|Src n/a
[engine] opt done   id=253   ProtosRootNode@7ce40ead                            |Tier 1|Time    29(   9+20  )ms|AST    2|Inlined   0Y   0N|IR    888/  1275|CodeSize    5532|Addr 0x7f334b9625e0|Timestamp 145877465642547|Src n/a
[engine] opt done   id=254   ProtosRootNode@1b124500                            |Tier 1|Time   535(  58+477 )ms|AST   12|Inlined   0Y   0N|IR   9547/ 32569|CodeSize  165278|Addr 0x7f334b967060|Timestamp 145878001804600|Src n/a
[engine] opt done   id=247   ProtosRootNode@4531e64f                            |Tier 1|Time    24(   8+16  )ms|AST    2|Inlined   0Y   0N|IR    888/  1275|CodeSize    5532|Addr 0x7f334b9a8760|Timestamp 145878045852679|Src n/a
[engine] opt done   id=248   ProtosRootNode@20088d9c                            |Tier 1|Time   165(  20+145 )ms|AST    8|Inlined   0Y   0N|IR   4108/ 14355|CodeSize   71703|Addr 0x7f334b9abcc0|Timestamp 145878211561640|Src n/a
[engine] opt done   id=251   ProtosRootNode@4fcdb2c                             |Tier 1|Time    14(   4+10  )ms|AST    2|Inlined   0Y   0N|IR    888/  1275|CodeSize    5532|Addr 0x7f334b9c7460|Timestamp 145878226463473|Src n/a
[engine] opt done   id=252   ProtosRootNode@566ba347                            |Tier 1|Time   918(  83+835 )ms|AST   18|Inlined   0Y   0N|IR  13481/ 46573|CodeSize  239146|Addr 0x7f334b9cd040|Timestamp 145879144595905|Src n/a
[engine] opt done   id=269   ProtosRootNode@36990a97                            |Tier 1|Time    28(   8+20  )ms|AST    2|Inlined   0Y   0N|IR    888/  1275|CodeSize    5532|Addr 0x7f334ba2be60|Timestamp 145879207532644|Src n/a
[engine] opt done   id=270   ProtosRootNode@4bd76218                            |Tier 1|Time   442(  59+383 )ms|AST   10|Inlined   0Y   0N|IR   8197/ 27807|CodeSize  143154|Addr 0x7f334ba316e0|Timestamp 145879652350652|Src n/a
[engine] opt done   id=271   ProtosRootNode@78a101dc                            |Tier 1|Time    21(  12+10  )ms|AST    2|Inlined   0Y   0N|IR    888/  1275|CodeSize    5532|Addr 0x7f334ba698e0|Timestamp 145879675447348|Src n/a
[engine] opt done   id=272   ProtosRootNode@572975a6                            |Tier 1|Time  2216( 189+2026)ms|AST   28|Inlined   0Y   0N|IR  23473/ 78400|CodeSize  409752|Addr 0x7f334ba719c0|Timestamp 145881894113433|Src n/a
[engine] opt done   id=265   ProtosRootNode@2695a128                            |Tier 1|Time    15(   4+11  )ms|AST    2|Inlined   0Y   0N|IR    591/  1658|CodeSize    7561|Addr 0x7f334bb11da0|Timestamp 145881951553063|Src n/a
[engine] opt done   id=266   ProtosRootNode@2d95e114                            |Tier 1|Time  1259( 105+1155)ms|AST   27|Inlined   0Y   0N|IR  17057/ 57952|CodeSize  300444|Addr 0x7f334bb196e0|Timestamp 145883211614641|Src n/a
[engine] opt done   id=239   ProtosRootNode@32b41dfe                            |Tier 1|Time    29(  10+19  )ms|AST    2|Inlined   0Y   0N|IR    888/  1275|CodeSize    5532|Addr 0x7f334bb91760|Timestamp 145883344059027|Src n/a
[engine] opt done   id=240   ProtosRootNode@5bc557ed                            |Tier 1|Time   913(  81+833 )ms|AST   15|Inlined   0Y   0N|IR  13121/ 45351|CodeSize  230832|Addr 0x7f334bb99140|Timestamp 145884260123876|Src n/a
[engine] opt done   id=237   ProtosRootNode@402d43fe                            |Tier 1|Time    15(   5+10  )ms|AST    2|Inlined   0Y   0N|IR    888/  1275|CodeSize    5532|Addr 0x7f334bbf3760|Timestamp 145884294448609|Src n/a
[engine] opt done   id=238   ProtosRootNode@50486c82                            |Tier 1|Time   925(  87+838 )ms|AST   15|Inlined   0Y   0N|IR  13121/ 45351|CodeSize  230832|Addr 0x7f334bbf91c0|Timestamp 145885219326519|Src n/a
[engine] opt done   id=263   ProtosRootNode@7fd34c07                            |Tier 2|Time    21(   4+17  )ms|AST    2|Inlined   0Y   0N|IR    502/  1344|CodeSize    6459|Addr 0x7f334bc573a0|Timestamp 145885393783011|Src n/a
[engine] opt done   id=264   ProtosRootNode@6420889e                            |Tier 2|Time  1838( 146+1692)ms|AST   25|Inlined   0Y   0N|IR  20516/ 58742|CodeSize  317930|Addr 0x7f334bc5e1c0|Timestamp 145887246408749|Src n/a
[engine] opt done   id=261   ProtosRootNode@3f5fb973                            |Tier 2|Time    36(  10+27  )ms|AST    2|Inlined   0Y   0N|IR    815/   944|CodeSize    4429|Addr 0x7f334bcd7e00|Timestamp 145887369831051|Src n/a
[engine] opt done   id=262   ProtosRootNode@65003b3e                            |Tier 2|Time   862(  89+773 )ms|AST   10|Inlined   0Y   0N|IR   7804/ 23230|CodeSize  125455|Addr 0x7f334bcdd620|Timestamp 145888233879071|Src n/a
[engine] opt done   id=259   ProtosRootNode@64d0f94d                            |Tier 2|Time    24(  10+14  )ms|AST    2|Inlined   0Y   0N|IR    815/   944|CodeSize    4429|Addr 0x7f334bd11300|Timestamp 145888329715719|Src n/a
[engine] opt done   id=348   ProtosRootNode@5a154561                            |Tier 1|Time    16(   4+11  )ms|AST    2|Inlined   0Y   0N|IR    575/  1647|CodeSize    7498|Addr 0x7f334bd178a0|Timestamp 145888442970965|Src n/a
[engine] opt done   id=349   ProtosRootNode@1e9e66ad                            |Tier 1|Time  1976( 161+1815)ms|AST   25|Inlined   0Y   0N|IR  20587/ 71990|CodeSize  369997|Addr 0x7f334bd1fe40|Timestamp 145890422552277|Src n/a
[engine] opt done   id=346   ProtosRootNode@4268bca7                            |Tier 1|Time    28(   5+23  )ms|AST    2|Inlined   0Y   0N|IR    888/  1275|CodeSize    5532|Addr 0x7f334bdadfe0|Timestamp 145890453580335|Src n/a
[engine] opt done   id=347   ProtosRootNode@47a0e02e                            |Tier 1|Time   402(  40+363 )ms|AST   10|Inlined   0Y   0N|IR   7877/ 27957|CodeSize  143688|Addr 0x7f334bdb2620|Timestamp 145890856115907|Src n/a
[engine] opt done   id=344   ProtosRootNode@1779b559                            |Tier 1|Time    39(  17+22  )ms|AST    2|Inlined   0Y   0N|IR    888/  1275|CodeSize    5532|Addr 0x7f334bde9c60|Timestamp 145890898401192|Src n/a
[engine] opt failed id=345   ProtosRootNode@7cf45da9                            |Tier 1|Time   76(-145890899+145890975)ms|Reason: jdk.graal.compiler.truffle.GraphTooBigBailoutException: Graph too big to safely compile. Node count: 50144. Graph Size: 150051. Limit: 150000.|Timestamp 145890974711800|Src n/a
[engine] opt failed id=345   ProtosRootNode@7cf45da9                            |Tier 1|Time   52(-145890975+145891027)ms|Reason: jdk.graal.compiler.truffle.GraphTooBigBailoutException: Graph too big to safely compile. Node count: 50144. Graph Size: 150051. Limit: 150000.|Timestamp 145891027216641|Src n/a
[engine] opt done   id=358   ProtosRootNode@1d6636db                            |Tier 1|Time    32(   9+23  )ms|AST    2|Inlined   0Y   0N|IR    591/  1658|CodeSize    7561|Addr 0x7f334bdee2a0|Timestamp 145891081394644|Src n/a
[engine] opt done   id=359   ProtosRootNode@5e2a7317                            |Tier 1|Time  2823( 189+2633)ms|AST   31|Inlined   0Y   0N|IR  24900/ 88668|CodeSize  454302|Addr 0x7f334bdfaec0|Timestamp 145893905626635|Src n/a
[engine] opt done   id=328   ProtosRootNode@3e910d38                            |Tier 1|Time    14(   5+9   )ms|AST    2|Inlined   0Y   0N|IR    888/  1275|CodeSize    5532|Addr 0x7f334beaa4e0|Timestamp 145893948341921|Src n/a
[engine] opt done   id=329   ProtosRootNode@621228e6                            |Tier 1|Time   160(  20+141 )ms|AST    8|Inlined   0Y   0N|IR   4108/ 14355|CodeSize   71703|Addr 0x7f334beada40|Timestamp 145894108961188|Src n/a
[engine] opt done   id=342   ProtosRootNode@46432933                            |Tier 1|Time    15(   4+10  )ms|AST    2|Inlined   0Y   0N|IR    888/  1275|CodeSize    5532|Addr 0x7f334bec91e0|Timestamp 145894124112871|Src n/a
[engine] opt done   id=343   ProtosRootNode@3f29d89d                            |Tier 1|Time   426(  59+367 )ms|AST   14|Inlined   0Y   0N|IR   8039/ 28351|CodeSize  146358|Addr 0x7f334becdde0|Timestamp 145894552137519|Src n/a
[engine] opt done   id=338   ProtosRootNode@412d71ac                            |Tier 1|Time    24(   5+18  )ms|AST    2|Inlined   0Y   0N|IR    888/  1275|CodeSize    5532|Addr 0x7f334bf055e0|Timestamp 145894578457259|Src n/a
[engine] opt done   id=339   ProtosRootNode@162ae8b2                            |Tier 1|Time   556(  55+501 )ms|AST   12|Inlined   0Y   0N|IR   9547/ 32569|CodeSize  165278|Addr 0x7f334bf0a060|Timestamp 145895134749603|Src n/a
[engine] opt done   id=332   ProtosRootNode@4bbb71d5                            |Tier 1|Time    15(   5+10  )ms|AST    2|Inlined   0Y   0N|IR    888/  1275|CodeSize    5532|Addr 0x7f334bf49e60|Timestamp 145895165605801|Src n/a
[engine] opt done   id=333   ProtosRootNode@5600e1dc                            |Tier 1|Time   178(  29+149 )ms|AST    8|Inlined   0Y   0N|IR   4108/ 14355|CodeSize   71703|Addr 0x7f334bf4d840|Timestamp 145895343947814|Src n/a
[engine] opt done   id=336   ProtosRootNode@216871ef                            |Tier 1|Time    15(   4+10  )ms|AST    2|Inlined   0Y   0N|IR    888/  1275|CodeSize    5532|Addr 0x7f334bf68fe0|Timestamp 145895358888387|Src n/a
[engine] opt done   id=337   ProtosRootNode@261a8ba7                            |Tier 1|Time   875(  86+789 )ms|AST   18|Inlined   0Y   0N|IR  13481/ 46573|CodeSize  239146|Addr 0x7f334bf6ef40|Timestamp 145896236252233|Src n/a
[engine] opt done   id=354   ProtosRootNode@3cec5110                            |Tier 1|Time    14(   5+10  )ms|AST    2|Inlined   0Y   0N|IR    888/  1275|CodeSize    5532|Addr 0x7f334bfca6e0|Timestamp 145896265225387|Src n/a
[engine] opt done   id=355   ProtosRootNode@71317697                            |Tier 1|Time   465(  77+389 )ms|AST   10|Inlined   0Y   0N|IR   8197/ 27807|CodeSize  143154|Addr 0x7f334bfd0860|Timestamp 145896731800852|Src n/a
[engine] opt done   id=356   ProtosRootNode@881c339                             |Tier 1|Time    22(   5+17  )ms|AST    2|Inlined   0Y   0N|IR    888/  1275|CodeSize    5532|Addr 0x7f334c008a60|Timestamp 145896755741669|Src n/a
[engine] opt done   id=357   ProtosRootNode@1358ddac                            |Tier 1|Time  2263( 213+2050)ms|AST   28|Inlined   0Y   0N|IR  23473/ 78400|CodeSize  409752|Addr 0x7f334c010b40|Timestamp 145899018918269|Src n/a
[engine] opt done   id=350   ProtosRootNode@6a1b6456                            |Tier 1|Time    15(   4+10  )ms|AST    2|Inlined   0Y   0N|IR    591/  1658|CodeSize    7561|Addr 0x7f334c0b0c20|Timestamp 145899052171600|Src n/a
[engine] opt done   id=351   ProtosRootNode@4e94d4d6                            |Tier 1|Time  1249( 104+1145)ms|AST   27|Inlined   0Y   0N|IR  17057/ 57952|CodeSize  300444|Addr 0x7f334c0b8260|Timestamp 145900301834076|Src n/a
[engine] opt done   id=324   ProtosRootNode@451c0905                            |Tier 1|Time    16(   5+10  )ms|AST    2|Inlined   0Y   0N|IR    888/  1275|CodeSize    5532|Addr 0x7f334c12d0e0|Timestamp 145900353815725|Src n/a
[engine] opt done   id=325   ProtosRootNode@18f2644b                            |Tier 1|Time   848(  78+770 )ms|AST   15|Inlined   0Y   0N|IR  13121/ 45351|CodeSize  230832|Addr 0x7f334c132b40|Timestamp 145901222241588|Src n/a
[engine] opt done   id=322   ProtosRootNode@63d3932a                            |Tier 1|Time    14(   5+9   )ms|AST    2|Inlined   0Y   0N|IR    888/  1275|CodeSize    5532|Addr 0x7f334c18c4e0|Timestamp 145901255526768|Src n/a
[engine] opt done   id=323   ProtosRootNode@3b55957b                            |Tier 1|Time   862(  86+776 )ms|AST   15|Inlined   0Y   0N|IR  13121/ 45351|CodeSize  230832|Addr 0x7f334c191f40|Timestamp 145902117665930|Src n/a
[engine] opt done   id=348   ProtosRootNode@5a154561                            |Tier 2|Time    18(   3+15  )ms|AST    2|Inlined   0Y   0N|IR    502/  1344|CodeSize    6459|Addr 0x7f334c1eb620|Timestamp 145902242972910|Src n/a
[engine] opt done   id=349   ProtosRootNode@1e9e66ad                            |Tier 2|Time  1767( 145+1621)ms|AST   25|Inlined   0Y   0N|IR  20516/ 58742|CodeSize  317930|Addr 0x7f334c1f2c40|Timestamp 145904010567253|Src n/a
[engine] opt done   id=346   ProtosRootNode@4268bca7                            |Tier 2|Time    17(   5+13  )ms|AST    2|Inlined   0Y   0N|IR    815/   944|CodeSize    4429|Addr 0x7f334c26cc00|Timestamp 145904074725471|Src n/a
[engine] opt done   id=347   ProtosRootNode@47a0e02e                            |Tier 2|Time   484(  72+412 )ms|AST   10|Inlined   0Y   0N|IR   7804/ 23230|CodeSize  125455|Addr 0x7f334c272d20|Timestamp 145904560189207|Src n/a
[engine] opt done   id=344   ProtosRootNode@1779b559                            |Tier 2|Time    30(   8+22  )ms|AST    2|Inlined   0Y   0N|IR    815/   944|CodeSize    4429|Addr 0x7f334c2a3e80|Timestamp 145904643230102|Src n/a
[engine] opt done   id=433   ProtosRootNode@61a8e552                            |Tier 1|Time    23(   6+16  )ms|AST    2|Inlined   0Y   0N|IR    575/  1647|CodeSize    7498|Addr 0x7f334c2a94a0|Timestamp 145904743661175|Src n/a
[engine] opt done   id=434   ProtosRootNode@41a9ab00                            |Tier 1|Time  1768( 139+1629)ms|AST   25|Inlined   0Y   0N|IR  20587/ 71990|CodeSize  369997|Addr 0x7f334c2b1a40|Timestamp 145906512483391|Src n/a
[engine] opt done   id=431   ProtosRootNode@2b35acd1                            |Tier 1|Time    29(   5+24  )ms|AST    2|Inlined   0Y   0N|IR    888/  1275|CodeSize    5532|Addr 0x7f334c340360|Timestamp 145906546114961|Src n/a
[engine] opt done   id=432   ProtosRootNode@16fe4d65                            |Tier 1|Time   424(  39+385 )ms|AST   10|Inlined   0Y   0N|IR   7877/ 27957|CodeSize  143688|Addr 0x7f334c3449a0|Timestamp 145906969968431|Src n/a
[engine] opt done   id=429   ProtosRootNode@36aafc9f                            |Tier 1|Time    21(   5+16  )ms|AST    2|Inlined   0Y   0N|IR    888/  1275|CodeSize    5532|Addr 0x7f334c37bfe0|Timestamp 145906993417377|Src n/a
[engine] opt failed id=430   ProtosRootNode@12e49001                            |Tier 1|Time   44(-145906994+145907038)ms|Reason: jdk.graal.compiler.truffle.GraphTooBigBailoutException: Graph too big to safely compile. Node count: 50144. Graph Size: 150051. Limit: 150000.|Timestamp 145907037698104|Src n/a
[engine] opt failed id=430   ProtosRootNode@12e49001                            |Tier 1|Time   65(-145907038+145907103)ms|Reason: jdk.graal.compiler.truffle.GraphTooBigBailoutException: Graph too big to safely compile. Node count: 50144. Graph Size: 150051. Limit: 150000.|Timestamp 145907102643222|Src n/a
[engine] opt done   id=443   ProtosRootNode@3ca308c1                            |Tier 1|Time    14(   4+10  )ms|AST    2|Inlined   0Y   0N|IR    591/  1658|CodeSize    7561|Addr 0x7f334c37e820|Timestamp 145907122676672|Src n/a
[engine] opt done   id=444   ProtosRootNode@94809e6                             |Tier 1|Time  2634( 188+2446)ms|AST   31|Inlined   0Y   0N|IR  24900/ 88668|CodeSize  454302|Addr 0x7f334c387dc0|Timestamp 145909757129212|Src n/a
[engine] opt done   id=413   ProtosRootNode@3d231e4e                            |Tier 1|Time    24(  13+11  )ms|AST    2|Inlined   0Y   0N|IR    888/  1275|CodeSize    5532|Addr 0x7f334c4376e0|Timestamp 145909826671777|Src n/a
[engine] opt done   id=414   ProtosRootNode@5ff02500                            |Tier 1|Time   166(  22+144 )ms|AST    8|Inlined   0Y   0N|IR   4108/ 14355|CodeSize   71703|Addr 0x7f334c43b0c0|Timestamp 145909993599858|Src n/a
[engine] opt done   id=427   ProtosRootNode@71223389                            |Tier 1|Time    14(   4+9   )ms|AST    2|Inlined   0Y   0N|IR    888/  1275|CodeSize    5532|Addr 0x7f334c456860|Timestamp 145910007760899|Src n/a
[engine] opt done   id=428   ProtosRootNode@66bf0a1e                            |Tier 1|Time   395(  46+349 )ms|AST   14|Inlined   0Y   0N|IR   8039/ 28351|CodeSize  146358|Addr 0x7f334c45b460|Timestamp 145910403763124|Src n/a
[engine] opt done   id=423   ProtosRootNode@22666c41                            |Tier 1|Time    22(   5+17  )ms|AST    2|Inlined   0Y   0N|IR    888/  1275|CodeSize    5532|Addr 0x7f334c492c60|Timestamp 145910426135498|Src n/a
[engine] opt done   id=424   ProtosRootNode@62f74019                            |Tier 1|Time   505(  52+453 )ms|AST   12|Inlined   0Y   0N|IR   9547/ 32569|CodeSize  165278|Addr 0x7f334c4976e0|Timestamp 145910931685577|Src n/a
[engine] opt done   id=417   ProtosRootNode@3aa77e5f                            |Tier 1|Time    14(   4+10  )ms|AST    2|Inlined   0Y   0N|IR    888/  1275|CodeSize    5532|Addr 0x7f334c4d74e0|Timestamp 145910964848277|Src n/a
[engine] opt done   id=418   ProtosRootNode@27384172                            |Tier 1|Time   167(  21+146 )ms|AST    8|Inlined   0Y   0N|IR   4108/ 14355|CodeSize   71703|Addr 0x7f334c4daa40|Timestamp 145911131850788|Src n/a
[engine] opt done   id=421   ProtosRootNode@6ca382ad                            |Tier 1|Time    15(   5+10  )ms|AST    2|Inlined   0Y   0N|IR    888/  1275|CodeSize    5532|Addr 0x7f334c4f61e0|Timestamp 145911147411151|Src n/a
[engine] opt done   id=422   ProtosRootNode@7d28f412                            |Tier 1|Time   931(  85+846 )ms|AST   18|Inlined   0Y   0N|IR  13481/ 46573|CodeSize  239146|Addr 0x7f334c4fc0c0|Timestamp 145912078778519|Src n/a
[engine] opt done   id=439   ProtosRootNode@2dc48aab                            |Tier 1|Time    16(   6+10  )ms|AST    2|Inlined   0Y   0N|IR    888/  1275|CodeSize    5532|Addr 0x7f334c557860|Timestamp 145912120059521|Src n/a
[engine] opt done   id=440   ProtosRootNode@15ec6036                            |Tier 1|Time   485(  58+427 )ms|AST   10|Inlined   0Y   0N|IR   8197/ 27807|CodeSize  143154|Addr 0x7f334c55c360|Timestamp 145912605572519|Src n/a
[engine] opt done   id=441   ProtosRootNode@3bf17c07                            |Tier 1|Time    24(   6+17  )ms|AST    2|Inlined   0Y   0N|IR    888/  1275|CodeSize    5532|Addr 0x7f334c595160|Timestamp 145912632724139|Src n/a
[engine] opt done   id=442   ProtosRootNode@4e14a60                             |Tier 1|Time  2264( 199+2065)ms|AST   28|Inlined   0Y   0N|IR  23473/ 78400|CodeSize  409752|Addr 0x7f334c59f340|Timestamp 145914897291087|Src n/a
[engine] opt done   id=435   ProtosRootNode@613c2e49                            |Tier 1|Time    15(   4+11  )ms|AST    2|Inlined   0Y   0N|IR    591/  1658|CodeSize    7561|Addr 0x7f334c63f9a0|Timestamp 145914943405096|Src n/a
[engine] opt done   id=436   ProtosRootNode@92cea70                             |Tier 1|Time  1218(  99+1119)ms|AST   27|Inlined   0Y   0N|IR  17057/ 57952|CodeSize  300444|Addr 0x7f334c646fe0|Timestamp 145916161726514|Src n/a
[engine] opt done   id=409   ProtosRootNode@20fc14a                             |Tier 1|Time    15(   5+10  )ms|AST    2|Inlined   0Y   0N|IR    888/  1275|CodeSize    5532|Addr 0x7f334c6bc160|Timestamp 145916204911658|Src n/a
[engine] opt done   id=410   ProtosRootNode@1bc2c469                            |Tier 1|Time   917(  80+837 )ms|AST   15|Inlined   0Y   0N|IR  13121/ 45351|CodeSize  230832|Addr 0x7f334c6c20c0|Timestamp 145917139139240|Src n/a
[engine] opt done   id=407   ProtosRootNode@7e964c0d                            |Tier 1|Time    15(   5+11  )ms|AST    2|Inlined   0Y   0N|IR    888/  1275|CodeSize    5532|Addr 0x7f334c71b760|Timestamp 145917166743131|Src n/a
[engine] opt done   id=408   ProtosRootNode@3d0cbc90                            |Tier 1|Time   892(  89+803 )ms|AST   15|Inlined   0Y   0N|IR  13121/ 45351|CodeSize  230832|Addr 0x7f334c7211c0|Timestamp 145918059033469|Src n/a
[engine] opt done   id=433   ProtosRootNode@61a8e552                            |Tier 2|Time    18(   3+15  )ms|AST    2|Inlined   0Y   0N|IR    502/  1344|CodeSize    6459|Addr 0x7f334c77a8a0|Timestamp 145918186414069|Src n/a
[engine] opt done   id=434   ProtosRootNode@41a9ab00                            |Tier 2|Time  1925( 154+1771)ms|AST   25|Inlined   0Y   0N|IR  20516/ 58742|CodeSize  317930|Addr 0x7f334c782dc0|Timestamp 145920111830228|Src n/a
[engine] opt done   id=431   ProtosRootNode@2b35acd1                            |Tier 2|Time    18(   5+13  )ms|AST    2|Inlined   0Y   0N|IR    815/   944|CodeSize    4429|Addr 0x7f334c7fca00|Timestamp 145920175844653|Src n/a
[engine] opt done   id=432   ProtosRootNode@16fe4d65                            |Tier 2|Time   541(  43+497 )ms|AST   10|Inlined   0Y   0N|IR   7804/ 23230|CodeSize  125455|Addr 0x7f334c800420|Timestamp 145920717060325|Src n/a
[engine] opt done   id=429   ProtosRootNode@36aafc9f                            |Tier 2|Time    21(   7+13  )ms|AST    2|Inlined   0Y   0N|IR    815/   944|CodeSize    4429|Addr 0x7f334c830d00|Timestamp 145920801649631|Src n/a
[engine] opt done   id=101   ProtosRootNode@3526ba25                            |Tier 1|Time    16(   5+11  )ms|AST    2|Inlined   0Y   0N|IR    591/  1658|CodeSize    7561|Addr 0x7f334c833320|Timestamp 145920862773581|Src n/a
[engine] opt done   id=102   ProtosRootNode@74e3f77f                            |Tier 1|Time   313(  36+277 )ms|AST    9|Inlined   0Y   0N|IR   6629/ 23773|CodeSize  120764|Addr 0x7f334c838440|Timestamp 145921175967465|Src n/a
[engine] opt done   id=99    ProtosRootNode@29f9c427                            |Tier 1|Time    14(   4+10  )ms|AST    2|Inlined   0Y   0N|IR    888/  1275|CodeSize    5532|Addr 0x7f334c866ce0|Timestamp 145921198726829|Src n/a
[engine] opt done   id=100   ProtosRootNode@6dd261f1                            |Tier 1|Time   625(  62+563 )ms|AST   13|Inlined   0Y   0N|IR  10914/ 36834|CodeSize  192053|Addr 0x7f334c86bec0|Timestamp 145921823784144|Src n/a
[engine] opt done   id=105   ProtosRootNode@6186ddcd                            |Tier 1|Time    15(   4+10  )ms|AST    2|Inlined   0Y   0N|IR    888/  1275|CodeSize    5532|Addr 0x7f334c8b6d60|Timestamp 145921855650251|Src n/a
[engine] opt done   id=106   ProtosRootNode@3100255e                            |Tier 1|Time   255(  34+221 )ms|AST    8|Inlined   0Y   0N|IR   5608/ 19227|CodeSize   96961|Addr 0x7f334c8ba740|Timestamp 145922110772608|Src n/a
[engine] opt done   id=518   ProtosRootNode@11c5a877                            |Tier 1|Time    33(   5+28  )ms|AST    2|Inlined   0Y   0N|IR    575/  1647|CodeSize    7498|Addr 0x7f334c8e0aa0|Timestamp 145922169991456|Src n/a
[engine] opt done   id=519   ProtosRootNode@188208d                             |Tier 1|Time  2108( 286+1822)ms|AST   25|Inlined   0Y   0N|IR  20587/ 71990|CodeSize  369997|Addr 0x7f334c8eacc0|Timestamp 145924312341910|Src n/a
[engine] opt done   id=516   ProtosRootNode@443281c5                            |Tier 1|Time    26(   5+21  )ms|AST    2|Inlined   0Y   0N|IR    888/  1275|CodeSize    5532|Addr 0x7f334c978e60|Timestamp 145924340434271|Src n/a
[engine] opt done   id=517   ProtosRootNode@f206a3b                             |Tier 1|Time   397(  38+359 )ms|AST   10|Inlined   0Y   0N|IR   7877/ 27957|CodeSize  143688|Addr 0x7f334c97d4a0|Timestamp 145924737922127|Src n/a
[engine] opt done   id=514   ProtosRootNode@58cd47bc                            |Tier 1|Time    20(   4+16  )ms|AST    2|Inlined   0Y   0N|IR    888/  1275|CodeSize    5532|Addr 0x7f334c9b4760|Timestamp 145924759582019|Src n/a
[engine] opt failed id=515   ProtosRootNode@1b75f1b0                            |Tier 1|Time   44(-145924760+145924804)ms|Reason: jdk.graal.compiler.truffle.GraphTooBigBailoutException: Graph too big to safely compile. Node count: 50144. Graph Size: 150051. Limit: 150000.|Timestamp 145924803601784|Src n/a
[engine] opt failed id=515   ProtosRootNode@1b75f1b0                            |Tier 1|Time   43(-145924804+145924847)ms|Reason: jdk.graal.compiler.truffle.GraphTooBigBailoutException: Graph too big to safely compile. Node count: 50144. Graph Size: 150051. Limit: 150000.|Timestamp 145924847006968|Src n/a
[engine] opt done   id=528   ProtosRootNode@64d9e895                            |Tier 1|Time    15(   4+11  )ms|AST    2|Inlined   0Y   0N|IR    591/  1658|CodeSize    7561|Addr 0x7f334c9b72a0|Timestamp 145924877797553|Src n/a
[engine] opt done   id=529   ProtosRootNode@460ecedc                            |Tier 1|Time  2520( 163+2357)ms|AST   31|Inlined   0Y   0N|IR  24900/ 88668|CodeSize  454302|Addr 0x7f334c9c0840|Timestamp 145927398378761|Src n/a
[engine] opt done   id=498   ProtosRootNode@6f1e291a                            |Tier 1|Time    15(   5+10  )ms|AST    2|Inlined   0Y   0N|IR    888/  1275|CodeSize    5532|Addr 0x7f334ca6fe60|Timestamp 145927448436855|Src n/a
[engine] opt done   id=499   ProtosRootNode@42b6fc8c                            |Tier 1|Time   161(  21+140 )ms|AST    8|Inlined   0Y   0N|IR   4108/ 14355|CodeSize   71703|Addr 0x7f334ca733c0|Timestamp 145927609534931|Src n/a
[engine] opt done   id=512   ProtosRootNode@aa3d3a8                             |Tier 1|Time    20(   8+12  )ms|AST    2|Inlined   0Y   0N|IR    888/  1275|CodeSize    5532|Addr 0x7f334ca8ef60|Timestamp 145927631217873|Src n/a
[engine] opt done   id=513   ProtosRootNode@2ffb1572                            |Tier 1|Time   403(  48+356 )ms|AST   14|Inlined   0Y   0N|IR   8039/ 28351|CodeSize  146358|Addr 0x7f334ca93860|Timestamp 145928034750205|Src n/a
[engine] opt done   id=508   ProtosRootNode@26381f98                            |Tier 1|Time    22(   4+18  )ms|AST    2|Inlined   0Y   0N|IR    888/  1275|CodeSize    5532|Addr 0x7f334cacb3e0|Timestamp 145928057231208|Src n/a
[engine] opt done   id=509   ProtosRootNode@569f1374                            |Tier 1|Time   504(  56+448 )ms|AST   12|Inlined   0Y   0N|IR   9547/ 32569|CodeSize  165278|Addr 0x7f334cacfe60|Timestamp 145928561305868|Src n/a
[engine] opt done   id=502   ProtosRootNode@61ef677a                            |Tier 1|Time    16(   7+9   )ms|AST    2|Inlined   0Y   0N|IR    888/  1275|CodeSize    5532|Addr 0x7f334cb106e0|Timestamp 145928578847033|Src n/a
[engine] opt done   id=503   ProtosRootNode@79ddbeb4                            |Tier 1|Time   169(  26+143 )ms|AST    8|Inlined   0Y   0N|IR   4108/ 14355|CodeSize   71703|Addr 0x7f334cb13c40|Timestamp 145928748547362|Src n/a
[engine] opt done   id=506   ProtosRootNode@7bedd52                             |Tier 1|Time    14(   5+9   )ms|AST    2|Inlined   0Y   0N|IR    888/  1275|CodeSize    5532|Addr 0x7f334cb2f3e0|Timestamp 145928763624304|Src n/a
[engine] opt done   id=507   ProtosRootNode@24dddd5b                            |Tier 1|Time   844(  85+759 )ms|AST   18|Inlined   0Y   0N|IR  13481/ 46573|CodeSize  239146|Addr 0x7f334cb34fc0|Timestamp 145929609372523|Src n/a
[engine] opt done   id=524   ProtosRootNode@5d0b4f9d                            |Tier 1|Time    14(   4+10  )ms|AST    2|Inlined   0Y   0N|IR    888/  1275|CodeSize    5532|Addr 0x7f334cb90ee0|Timestamp 145929653811058|Src n/a
[engine] opt done   id=525   ProtosRootNode@6e961b57                            |Tier 1|Time   443(  56+387 )ms|AST   10|Inlined   0Y   0N|IR   8197/ 27807|CodeSize  143154|Addr 0x7f334cb955e0|Timestamp 145930097170017|Src n/a
[engine] opt done   id=526   ProtosRootNode@361ec2cb                            |Tier 1|Time    21(   4+17  )ms|AST    2|Inlined   0Y   0N|IR    888/  1275|CodeSize    5532|Addr 0x7f334cbcdae0|Timestamp 145930119742310|Src n/a
[engine] opt done   id=527   ProtosRootNode@2ecd4f54                            |Tier 1|Time  2037( 149+1888)ms|AST   28|Inlined   0Y   0N|IR  23473/ 78400|CodeSize  409752|Addr 0x7f334cbd5bc0|Timestamp 145932157346316|Src n/a
[engine] opt done   id=520   ProtosRootNode@56b8b7e8                            |Tier 1|Time    14(   4+10  )ms|AST    2|Inlined   0Y   0N|IR    591/  1658|CodeSize    7561|Addr 0x7f334cc75ca0|Timestamp 145932194368131|Src n/a
[engine] opt done   id=521   ProtosRootNode@1252b3f1                            |Tier 1|Time  1143(  93+1051)ms|AST   27|Inlined   0Y   0N|IR  17057/ 57952|CodeSize  300444|Addr 0x7f334cc7d2e0|Timestamp 145933338160868|Src n/a
[engine] opt done   id=494   ProtosRootNode@82d33dd                             |Tier 1|Time    28(   5+24  )ms|AST    2|Inlined   0Y   0N|IR    888/  1275|CodeSize    5532|Addr 0x7f334ccf2160|Timestamp 145933391241675|Src n/a
[engine] opt done   id=495   ProtosRootNode@4c7de7d5                            |Tier 1|Time   805(  74+731 )ms|AST   15|Inlined   0Y   0N|IR  13121/ 45351|CodeSize  230832|Addr 0x7f334ccf7bc0|Timestamp 145934197026898|Src n/a
[engine] opt done   id=492   ProtosRootNode@6b0cad32                            |Tier 1|Time    14(   4+10  )ms|AST    2|Inlined   0Y   0N|IR    888/  1275|CodeSize    5532|Addr 0x7f334cd51260|Timestamp 145934223840747|Src n/a
[engine] opt done   id=493   ProtosRootNode@41eedd44                            |Tier 1|Time   808(  80+728 )ms|AST   15|Inlined   0Y   0N|IR  13121/ 45351|CodeSize  230832|Addr 0x7f334cd56cc0|Timestamp 145935032319783|Src n/a
[engine] opt done   id=518   ProtosRootNode@11c5a877                            |Tier 2|Time    16(   3+14  )ms|AST    2|Inlined   0Y   0N|IR    502/  1344|CodeSize    6459|Addr 0x7f334cdb03a0|Timestamp 145935152681058|Src n/a
[engine] opt done   id=519   ProtosRootNode@188208d                             |Tier 2|Time  1580( 128+1452)ms|AST   25|Inlined   0Y   0N|IR  20516/ 58742|CodeSize  317930|Addr 0x7f334cdb71c0|Timestamp 145936733320952|Src n/a
[engine] opt done   id=516   ProtosRootNode@443281c5                            |Tier 2|Time    18(   4+14  )ms|AST    2|Inlined   0Y   0N|IR    815/   944|CodeSize    4429|Addr 0x7f334ce30e00|Timestamp 145936790060635|Src n/a
[engine] opt done   id=517   ProtosRootNode@f206a3b                             |Tier 2|Time   425(  41+384 )ms|AST   10|Inlined   0Y   0N|IR   7804/ 23230|CodeSize  125455|Addr 0x7f334ce34820|Timestamp 145937215620341|Src n/a
[engine] opt done   id=514   ProtosRootNode@58cd47bc                            |Tier 2|Time    17(   4+12  )ms|AST    2|Inlined   0Y   0N|IR    815/   944|CodeSize    4429|Addr 0x7f334ce64b00|Timestamp 145937282215698|Src n/a
[engine] opt done   id=603   ProtosRootNode@4fb5bb8a                            |Tier 1|Time    22(   5+18  )ms|AST    2|Inlined   0Y   0N|IR    575/  1647|CodeSize    7498|Addr 0x7f334ce68da0|Timestamp 145937379129078|Src n/a
[engine] opt done   id=604   ProtosRootNode@16c308b1                            |Tier 1|Time  1725( 132+1593)ms|AST   25|Inlined   0Y   0N|IR  20587/ 71990|CodeSize  369997|Addr 0x7f334b188340|Timestamp 145939108376480|Src n/a
[engine] opt done   id=601   ProtosRootNode@268d3171                            |Tier 1|Time    26(   5+21  )ms|AST    2|Inlined   0Y   0N|IR    888/  1275|CodeSize    5532|Addr 0x7f334b218060|Timestamp 145939136328681|Src n/a
[engine] opt done   id=602   ProtosRootNode@6bb5d39c                            |Tier 1|Time   358(  37+322 )ms|AST   10|Inlined   0Y   0N|IR   7877/ 27957|CodeSize  143688|Addr 0x7f334b223220|Timestamp 145939496562662|Src n/a
[engine] opt done   id=599   ProtosRootNode@76857518                            |Tier 1|Time    24(   8+17  )ms|AST    2|Inlined   0Y   0N|IR    888/  1275|CodeSize    5532|Addr 0x7f334b25d2e0|Timestamp 145939523789351|Src n/a
[engine] opt failed id=600   ProtosRootNode@28ac4796                            |Tier 1|Time   43(-145939524+145939567)ms|Reason: jdk.graal.compiler.truffle.GraphTooBigBailoutException: Graph too big to safely compile. Node count: 50144. Graph Size: 150051. Limit: 150000.|Timestamp 145939566918223|Src n/a
[engine] opt failed id=600   ProtosRootNode@28ac4796                            |Tier 1|Time   42(-145939567+145939609)ms|Reason: jdk.graal.compiler.truffle.GraphTooBigBailoutException: Graph too big to safely compile. Node count: 50144. Graph Size: 150051. Limit: 150000.|Timestamp 145939609460745|Src n/a
[engine] opt done   id=613   ProtosRootNode@65e43bff                            |Tier 1|Time    14(   4+10  )ms|AST    2|Inlined   0Y   0N|IR    591/  1658|CodeSize    7561|Addr 0x7f334b1763a0|Timestamp 145939641195360|Src n/a
[engine] opt done   id=614   ProtosRootNode@55d517a8                            |Tier 1|Time  2423( 152+2272)ms|AST   31|Inlined   0Y   0N|IR  24900/ 88668|CodeSize  454302|Addr 0x7f334b271a40|Timestamp 145942064849105|Src n/a
[engine] opt done   id=583   ProtosRootNode@4704fa4b                            |Tier 1|Time    14(   4+9   )ms|AST    2|Inlined   0Y   0N|IR    888/  1275|CodeSize    5532|Addr 0x7f334b269360|Timestamp 145942119855964|Src n/a
[engine] opt done   id=584   ProtosRootNode@7a3a7c34                            |Tier 1|Time   151(  19+132 )ms|AST    8|Inlined   0Y   0N|IR   4108/ 14355|CodeSize   71703|Addr 0x7f334b3c9340|Timestamp 145942271395302|Src n/a
[engine] opt done   id=597   ProtosRootNode@6cfa29bc                            |Tier 1|Time    14(   5+9   )ms|AST    2|Inlined   0Y   0N|IR    888/  1275|CodeSize    5532|Addr 0x7f334b37d460|Timestamp 145942285622093|Src n/a
[engine] opt done   id=598   ProtosRootNode@656583ac                            |Tier 1|Time   369(  43+326 )ms|AST   14|Inlined   0Y   0N|IR   8039/ 28351|CodeSize  146358|Addr 0x7f334b345860|Timestamp 145942654819474|Src n/a
[engine] opt done   id=593   ProtosRootNode@762e1fad                            |Tier 1|Time    20(   4+16  )ms|AST    2|Inlined   0Y   0N|IR    888/  1275|CodeSize    5532|Addr 0x7f334b3c48e0|Timestamp 145942675205164|Src n/a
[engine] opt done   id=594   ProtosRootNode@91e91b8                             |Tier 1|Time   487(  50+437 )ms|AST   12|Inlined   0Y   0N|IR   9547/ 32569|CodeSize  165278|Addr 0x7f334b383c60|Timestamp 145943162911305|Src n/a
[engine] opt done   id=587   ProtosRootNode@6b53a17b                            |Tier 1|Time    14(   4+9   )ms|AST    2|Inlined   0Y   0N|IR    888/  1275|CodeSize    5532|Addr 0x7f334b3e4ee0|Timestamp 145943194985261|Src n/a
[engine] opt done   id=588   ProtosRootNode@4fb45fd7                            |Tier 1|Time   154(  19+134 )ms|AST    8|Inlined   0Y   0N|IR   4108/ 14355|CodeSize   71703|Addr 0x7f334b326d40|Timestamp 145943348974642|Src n/a
[engine] opt done   id=591   ProtosRootNode@6d29ad0f                            |Tier 1|Time    13(   4+9   )ms|AST    2|Inlined   0Y   0N|IR    888/  1275|CodeSize    5532|Addr 0x7f334b3237e0|Timestamp 145943362943472|Src n/a
[engine] opt done   id=592   ProtosRootNode@5a2bf71                             |Tier 1|Time   866(  94+773 )ms|AST   18|Inlined   0Y   0N|IR  13481/ 46573|CodeSize  239146|Addr 0x7f334b3eb440|Timestamp 145944231604430|Src n/a
[engine] opt done   id=609   ProtosRootNode@5392997b                            |Tier 1|Time    14(   5+9   )ms|AST    2|Inlined   0Y   0N|IR    888/  1275|CodeSize    5532|Addr 0x7f334b44ade0|Timestamp 145944259604670|Src n/a
[engine] opt done   id=610   ProtosRootNode@30f79ada                            |Tier 1|Time   406(  50+356 )ms|AST   10|Inlined   0Y   0N|IR   8197/ 27807|CodeSize  143154|Addr 0x7f334b450860|Timestamp 145944665886373|Src n/a
[engine] opt done   id=611   ProtosRootNode@229c764a                            |Tier 1|Time    20(  11+9   )ms|AST    2|Inlined   0Y   0N|IR    888/  1275|CodeSize    5532|Addr 0x7f334b489b60|Timestamp 145944687684944|Src n/a
[engine] opt done   id=612   ProtosRootNode@30835431                            |Tier 1|Time  2115( 188+1927)ms|AST   28|Inlined   0Y   0N|IR  23473/ 78400|CodeSize  409752|Addr 0x7f334b494740|Timestamp 145946803156305|Src n/a
[engine] opt done   id=605   ProtosRootNode@7550649c                            |Tier 1|Time    14(   4+10  )ms|AST    2|Inlined   0Y   0N|IR    591/  1658|CodeSize    7561|Addr 0x7f334b265220|Timestamp 145946850272402|Src n/a
[engine] opt done   id=606   ProtosRootNode@63831c98                            |Tier 1|Time  1150(  95+1055)ms|AST   27|Inlined   0Y   0N|IR  17057/ 57952|CodeSize  300444|Addr 0x7f334b53e160|Timestamp 145948000694186|Src n/a
[engine] opt done   id=579   ProtosRootNode@5ba44d3b                            |Tier 1|Time    14(   4+9   )ms|AST    2|Inlined   0Y   0N|IR    888/  1275|CodeSize    5532|Addr 0x7f334b5b7ce0|Timestamp 145948072009548|Src n/a
[engine] opt done   id=580   ProtosRootNode@32bde696                            |Tier 1|Time   805(  74+731 )ms|AST   15|Inlined   0Y   0N|IR  13121/ 45351|CodeSize  230832|Addr 0x7f334b5c1440|Timestamp 145948876978027|Src n/a
[engine] opt done   id=577   ProtosRootNode@298def5                             |Tier 1|Time    14(   4+9   )ms|AST    2|Inlined   0Y   0N|IR    888/  1275|CodeSize    5532|Addr 0x7f334b61e660|Timestamp 145948902190003|Src n/a
[engine] opt done   id=578   ProtosRootNode@5c136919                            |Tier 1|Time   808(  81+727 )ms|AST   15|Inlined   0Y   0N|IR  13121/ 45351|CodeSize  230832|Addr 0x7f334b629040|Timestamp 145949710789816|Src n/a
[engine] opt done   id=603   ProtosRootNode@4fb5bb8a                            |Tier 2|Time    16(   3+14  )ms|AST    2|Inlined   0Y   0N|IR    502/  1344|CodeSize    6459|Addr 0x7f334b6a94a0|Timestamp 145949822168645|Src n/a
[engine] opt done   id=604   ProtosRootNode@16c308b1                            |Tier 2|Time  1607( 124+1483)ms|AST   25|Inlined   0Y   0N|IR  20516/ 58742|CodeSize  317930|Addr 0x7f334b6b1040|Timestamp 145951444103873|Src n/a
[engine] opt done   id=601   ProtosRootNode@268d3171                            |Tier 2|Time    16(   4+12  )ms|AST    2|Inlined   0Y   0N|IR    815/   944|CodeSize    4429|Addr 0x7f334c26cc00|Timestamp 145951499917422|Src n/a
[engine] opt done   id=602   ProtosRootNode@6bb5d39c                            |Tier 2|Time   430(  40+390 )ms|AST   10|Inlined   0Y   0N|IR   7804/ 23230|CodeSize  125455|Addr 0x7f334bcdd620|Timestamp 145951930647964|Src n/a
[engine] opt done   id=599   ProtosRootNode@76857518                            |Tier 2|Time    16(   4+12  )ms|AST    2|Inlined   0Y   0N|IR    815/   944|CodeSize    4429|Addr 0x7f334c2a3e80|Timestamp 145951972094423|Src n/a
[engine] opt done   id=688   ProtosRootNode@7671f33a                            |Tier 1|Time    14(   4+10  )ms|AST    2|Inlined   0Y   0N|IR    575/  1647|CodeSize    7498|Addr 0x7f334b5356a0|Timestamp 145952058052625|Src n/a
[engine] opt done   id=689   ProtosRootNode@21ee55e2                            |Tier 1|Time  1713( 125+1587)ms|AST   25|Inlined   0Y   0N|IR  20587/ 71990|CodeSize  369997|Addr 0x7f334b775cc0|Timestamp 145953780176119|Src n/a
[engine] opt done   id=686   ProtosRootNode@4432dd09                            |Tier 1|Time    16(   7+9   )ms|AST    2|Inlined   0Y   0N|IR    888/  1275|CodeSize    5532|Addr 0x7f334b842be0|Timestamp 145953838423331|Src n/a
[engine] opt done   id=687   ProtosRootNode@39da110a                            |Tier 1|Time   359(  40+320 )ms|AST   10|Inlined   0Y   0N|IR   7877/ 27957|CodeSize  143688|Addr 0x7f334b92a7a0|Timestamp 145954198046630|Src n/a
[engine] opt done   id=684   ProtosRootNode@1eb29827                            |Tier 1|Time    20(   4+16  )ms|AST    2|Inlined   0Y   0N|IR    888/  1275|CodeSize    5532|Addr 0x7f334ba2be60|Timestamp 145954219569871|Src n/a
[engine] opt failed id=685   ProtosRootNode@3873ddba                            |Tier 1|Time   43(-145954220+145954263)ms|Reason: jdk.graal.compiler.truffle.GraphTooBigBailoutException: Graph too big to safely compile. Node count: 50144. Graph Size: 150051. Limit: 150000.|Timestamp 145954262656882|Src n/a
[engine] opt failed id=685   ProtosRootNode@3873ddba                            |Tier 1|Time   43(-145954263+145954305)ms|Reason: jdk.graal.compiler.truffle.GraphTooBigBailoutException: Graph too big to safely compile. Node count: 50144. Graph Size: 150051. Limit: 150000.|Timestamp 145954305498743|Src n/a
[engine] opt done   id=698   ProtosRootNode@3f6b3367                            |Tier 1|Time    14(   4+10  )ms|AST    2|Inlined   0Y   0N|IR    591/  1658|CodeSize    7561|Addr 0x7f334b76d2a0|Timestamp 145954334380094|Src n/a
[engine] opt done   id=699   ProtosRootNode@2b303f03                            |Tier 1|Time  2393( 159+2234)ms|AST   31|Inlined   0Y   0N|IR  24900/ 88668|CodeSize  454302|Addr 0x7f334b8548c0|Timestamp 145956727628207|Src n/a
[engine] opt done   id=668   ProtosRootNode@56c9928e                            |Tier 1|Time    14(   5+10  )ms|AST    2|Inlined   0Y   0N|IR    888/  1275|CodeSize    5532|Addr 0x7f334bb91760|Timestamp 145956765937891|Src n/a
[engine] opt done   id=669   ProtosRootNode@fd07f90                             |Tier 1|Time   160(  19+141 )ms|AST    8|Inlined   0Y   0N|IR   4108/ 14355|CodeSize   71703|Addr 0x7f334bf50040|Timestamp 145956926087867|Src n/a
[engine] opt done   id=682   ProtosRootNode@b7c8d72                             |Tier 1|Time    14(   4+10  )ms|AST    2|Inlined   0Y   0N|IR    888/  1275|CodeSize    5532|Addr 0x7f334bde9c60|Timestamp 145956940479018|Src n/a
[engine] opt done   id=683   ProtosRootNode@367cb9b6                            |Tier 1|Time   387(  46+341 )ms|AST   14|Inlined   0Y   0N|IR   8039/ 28351|CodeSize  146358|Addr 0x7f334c55cd60|Timestamp 145957328192495|Src n/a
[engine] opt done   id=678   ProtosRootNode@8af27e6                             |Tier 1|Time    21(   5+16  )ms|AST    2|Inlined   0Y   0N|IR    888/  1275|CodeSize    5532|Addr 0x7f334bf4cae0|Timestamp 145957349750945|Src n/a
[engine] opt done   id=679   ProtosRootNode@6ac268f7                            |Tier 1|Time   480(  51+429 )ms|AST   12|Inlined   0Y   0N|IR   9547/ 32569|CodeSize  165278|Addr 0x7f334b967060|Timestamp 145957830206712|Src n/a
[engine] opt done   id=672   ProtosRootNode@3649ef21                            |Tier 1|Time    15(   5+9   )ms|AST    2|Inlined   0Y   0N|IR    888/  1275|CodeSize    5532|Addr 0x7f334b9625e0|Timestamp 145957865484122|Src n/a
[engine] opt done   id=673   ProtosRootNode@bdeb246                             |Tier 1|Time   162(  24+138 )ms|AST    8|Inlined   0Y   0N|IR   4108/ 14355|CodeSize   71703|Addr 0x7f334c43d8c0|Timestamp 145958027709181|Src n/a
[engine] opt done   id=676   ProtosRootNode@2f2c7988                            |Tier 1|Time    14(   4+9   )ms|AST    2|Inlined   0Y   0N|IR    888/  1275|CodeSize    5532|Addr 0x7f334c4376e0|Timestamp 145958041894541|Src n/a
[engine] opt done   id=677   ProtosRootNode@1240c14f                            |Tier 1|Time   873( 101+773 )ms|AST   18|Inlined   0Y   0N|IR  13481/ 46573|CodeSize  239146|Addr 0x7f334bbf70c0|Timestamp 145958915844561|Src n/a
[engine] opt done   id=694   ProtosRootNode@4f4d2ccc                            |Tier 1|Time    14(   4+9   )ms|AST    2|Inlined   0Y   0N|IR    888/  1275|CodeSize    5532|Addr 0x7f334c43a360|Timestamp 145958943435380|Src n/a
[engine] opt done   id=695   ProtosRootNode@34d40117                            |Tier 1|Time   406(  62+344 )ms|AST   10|Inlined   0Y   0N|IR   8197/ 27807|CodeSize  143154|Addr 0x7f334b808760|Timestamp 145959350084023|Src n/a
[engine] opt done   id=696   ProtosRootNode@423cc41a                            |Tier 1|Time    20(   4+16  )ms|AST    2|Inlined   0Y   0N|IR    888/  1275|CodeSize    5532|Addr 0x7f334c595160|Timestamp 145959371867243|Src n/a
[engine] opt done   id=697   ProtosRootNode@6ae50e20                            |Tier 1|Time  2073( 173+1900)ms|AST   28|Inlined   0Y   0N|IR  23473/ 78400|CodeSize  409752|Addr 0x7f334c59f340|Timestamp 145961445994997|Src n/a
[engine] opt done   id=690   ProtosRootNode@5048e0c3                            |Tier 1|Time    14(   4+10  )ms|AST    2|Inlined   0Y   0N|IR    591/  1658|CodeSize    7561|Addr 0x7f334b84b320|Timestamp 145961492591182|Src n/a
[engine] opt done   id=691   ProtosRootNode@7c940601                            |Tier 1|Time  1177(  95+1082)ms|AST   27|Inlined   0Y   0N|IR  17057/ 57952|CodeSize  300444|Addr 0x7f334bb196e0|Timestamp 145962669559442|Src n/a
[engine] opt done   id=664   ProtosRootNode@6e0be6f1                            |Tier 1|Time    14(   5+9   )ms|AST    2|Inlined   0Y   0N|IR    888/  1275|CodeSize    5532|Addr 0x7f334c6bc160|Timestamp 145962735281174|Src n/a
[engine] opt done   id=665   ProtosRootNode@7ce41f2c                            |Tier 1|Time   770(  69+701 )ms|AST   15|Inlined   0Y   0N|IR  13121/ 45351|CodeSize  230832|Addr 0x7f334bb99140|Timestamp 145963505450922|Src n/a
[engine] opt done   id=662   ProtosRootNode@43b8d929                            |Tier 1|Time    14(   4+9   )ms|AST    2|Inlined   0Y   0N|IR    888/  1275|CodeSize    5532|Addr 0x7f334bb12c60|Timestamp 145963530607877|Src n/a
[engine] opt done   id=663   ProtosRootNode@59a97fa9                            |Tier 1|Time   802(  79+723 )ms|AST   15|Inlined   0Y   0N|IR  13121/ 45351|CodeSize  230832|Addr 0x7f334bf73840|Timestamp 145964333309869|Src n/a
[engine] opt done   id=688   ProtosRootNode@7671f33a                            |Tier 2|Time    39(   3+35  )ms|AST    2|Inlined   0Y   0N|IR    502/  1344|CodeSize    6459|Addr 0x7f334bdee8a0|Timestamp 145964467858007|Src n/a
[engine] opt done   id=689   ProtosRootNode@21ee55e2                            |Tier 2|Time  1668( 129+1539)ms|AST   25|Inlined   0Y   0N|IR  20516/ 58742|CodeSize  317930|Addr 0x7f334c1f2c40|Timestamp 145966136444106|Src n/a
[engine] opt done   id=686   ProtosRootNode@4432dd09                            |Tier 2|Time    16(   4+12  )ms|AST    2|Inlined   0Y   0N|IR    815/   944|CodeSize    4429|Addr 0x7f334c830d00|Timestamp 145966196873540|Src n/a
[engine] opt done   id=687   ProtosRootNode@39da110a                            |Tier 2|Time   446(  41+406 )ms|AST   10|Inlined   0Y   0N|IR   7804/ 23230|CodeSize  125455|Addr 0x7f334c272d20|Timestamp 145966643542362|Src n/a
[engine] opt done   id=684   ProtosRootNode@1eb29827                            |Tier 2|Time    23(   4+19  )ms|AST    2|Inlined   0Y   0N|IR    815/   944|CodeSize    4429|Addr 0x7f334c8e1f80|Timestamp 145966695129854|Src n/a
[engine] opt done   id=773   ProtosRootNode@245326a8                            |Tier 1|Time    27(   5+23  )ms|AST    2|Inlined   0Y   0N|IR    575/  1647|CodeSize    7498|Addr 0x7f334bf6cf20|Timestamp 145966804712297|Src n/a
[engine] opt done   id=774   ProtosRootNode@1722a8d1                            |Tier 1|Time  1706( 150+1556)ms|AST   25|Inlined   0Y   0N|IR  20587/ 71990|CodeSize  369997|Addr 0x7f334c2b1a40|Timestamp 145968512966084|Src n/a
[engine] opt done   id=771   ProtosRootNode@54082abf                            |Tier 1|Time    26(   5+21  )ms|AST    2|Inlined   0Y   0N|IR    888/  1275|CodeSize    5532|Addr 0x7f334c2aa360|Timestamp 145968540503472|Src n/a
[engine] opt done   id=772   ProtosRootNode@c0fbf1b                             |Tier 1|Time   418(  38+380 )ms|AST   10|Inlined   0Y   0N|IR   7877/ 27957|CodeSize  143688|Addr 0x7f334c3449a0|Timestamp 145968959028443|Src n/a
[engine] opt done   id=769   ProtosRootNode@4f86afd1                            |Tier 1|Time    20(   4+16  )ms|AST    2|Inlined   0Y   0N|IR    888/  1275|CodeSize    5532|Addr 0x7f334c340360|Timestamp 145968980662063|Src n/a
[engine] opt failed id=770   ProtosRootNode@a015ddf                             |Tier 1|Time   46(-145968981+145969027)ms|Reason: jdk.graal.compiler.truffle.GraphTooBigBailoutException: Graph too big to safely compile. Node count: 50144. Graph Size: 150051. Limit: 150000.|Timestamp 145969027350568|Src n/a
[engine] opt failed id=770   ProtosRootNode@a015ddf                             |Tier 1|Time   45(-145969028+145969073)ms|Reason: jdk.graal.compiler.truffle.GraphTooBigBailoutException: Graph too big to safely compile. Node count: 50144. Graph Size: 150051. Limit: 150000.|Timestamp 145969072718241|Src n/a
[engine] opt done   id=783   ProtosRootNode@2812183f                            |Tier 1|Time    17(   6+11  )ms|AST    2|Inlined   0Y   0N|IR    591/  1658|CodeSize    7561|Addr 0x7f334b922220|Timestamp 145969107564199|Src n/a
[engine] opt done   id=784   ProtosRootNode@7f2a0099                            |Tier 1|Time  2433( 173+2261)ms|AST   31|Inlined   0Y   0N|IR  24900/ 88668|CodeSize  454302|Addr 0x7f334c387dc0|Timestamp 145971543249286|Src n/a
[engine] opt done   id=753   ProtosRootNode@535c674d                            |Tier 1|Time    14(   4+10  )ms|AST    2|Inlined   0Y   0N|IR    888/  1275|CodeSize    5532|Addr 0x7f334c37f6e0|Timestamp 145971586181615|Src n/a
[engine] opt done   id=754   ProtosRootNode@647f21f                             |Tier 1|Time   159(  19+140 )ms|AST    8|Inlined   0Y   0N|IR   4108/ 14355|CodeSize   71703|Addr 0x7f334b906a40|Timestamp 145971745048865|Src n/a
[engine] opt done   id=767   ProtosRootNode@21d829a4                            |Tier 1|Time    14(   5+10  )ms|AST    2|Inlined   0Y   0N|IR    888/  1275|CodeSize    5532|Addr 0x7f334c37cee0|Timestamp 145971759896236|Src n/a
[engine] opt done   id=768   ProtosRootNode@8966a5f                             |Tier 1|Time   405(  46+360 )ms|AST   14|Inlined   0Y   0N|IR   8039/ 28351|CodeSize  146358|Addr 0x7f334ca93860|Timestamp 145972165688507|Src n/a
[engine] opt done   id=763   ProtosRootNode@69acfad9                            |Tier 1|Time    14(   4+9   )ms|AST    2|Inlined   0Y   0N|IR    888/  1275|CodeSize    5532|Addr 0x7f334ca8ef60|Timestamp 145972191674893|Src n/a
[engine] opt done   id=764   ProtosRootNode@e7902b                              |Tier 1|Time   506(  50+456 )ms|AST   12|Inlined   0Y   0N|IR   9547/ 32569|CodeSize  165278|Addr 0x7f334cacfe60|Timestamp 145972699451235|Src n/a
[engine] opt done   id=757   ProtosRootNode@26356082                            |Tier 1|Time    21(   5+16  )ms|AST    2|Inlined   0Y   0N|IR    888/  1275|CodeSize    5532|Addr 0x7f334cacb3e0|Timestamp 145972722998898|Src n/a
[engine] opt done   id=758   ProtosRootNode@60a8ca1d                            |Tier 1|Time   179(  29+150 )ms|AST    8|Inlined   0Y   0N|IR   4108/ 14355|CodeSize   71703|Addr 0x7f334b7438c0|Timestamp 145972904568528|Src n/a
[engine] opt done   id=761   ProtosRootNode@67959310                            |Tier 1|Time    14(   4+10  )ms|AST    2|Inlined   0Y   0N|IR    888/  1275|CodeSize    5532|Addr 0x7f334b740360|Timestamp 145972918820048|Src n/a
[engine] opt done   id=762   ProtosRootNode@68fc7f1b                            |Tier 1|Time   904(  89+815 )ms|AST   18|Inlined   0Y   0N|IR  13481/ 46573|CodeSize  239146|Addr 0x7f334c4fe8c0|Timestamp 145973823118137|Src n/a
[engine] opt done   id=779   ProtosRootNode@6657a72c                            |Tier 1|Time    14(   4+10  )ms|AST    2|Inlined   0Y   0N|IR    888/  1275|CodeSize    5532|Addr 0x7f334c4f8ce0|Timestamp 145973851653256|Src n/a
[engine] opt done   id=780   ProtosRootNode@6a7fdb88                            |Tier 1|Time   398(  40+358 )ms|AST   10|Inlined   0Y   0N|IR   8197/ 27807|CodeSize  143154|Addr 0x7f334cb955e0|Timestamp 145974266632178|Src n/a
[engine] opt done   id=781   ProtosRootNode@567c1345                            |Tier 1|Time    21(   4+17  )ms|AST    2|Inlined   0Y   0N|IR    888/  1275|CodeSize    5532|Addr 0x7f334cb90ee0|Timestamp 145974288839429|Src n/a
[engine] opt done   id=782   ProtosRootNode@4ab2c2c0                            |Tier 1|Time  2136( 173+1962)ms|AST   28|Inlined   0Y   0N|IR  23473/ 78400|CodeSize  409752|Addr 0x7f334c7906c0|Timestamp 145976426354533|Src n/a
[engine] opt done   id=775   ProtosRootNode@3114cf4c                            |Tier 1|Time    30(   5+24  )ms|AST    2|Inlined   0Y   0N|IR    591/  1658|CodeSize    7561|Addr 0x7f334c787720|Timestamp 145976492369224|Src n/a
[engine] opt done   id=776   ProtosRootNode@74cc2366                            |Tier 1|Time  1193( 137+1056)ms|AST   27|Inlined   0Y   0N|IR  17057/ 57952|CodeSize  300444|Addr 0x7f334c646fe0|Timestamp 145977686196874|Src n/a
[engine] opt done   id=749   ProtosRootNode@377ffd54                            |Tier 1|Time    14(   5+10  )ms|AST    2|Inlined   0Y   0N|IR    888/  1275|CodeSize    5532|Addr 0x7f334c640860|Timestamp 145977726545569|Src n/a
[engine] opt done   id=750   ProtosRootNode@60ba932d                            |Tier 1|Time   804(  72+732 )ms|AST   15|Inlined   0Y   0N|IR  13121/ 45351|CodeSize  230832|Addr 0x7f334c195040|Timestamp 145978551596821|Src n/a
[engine] opt done   id=747   ProtosRootNode@61d8f8e6                            |Tier 1|Time    14(   5+9   )ms|AST    2|Inlined   0Y   0N|IR    888/  1275|CodeSize    5532|Addr 0x7f334c18f5e0|Timestamp 145978577481727|Src n/a
[engine] opt done   id=748   ProtosRootNode@5aca0bbd                            |Tier 1|Time   816(  95+721 )ms|AST   15|Inlined   0Y   0N|IR  13121/ 45351|CodeSize  230832|Addr 0x7f334b9cf140|Timestamp 145979395353928|Src n/a
[engine] opt done   id=773   ProtosRootNode@245326a8                            |Tier 2|Time    17(   3+14  )ms|AST    2|Inlined   0Y   0N|IR    502/  1344|CodeSize    6459|Addr 0x7f334c18c520|Timestamp 145979519883548|Src n/a
[engine] opt done   id=774   ProtosRootNode@1722a8d1                            |Tier 2|Time  1601( 142+1459)ms|AST   25|Inlined   0Y   0N|IR  20516/ 58742|CodeSize  317930|Addr 0x7f334cb16ac0|Timestamp 145981121208729|Src n/a
[engine] opt done   id=771   ProtosRootNode@54082abf                            |Tier 2|Time    16(   4+12  )ms|AST    2|Inlined   0Y   0N|IR    815/   944|CodeSize    4429|Addr 0x7f334cb10b80|Timestamp 145981180377000|Src n/a
[engine] opt done   id=772   ProtosRootNode@c0fbf1b                             |Tier 2|Time   473(  85+388 )ms|AST   10|Inlined   0Y   0N|IR   7804/ 23230|CodeSize  125455|Addr 0x7f334bf1c320|Timestamp 145981655186879|Src n/a
[engine] opt done   id=769   ProtosRootNode@4f86afd1                            |Tier 2|Time    17(   4+12  )ms|AST    2|Inlined   0Y   0N|IR    815/   944|CodeSize    4429|Addr 0x7f334c785500|Timestamp 145981709167682|Src n/a
[engine] opt done   id=858   ProtosRootNode@5e09a5a6                            |Tier 1|Time    13(   3+10  )ms|AST    2|Inlined   0Y   0N|IR    575/  1647|CodeSize    7498|Addr 0x7f334c781ea0|Timestamp 145981793423717|Src n/a
[engine] opt done   id=859   ProtosRootNode@5ae8882f                            |Tier 1|Time  1633( 131+1501)ms|AST   25|Inlined   0Y   0N|IR  20587/ 71990|CodeSize  369997|Addr 0x7f334c46a840|Timestamp 145983429680499|Src n/a
[engine] opt done   id=856   ProtosRootNode@102ff382                            |Tier 1|Time    32(   4+28  )ms|AST    2|Inlined   0Y   0N|IR    888/  1275|CodeSize    5532|Addr 0x7f334c77f660|Timestamp 145983463440135|Src n/a
[engine] opt done   id=857   ProtosRootNode@5f5d8e5                             |Tier 1|Time   363(  38+326 )ms|AST   10|Inlined   0Y   0N|IR   7877/ 27957|CodeSize  143688|Addr 0x7f334bee3820|Timestamp 145983827212110|Src n/a
[engine] opt done   id=854   ProtosRootNode@72ebaca8                            |Tier 1|Time    29(   4+25  )ms|AST    2|Inlined   0Y   0N|IR    888/  1275|CodeSize    5532|Addr 0x7f334c463160|Timestamp 145983857515992|Src n/a
[engine] opt failed id=855   ProtosRootNode@5b5b3f6a                            |Tier 1|Time   43(-145983858+145983900)ms|Reason: jdk.graal.compiler.truffle.GraphTooBigBailoutException: Graph too big to safely compile. Node count: 50144. Graph Size: 150051. Limit: 150000.|Timestamp 145983900512490|Src n/a
[engine] opt failed id=855   ProtosRootNode@5b5b3f6a                            |Tier 1|Time   43(-145983901+145983944)ms|Reason: jdk.graal.compiler.truffle.GraphTooBigBailoutException: Graph too big to safely compile. Node count: 50144. Graph Size: 150051. Limit: 150000.|Timestamp 145983943900659|Src n/a
[engine] opt done   id=868   ProtosRootNode@6a988199                            |Tier 1|Time    14(   4+10  )ms|AST    2|Inlined   0Y   0N|IR    591/  1658|CodeSize    7561|Addr 0x7f334c45faa0|Timestamp 145983970700946|Src n/a
[engine] opt done   id=869   ProtosRootNode@71397f27                            |Tier 1|Time  2417( 163+2254)ms|AST   31|Inlined   0Y   0N|IR  24900/ 88668|CodeSize  454302|Addr 0x7f334c6ce340|Timestamp 145986388243302|Src n/a
[engine] opt done   id=838   ProtosRootNode@11d992a1                            |Tier 1|Time    14(   4+9   )ms|AST    2|Inlined   0Y   0N|IR    888/  1275|CodeSize    5532|Addr 0x7f334c45d260|Timestamp 145986443029127|Src n/a
[engine] opt done   id=839   ProtosRootNode@76502b09                            |Tier 1|Time   151(  19+132 )ms|AST    8|Inlined   0Y   0N|IR   4108/ 14355|CodeSize   71703|Addr 0x7f334b9b0740|Timestamp 145986594732143|Src n/a
[engine] opt done   id=852   ProtosRootNode@55d3bbe0                            |Tier 1|Time    13(   4+9   )ms|AST    2|Inlined   0Y   0N|IR    888/  1275|CodeSize    5532|Addr 0x7f334c45aa60|Timestamp 145986608569701|Src n/a
[engine] opt done   id=853   ProtosRootNode@22faebdf                            |Tier 1|Time   436(  48+387 )ms|AST   14|Inlined   0Y   0N|IR   8039/ 28351|CodeSize  146358|Addr 0x7f334bca27e0|Timestamp 145987046252955|Src n/a
[engine] opt done   id=848   ProtosRootNode@481e58ce                            |Tier 1|Time    17(   6+12  )ms|AST    2|Inlined   0Y   0N|IR    888/  1275|CodeSize    5532|Addr 0x7f334b9ad1e0|Timestamp 145987080165961|Src n/a
[engine] opt done   id=849   ProtosRootNode@63dd9596                            |Tier 1|Time   527(  58+469 )ms|AST   12|Inlined   0Y   0N|IR   9547/ 32569|CodeSize  165278|Addr 0x7f334bc608e0|Timestamp 145987607917117|Src n/a
[engine] opt done   id=842   ProtosRootNode@45fa58d2                            |Tier 1|Time    20(   5+16  )ms|AST    2|Inlined   0Y   0N|IR    888/  1275|CodeSize    5532|Addr 0x7f334b9aa9e0|Timestamp 145987629617986|Src n/a
[engine] opt done   id=843   ProtosRootNode@2db5cf45                            |Tier 1|Time   171(  20+151 )ms|AST    8|Inlined   0Y   0N|IR   4108/ 14355|CodeSize   71703|Addr 0x7f334c99b7c0|Timestamp 145987800937068|Src n/a
[engine] opt done   id=846   ProtosRootNode@5a7f881b                            |Tier 1|Time    14(   5+10  )ms|AST    2|Inlined   0Y   0N|IR    888/  1275|CodeSize    5532|Addr 0x7f334bc5be60|Timestamp 145987815838008|Src n/a
[engine] opt done   id=847   ProtosRootNode@21c656e0                            |Tier 1|Time   910(  87+823 )ms|AST   18|Inlined   0Y   0N|IR  13481/ 46573|CodeSize  239146|Addr 0x7f334c93f2c0|Timestamp 145988726328281|Src n/a
[engine] opt done   id=864   ProtosRootNode@6e396c12                            |Tier 1|Time    14(   4+10  )ms|AST    2|Inlined   0Y   0N|IR    888/  1275|CodeSize    5532|Addr 0x7f334bc59660|Timestamp 145988755219930|Src n/a
[engine] opt done   id=865   ProtosRootNode@264aafe                             |Tier 1|Time   410(  42+367 )ms|AST   10|Inlined   0Y   0N|IR   8197/ 27807|CodeSize  143154|Addr 0x7f334c903ce0|Timestamp 145989182727938|Src n/a
[engine] opt done   id=866   ProtosRootNode@5444aaea                            |Tier 1|Time    22(   5+18  )ms|AST    2|Inlined   0Y   0N|IR    888/  1275|CodeSize    5532|Addr 0x7f334c6c5c60|Timestamp 145989206661881|Src n/a
[engine] opt done   id=867   ProtosRootNode@3ddf3e9a                            |Tier 1|Time  2191( 246+1946)ms|AST   28|Inlined   0Y   0N|IR  23473/ 78400|CodeSize  409752|Addr 0x7f334bd49840|Timestamp 145991398317750|Src n/a
[engine] opt done   id=860   ProtosRootNode@37d3e0c7                            |Tier 1|Time    14(   4+10  )ms|AST    2|Inlined   0Y   0N|IR    591/  1658|CodeSize    7561|Addr 0x7f334c6c25a0|Timestamp 145991430794614|Src n/a
[engine] opt done   id=861   ProtosRootNode@a4cdde3                             |Tier 1|Time  1161(  96+1065)ms|AST   27|Inlined   0Y   0N|IR  17057/ 57952|CodeSize  300444|Addr 0x7f334be56b60|Timestamp 145992592038879|Src n/a
[engine] opt done   id=834   ProtosRootNode@6e4f2eae                            |Tier 1|Time    14(   4+10  )ms|AST    2|Inlined   0Y   0N|IR    888/  1275|CodeSize    5532|Addr 0x7f334c6bfd60|Timestamp 145992631036641|Src n/a
[engine] opt done   id=835   ProtosRootNode@72198222                            |Tier 1|Time   811(  73+738 )ms|AST   15|Inlined   0Y   0N|IR  13121/ 45351|CodeSize  230832|Addr 0x7f334bdf9540|Timestamp 145993472171603|Src n/a
[engine] opt done   id=832   ProtosRootNode@7c01d064                            |Tier 1|Time    14(   5+9   )ms|AST    2|Inlined   0Y   0N|IR    888/  1275|CodeSize    5532|Addr 0x7f334b73db60|Timestamp 145993503708795|Src n/a
[engine] opt done   id=833   ProtosRootNode@6b3a62cc                            |Tier 1|Time   819(  95+724 )ms|AST   15|Inlined   0Y   0N|IR  13121/ 45351|CodeSize  230832|Addr 0x7f334ca354c0|Timestamp 145994323225727|Src n/a
[engine] opt done   id=858   ProtosRootNode@5e09a5a6                            |Tier 2|Time    17(   3+14  )ms|AST    2|Inlined   0Y   0N|IR    502/  1344|CodeSize    6459|Addr 0x7f334b73aaa0|Timestamp 145994444763110|Src n/a
[engine] opt done   id=859   ProtosRootNode@5ae8882f                            |Tier 2|Time  1676( 146+1529)ms|AST   25|Inlined   0Y   0N|IR  20516/ 58742|CodeSize  317930|Addr 0x7f334ba97dc0|Timestamp 145996120798188|Src n/a
[engine] opt done   id=856   ProtosRootNode@102ff382                            |Tier 2|Time    16(   4+12  )ms|AST    2|Inlined   0Y   0N|IR    815/   944|CodeSize    4429|Addr 0x7f334bc57300|Timestamp 145996174858991|Src n/a
[engine] opt done   id=857   ProtosRootNode@5f5d8e5                             |Tier 2|Time   433(  40+393 )ms|AST   10|Inlined   0Y   0N|IR   7804/ 23230|CodeSize  125455|Addr 0x7f334ba63d20|Timestamp 145996607888701|Src n/a
[engine] opt done   id=854   ProtosRootNode@72ebaca8                            |Tier 2|Time    17(   4+13  )ms|AST    2|Inlined   0Y   0N|IR    815/   944|CodeSize    4429|Addr 0x7f334b738880|Timestamp 145996665487738|Src n/a
[engine] opt done   id=943   ProtosRootNode@72abbfc6                            |Tier 1|Time    14(   4+10  )ms|AST    2|Inlined   0Y   0N|IR    575/  1647|CodeSize    7498|Addr 0x7f334b735220|Timestamp 145996757974692|Src n/a
[engine] opt done   id=944   ProtosRootNode@29c47e                              |Tier 1|Time  1684( 128+1556)ms|AST   25|Inlined   0Y   0N|IR  20587/ 71990|CodeSize  369997|Addr 0x7f334c0fe040|Timestamp 145998442297735|Src n/a
[engine] opt done   id=941   ProtosRootNode@5dd14bc1                            |Tier 1|Time    14(   4+9   )ms|AST    2|Inlined   0Y   0N|IR    888/  1275|CodeSize    5532|Addr 0x7f334b7329e0|Timestamp 145998511679968|Src n/a
[engine] opt done   id=942   ProtosRootNode@511d5782                            |Tier 1|Time   368(  49+319 )ms|AST   10|Inlined   0Y   0N|IR   7877/ 27957|CodeSize  143688|Addr 0x7f334c9fafa0|Timestamp 145998879623179|Src n/a
[engine] opt done   id=939   ProtosRootNode@465f7c20                            |Tier 1|Time    21(   4+17  )ms|AST    2|Inlined   0Y   0N|IR    888/  1275|CodeSize    5532|Addr 0x7f334b7301e0|Timestamp 145998902398669|Src n/a
[engine] opt failed id=940   ProtosRootNode@213dd823                            |Tier 1|Time   44(-145998903+145998947)ms|Reason: jdk.graal.compiler.truffle.GraphTooBigBailoutException: Graph too big to safely compile. Node count: 50144. Graph Size: 150051. Limit: 150000.|Timestamp 145998946894129|Src n/a
[engine] opt failed id=940   ProtosRootNode@213dd823                            |Tier 1|Time   84(-145998947+145999031)ms|Reason: jdk.graal.compiler.truffle.GraphTooBigBailoutException: Graph too big to safely compile. Node count: 50144. Graph Size: 150051. Limit: 150000.|Timestamp 145999031303871|Src n/a
[engine] opt done   id=953   ProtosRootNode@48e8251d                            |Tier 1|Time    14(   4+10  )ms|AST    2|Inlined   0Y   0N|IR    591/  1658|CodeSize    7561|Addr 0x7f334b72cb20|Timestamp 145999050747327|Src n/a
[engine] opt done   id=954   ProtosRootNode@3a52c9f8                            |Tier 1|Time  2497( 166+2331)ms|AST   31|Inlined   0Y   0N|IR  24900/ 88668|CodeSize  454302|Addr 0x7f334c049b40|Timestamp 146001547784166|Src n/a
[engine] opt done   id=923   ProtosRootNode@4a03882d                            |Tier 1|Time    14(   5+10  )ms|AST    2|Inlined   0Y   0N|IR    888/  1275|CodeSize    5532|Addr 0x7f334bedf1e0|Timestamp 146001606411354|Src n/a
[engine] opt done   id=924   ProtosRootNode@495c484e                            |Tier 1|Time   154(  19+135 )ms|AST    8|Inlined   0Y   0N|IR   4108/ 14355|CodeSize   71703|Addr 0x7f334bd287c0|Timestamp 146001760954839|Src n/a
[engine] opt done   id=937   ProtosRootNode@c1a9d6                              |Tier 1|Time    14(   4+9   )ms|AST    2|Inlined   0Y   0N|IR    888/  1275|CodeSize    5532|Addr 0x7f334bd25260|Timestamp 146001775074388|Src n/a
[engine] opt done   id=938   ProtosRootNode@6bfa1d35                            |Tier 1|Time   387(  52+336 )ms|AST   14|Inlined   0Y   0N|IR   8039/ 28351|CodeSize  146358|Addr 0x7f334c9c1960|Timestamp 146002162731494|Src n/a
[engine] opt done   id=933   ProtosRootNode@28afca06                            |Tier 1|Time    20(   4+16  )ms|AST    2|Inlined   0Y   0N|IR    888/  1275|CodeSize    5532|Addr 0x7f334c9bd060|Timestamp 146002183276441|Src n/a
[engine] opt done   id=934   ProtosRootNode@694a2154                            |Tier 1|Time   477(  49+428 )ms|AST   12|Inlined   0Y   0N|IR   9547/ 32569|CodeSize  165278|Addr 0x7f334c003e60|Timestamp 146002660770456|Src n/a
[engine] opt done   id=927   ProtosRootNode@35d27b5f                            |Tier 1|Time    14(   4+9   )ms|AST    2|Inlined   0Y   0N|IR    888/  1275|CodeSize    5532|Addr 0x7f334c9ba860|Timestamp 146002692257838|Src n/a
[engine] opt done   id=928   ProtosRootNode@20eb6cb5                            |Tier 1|Time   153(  19+133 )ms|AST    8|Inlined   0Y   0N|IR   4108/ 14355|CodeSize   71703|Addr 0x7f334ba46d40|Timestamp 146002845097681|Src n/a
[engine] opt done   id=931   ProtosRootNode@1f5a6296                            |Tier 1|Time    13(   4+9   )ms|AST    2|Inlined   0Y   0N|IR    888/  1275|CodeSize    5532|Addr 0x7f334c9b8060|Timestamp 146002858931949|Src n/a
[engine] opt done   id=932   ProtosRootNode@26b2771c                            |Tier 1|Time   837(  78+759 )ms|AST   18|Inlined   0Y   0N|IR  13481/ 46573|CodeSize  239146|Addr 0x7f334ce0b540|Timestamp 146003695908920|Src n/a
[engine] opt done   id=949   ProtosRootNode@37a9a5e                             |Tier 1|Time    14(   4+10  )ms|AST    2|Inlined   0Y   0N|IR    888/  1275|CodeSize    5532|Addr 0x7f334bd22a60|Timestamp 146003725895570|Src n/a
[engine] opt done   id=950   ProtosRootNode@37bf1e4b                            |Tier 1|Time   415(  56+360 )ms|AST   10|Inlined   0Y   0N|IR   8197/ 27807|CodeSize  143154|Addr 0x7f334cdcff60|Timestamp 146004141668171|Src n/a
[engine] opt done   id=951   ProtosRootNode@65b7b389                            |Tier 1|Time    21(   4+17  )ms|AST    2|Inlined   0Y   0N|IR    888/  1275|CodeSize    5532|Addr 0x7f334bd20260|Timestamp 146004164322872|Src n/a
[engine] opt done   id=952   ProtosRootNode@456f7c2e                            |Tier 1|Time  2094( 194+1900)ms|AST   28|Inlined   0Y   0N|IR  23473/ 78400|CodeSize  409752|Addr 0x7f334cd2dfc0|Timestamp 146006258384735|Src n/a
[engine] opt done   id=945   ProtosRootNode@7cb5ce05                            |Tier 1|Time    21(   4+17  )ms|AST    2|Inlined   0Y   0N|IR    591/  1658|CodeSize    7561|Addr 0x7f334bd1cba0|Timestamp 146006304831966|Src n/a
[engine] opt done   id=946   ProtosRootNode@276c16ea                            |Tier 1|Time  1179( 111+1068)ms|AST   27|Inlined   0Y   0N|IR  17057/ 57952|CodeSize  300444|Addr 0x7f334ccb3860|Timestamp 146007485229206|Src n/a
[engine] opt done   id=919   ProtosRootNode@1c005a45                            |Tier 1|Time    14(   5+9   )ms|AST    2|Inlined   0Y   0N|IR    888/  1275|CodeSize    5532|Addr 0x7f334bd1a360|Timestamp 146007569132867|Src n/a
[engine] opt done   id=920   ProtosRootNode@13860130                            |Tier 1|Time   838(  77+761 )ms|AST   15|Inlined   0Y   0N|IR  13121/ 45351|CodeSize  230832|Addr 0x7f334cc56240|Timestamp 146008407697714|Src n/a
[engine] opt done   id=917   ProtosRootNode@9238fef                             |Tier 1|Time    14(   4+10  )ms|AST    2|Inlined   0Y   0N|IR    888/  1275|CodeSize    5532|Addr 0x7f334bd17b60|Timestamp 146008440777807|Src n/a
[engine] opt done   id=918   ProtosRootNode@a3c0152                             |Tier 1|Time   798(  73+726 )ms|AST   15|Inlined   0Y   0N|IR  13121/ 45351|CodeSize  230832|Addr 0x7f334cbf9940|Timestamp 146009263293602|Src n/a
[engine] opt done   id=943   ProtosRootNode@72abbfc6                            |Tier 2|Time    17(   3+14  )ms|AST    2|Inlined   0Y   0N|IR    502/  1344|CodeSize    6459|Addr 0x7f334beda320|Timestamp 146009421139330|Src n/a
[engine] opt done   id=944   ProtosRootNode@29c47e                              |Tier 2|Time  1662( 160+1502)ms|AST   25|Inlined   0Y   0N|IR  20516/ 58742|CodeSize  317930|Addr 0x7f334ce701c0|Timestamp 146011083397777|Src n/a
[engine] opt done   id=941   ProtosRootNode@5dd14bc1                            |Tier 2|Time    23(   4+19  )ms|AST    2|Inlined   0Y   0N|IR    815/   944|CodeSize    4429|Addr 0x7f334bed8100|Timestamp 146011123535110|Src n/a
[engine] opt done   id=942   ProtosRootNode@511d5782                            |Tier 2|Time   427(  37+390 )ms|AST   10|Inlined   0Y   0N|IR   7804/ 23230|CodeSize  125455|Addr 0x7f334bfd18a0|Timestamp 146011550737021|Src n/a
[engine] opt done   id=939   ProtosRootNode@465f7c20                            |Tier 2|Time    16(   4+12  )ms|AST    2|Inlined   0Y   0N|IR    815/   944|CodeSize    4429|Addr 0x7f334bed5f80|Timestamp 146011602507009|Src n/a
[engine] opt done   id=1028  ProtosRootNode@75d9217e                            |Tier 1|Time    27(   5+22  )ms|AST    2|Inlined   0Y   0N|IR    575/  1647|CodeSize    7498|Addr 0x7f334bed2920|Timestamp 146011711439302|Src n/a
[engine] opt done   id=1029  ProtosRootNode@62652ca9                            |Tier 1|Time  1842( 127+1715)ms|AST   25|Inlined   0Y   0N|IR  20587/ 71990|CodeSize  369997|Addr 0x7f334ceeed40|Timestamp 146013553635099|Src n/a
[engine] opt done   id=1026  ProtosRootNode@3070b6b7                            |Tier 1|Time    31(  21+10  )ms|AST    2|Inlined   0Y   0N|IR    888/  1275|CodeSize    5532|Addr 0x7f334bed00e0|Timestamp 146013586511242|Src n/a
[engine] opt done   id=1027  ProtosRootNode@44748b4b                            |Tier 1|Time   427(  40+386 )ms|AST   10|Inlined   0Y   0N|IR   7877/ 27957|CodeSize  143688|Addr 0x7f334cf7ed20|Timestamp 146014013596731|Src n/a
[engine] opt done   id=1024  ProtosRootNode@88f2baa                             |Tier 1|Time    21(   5+16  )ms|AST    2|Inlined   0Y   0N|IR    888/  1275|CodeSize    5532|Addr 0x7f334becd8e0|Timestamp 146014036057871|Src n/a
[engine] opt failed id=1025  ProtosRootNode@4a84f3e8                            |Tier 1|Time   47(-146014036+146014083)ms|Reason: jdk.graal.compiler.truffle.GraphTooBigBailoutException: Graph too big to safely compile. Node count: 50144. Graph Size: 150051. Limit: 150000.|Timestamp 146014083346752|Src n/a
[engine] opt failed id=1025  ProtosRootNode@4a84f3e8                            |Tier 1|Time   45(-146014084+146014128)ms|Reason: jdk.graal.compiler.truffle.GraphTooBigBailoutException: Graph too big to safely compile. Node count: 50144. Graph Size: 150051. Limit: 150000.|Timestamp 146014128162091|Src n/a
[engine] opt done   id=1038  ProtosRootNode@38861a0b                            |Tier 1|Time    15(   4+11  )ms|AST    2|Inlined   0Y   0N|IR    591/  1658|CodeSize    7561|Addr 0x7f334ba42920|Timestamp 146014158924251|Src n/a
[engine] opt done   id=1039  ProtosRootNode@11c4bb7                             |Tier 1|Time  2416( 155+2261)ms|AST   31|Inlined   0Y   0N|IR  24900/ 88668|CodeSize  454302|Addr 0x7f334cfbbec0|Timestamp 146016575394310|Src n/a
[engine] opt done   id=1008  ProtosRootNode@49a9efa1                            |Tier 1|Time    14(   4+9   )ms|AST    2|Inlined   0Y   0N|IR    888/  1275|CodeSize    5532|Addr 0x7f334ba400e0|Timestamp 146016616530334|Src n/a
[engine] opt done   id=1009  ProtosRootNode@7a0033b                             |Tier 1|Time   152(  19+133 )ms|AST    8|Inlined   0Y   0N|IR   4108/ 14355|CodeSize   71703|Addr 0x7f334cbdaf40|Timestamp 146016768690612|Src n/a
[engine] opt done   id=1022  ProtosRootNode@43d9a948                            |Tier 1|Time    13(   4+9   )ms|AST    2|Inlined   0Y   0N|IR    888/  1275|CodeSize    5532|Addr 0x7f334cbd79e0|Timestamp 146016782543990|Src n/a
[engine] opt done   id=1023  ProtosRootNode@6fa385e1                            |Tier 1|Time   376(  44+332 )ms|AST   14|Inlined   0Y   0N|IR   8039/ 28351|CodeSize  146358|Addr 0x7f334d06d5e0|Timestamp 146017159333032|Src n/a
[engine] opt done   id=1018  ProtosRootNode@42170b3e                            |Tier 1|Time    21(   4+17  )ms|AST    2|Inlined   0Y   0N|IR    888/  1275|CodeSize    5532|Addr 0x7f334cbd51e0|Timestamp 146017180877010|Src n/a
[engine] opt done   id=1019  ProtosRootNode@528d45a3                            |Tier 1|Time   549(  53+497 )ms|AST   12|Inlined   0Y   0N|IR   9547/ 32569|CodeSize  165278|Addr 0x7f334d0a7060|Timestamp 146017730246996|Src n/a
[engine] opt done   id=1012  ProtosRootNode@22ce26e3                            |Tier 1|Time    50(   5+45  )ms|AST    2|Inlined   0Y   0N|IR    888/  1275|CodeSize    5532|Addr 0x7f334b218060|Timestamp 146017796058542|Src n/a
[engine] opt done   id=1013  ProtosRootNode@6e73c72a                            |Tier 1|Time   164(  20+144 )ms|AST    8|Inlined   0Y   0N|IR   4108/ 14355|CodeSize   71703|Addr 0x7f334b3c9340|Timestamp 146017960418666|Src n/a
[engine] opt done   id=1016  ProtosRootNode@3618f195                            |Tier 1|Time    14(   4+9   )ms|AST    2|Inlined   0Y   0N|IR    888/  1275|CodeSize    5532|Addr 0x7f334b25d2e0|Timestamp 146017974453285|Src n/a
[engine] opt done   id=1017  ProtosRootNode@5cd8ec73                            |Tier 1|Time   837(  83+754 )ms|AST   18|Inlined   0Y   0N|IR  13481/ 46573|CodeSize  239146|Addr 0x7f334b3eb440|Timestamp 146018811720155|Src n/a
[engine] opt done   id=1034  ProtosRootNode@ad9b9c2                             |Tier 1|Time    15(   4+11  )ms|AST    2|Inlined   0Y   0N|IR    888/  1275|CodeSize    5532|Addr 0x7f334b37d460|Timestamp 146018841742484|Src n/a
[engine] opt done   id=1035  ProtosRootNode@2d763867                            |Tier 1|Time   417(  54+364 )ms|AST   10|Inlined   0Y   0N|IR   8197/ 27807|CodeSize  143154|Addr 0x7f334b450860|Timestamp 146019259456067|Src n/a
[engine] opt done   id=1036  ProtosRootNode@29bf143c                            |Tier 1|Time    21(   4+17  )ms|AST    2|Inlined   0Y   0N|IR    888/  1275|CodeSize    5532|Addr 0x7f334b3c48e0|Timestamp 146019283554939|Src n/a
[engine] opt done   id=1037  ProtosRootNode@25f72d1f                            |Tier 1|Time  2154( 208+1946)ms|AST   28|Inlined   0Y   0N|IR  23473/ 78400|CodeSize  409752|Addr 0x7f334c59f340|Timestamp 146021438468768|Src n/a
[engine] opt done   id=1030  ProtosRootNode@3a435dd9                            |Tier 1|Time    15(   4+10  )ms|AST    2|Inlined   0Y   0N|IR    591/  1658|CodeSize    7561|Addr 0x7f334b14a520|Timestamp 146021471312020|Src n/a
[engine] opt done   id=1031  ProtosRootNode@39fc9d9d                            |Tier 1|Time  1164(  96+1068)ms|AST   27|Inlined   0Y   0N|IR  17057/ 57952|CodeSize  300444|Addr 0x7f334b53e160|Timestamp 146022635328599|Src n/a
[engine] opt done   id=1004  ProtosRootNode@1900047b                            |Tier 1|Time    14(   4+9   )ms|AST    2|Inlined   0Y   0N|IR    888/  1275|CodeSize    5532|Addr 0x7f334b3e4ee0|Timestamp 146022673715469|Src n/a
[engine] opt done   id=1005  ProtosRootNode@290d15bc                            |Tier 1|Time   861(  84+777 )ms|AST   15|Inlined   0Y   0N|IR  13121/ 45351|CodeSize  230832|Addr 0x7f334b5c1440|Timestamp 146023554818049|Src n/a
[engine] opt done   id=1002  ProtosRootNode@16852054                            |Tier 1|Time    14(   5+10  )ms|AST    2|Inlined   0Y   0N|IR    888/  1275|CodeSize    5532|Addr 0x7f334b5b7ce0|Timestamp 146023581287833|Src n/a
[engine] opt done   id=1003  ProtosRootNode@33d24ee6                            |Tier 1|Time   856(  84+772 )ms|AST   15|Inlined   0Y   0N|IR  13121/ 45351|CodeSize  230832|Addr 0x7f334b629040|Timestamp 146024437473600|Src n/a
[engine] opt done   id=1028  ProtosRootNode@75d9217e                            |Tier 2|Time    17(   3+14  )ms|AST    2|Inlined   0Y   0N|IR    502/  1344|CodeSize    6459|Addr 0x7f334b6a94a0|Timestamp 146024556235454|Src n/a
[engine] opt done   id=1029  ProtosRootNode@62652ca9                            |Tier 2|Time  1815( 149+1667)ms|AST   25|Inlined   0Y   0N|IR  20516/ 58742|CodeSize  317930|Addr 0x7f334b6b1040|Timestamp 146026372014476|Src n/a
[engine] opt done   id=1026  ProtosRootNode@3070b6b7                            |Tier 2|Time    17(   4+13  )ms|AST    2|Inlined   0Y   0N|IR    815/   944|CodeSize    4429|Addr 0x7f334c26cc00|Timestamp 146026435812719|Src n/a
[engine] opt done   id=1027  ProtosRootNode@44748b4b                            |Tier 2|Time   485(  49+436 )ms|AST   10|Inlined   0Y   0N|IR   7804/ 23230|CodeSize  125455|Addr 0x7f334bcdd620|Timestamp 146026921614745|Src n/a
[engine] opt done   id=1024  ProtosRootNode@88f2baa                             |Tier 2|Time    19(   6+13  )ms|AST    2|Inlined   0Y   0N|IR    815/   944|CodeSize    4429|Addr 0x7f334c2a3e80|Timestamp 146026968132164|Src n/a
[engine] opt done   id=1113  ProtosRootNode@524c6084                            |Tier 1|Time    19(   4+15  )ms|AST    2|Inlined   0Y   0N|IR    575/  1647|CodeSize    7498|Addr 0x7f334b1763a0|Timestamp 146027060249523|Src n/a
[engine] opt done   id=1114  ProtosRootNode@2565dfa9                            |Tier 1|Time  1738( 124+1614)ms|AST   25|Inlined   0Y   0N|IR  20587/ 71990|CodeSize  369997|Addr 0x7f334b188340|Timestamp 146028808044522|Src n/a
[engine] opt done   id=1111  ProtosRootNode@21236062                            |Tier 1|Time    14(   5+9   )ms|AST    2|Inlined   0Y   0N|IR    888/  1275|CodeSize    5532|Addr 0x7f334b842be0|Timestamp 146028858659887|Src n/a
[engine] opt done   id=1112  ProtosRootNode@2e1963f6                            |Tier 1|Time   372(  41+330 )ms|AST   10|Inlined   0Y   0N|IR   7877/ 27957|CodeSize  143688|Addr 0x7f334b223220|Timestamp 146029230667264|Src n/a
[engine] opt done   id=1109  ProtosRootNode@55056c1f                            |Tier 1|Time    22(   4+17  )ms|AST    2|Inlined   0Y   0N|IR    888/  1275|CodeSize    5532|Addr 0x7f334bb12c60|Timestamp 146029253787854|Src n/a
[engine] opt failed id=1110  ProtosRootNode@4121bb4d                            |Tier 1|Time   52(-146029254+146029306)ms|Reason: jdk.graal.compiler.truffle.GraphTooBigBailoutException: Graph too big to safely compile. Node count: 50144. Graph Size: 150051. Limit: 150000.|Timestamp 146029305921111|Src n/a
[engine] opt failed id=1110  ProtosRootNode@4121bb4d                            |Tier 1|Time   43(-146029306+146029350)ms|Reason: jdk.graal.compiler.truffle.GraphTooBigBailoutException: Graph too big to safely compile. Node count: 50144. Graph Size: 150051. Limit: 150000.|Timestamp 146029349641457|Src n/a
[engine] opt done   id=1123  ProtosRootNode@7339208f                            |Tier 1|Time    14(   4+10  )ms|AST    2|Inlined   0Y   0N|IR    591/  1658|CodeSize    7561|Addr 0x7f334b265220|Timestamp 146029380613897|Src n/a
[engine] opt done   id=1124  ProtosRootNode@7b33ce69                            |Tier 1|Time  2368( 163+2205)ms|AST   31|Inlined   0Y   0N|IR  24900/ 88668|CodeSize  454302|Addr 0x7f334b271a40|Timestamp 146031749011523|Src n/a
[engine] opt done   id=1093  ProtosRootNode@2af1ba3a                            |Tier 1|Time    14(   5+10  )ms|AST    2|Inlined   0Y   0N|IR    888/  1275|CodeSize    5532|Addr 0x7f334b269360|Timestamp 146031787361183|Src n/a
[engine] opt done   id=1094  ProtosRootNode@7f038a44                            |Tier 1|Time   156(  19+137 )ms|AST    8|Inlined   0Y   0N|IR   4108/ 14355|CodeSize   71703|Addr 0x7f334b326d40|Timestamp 146031945814335|Src n/a
[engine] opt done   id=1107  ProtosRootNode@71902bc                             |Tier 1|Time    15(   5+10  )ms|AST    2|Inlined   0Y   0N|IR    888/  1275|CodeSize    5532|Addr 0x7f334b3237e0|Timestamp 146031962259166|Src n/a
[engine] opt done   id=1108  ProtosRootNode@7f5d3adb                            |Tier 1|Time   378(  44+333 )ms|AST   14|Inlined   0Y   0N|IR   8039/ 28351|CodeSize  146358|Addr 0x7f334b345860|Timestamp 146032340333230|Src n/a
[engine] opt done   id=1103  ProtosRootNode@2f75ce7f                            |Tier 1|Time    20(   4+16  )ms|AST    2|Inlined   0Y   0N|IR    888/  1275|CodeSize    5532|Addr 0x7f334bb91760|Timestamp 146032360818066|Src n/a
[engine] opt done   id=1104  ProtosRootNode@1a9426bb                            |Tier 1|Time   480(  50+430 )ms|AST   12|Inlined   0Y   0N|IR   9547/ 32569|CodeSize  165278|Addr 0x7f334b383c60|Timestamp 146032840671280|Src n/a
[engine] opt done   id=1097  ProtosRootNode@1314d003                            |Tier 1|Time    14(   4+9   )ms|AST    2|Inlined   0Y   0N|IR    888/  1275|CodeSize    5532|Addr 0x7f334bde9c60|Timestamp 146032869946337|Src n/a
[engine] opt done   id=1098  ProtosRootNode@458205c9                            |Tier 1|Time   156(  21+135 )ms|AST    8|Inlined   0Y   0N|IR   4108/ 14355|CodeSize   71703|Addr 0x7f334bf50040|Timestamp 146033026472877|Src n/a
[engine] opt done   id=1101  ProtosRootNode@49e473a5                            |Tier 1|Time    13(   4+9   )ms|AST    2|Inlined   0Y   0N|IR    888/  1275|CodeSize    5532|Addr 0x7f334bf4cae0|Timestamp 146033040255205|Src n/a
[engine] opt done   id=1102  ProtosRootNode@78c34b45                            |Tier 1|Time   856(  85+771 )ms|AST   18|Inlined   0Y   0N|IR  13481/ 46573|CodeSize  239146|Addr 0x7f334bbf70c0|Timestamp 146033896714709|Src n/a
[engine] opt done   id=1119  ProtosRootNode@515b21eb                            |Tier 1|Time    28(   4+23  )ms|AST    2|Inlined   0Y   0N|IR    888/  1275|CodeSize    5532|Addr 0x7f334c4376e0|Timestamp 146033940145294|Src n/a
[engine] opt done   id=1120  ProtosRootNode@31d4e665                            |Tier 1|Time   416(  40+376 )ms|AST   10|Inlined   0Y   0N|IR   8197/ 27807|CodeSize  143154|Addr 0x7f334b808760|Timestamp 146034357892068|Src n/a
[engine] opt done   id=1121  ProtosRootNode@42fc4076                            |Tier 1|Time    35(   8+27  )ms|AST    2|Inlined   0Y   0N|IR    888/  1275|CodeSize    5532|Addr 0x7f334c595160|Timestamp 146034394055814|Src n/a
[engine] opt done   id=1122  ProtosRootNode@24c90b2d                            |Tier 1|Time  2245( 183+2062)ms|AST   28|Inlined   0Y   0N|IR  23473/ 78400|CodeSize  409752|Addr 0x7f334b498cc0|Timestamp 146036638879984|Src n/a
[engine] opt done   id=1115  ProtosRootNode@95cd585                             |Tier 1|Time    23(   7+16  )ms|AST    2|Inlined   0Y   0N|IR    591/  1658|CodeSize    7561|Addr 0x7f334b76d2a0|Timestamp 146036686719665|Src n/a
[engine] opt done   id=1116  ProtosRootNode@258108f4                            |Tier 1|Time  1152( 100+1052)ms|AST   27|Inlined   0Y   0N|IR  17057/ 57952|CodeSize  300444|Addr 0x7f334bb196e0|Timestamp 146037838806689|Src n/a
[engine] opt done   id=1089  ProtosRootNode@1bdf0252                            |Tier 1|Time    14(   5+9   )ms|AST    2|Inlined   0Y   0N|IR    888/  1275|CodeSize    5532|Addr 0x7f334c6bc160|Timestamp 146037907304836|Src n/a
[engine] opt done   id=1090  ProtosRootNode@62f7717d                            |Tier 1|Time   797(  75+722 )ms|AST   15|Inlined   0Y   0N|IR  13121/ 45351|CodeSize  230832|Addr 0x7f334bb99140|Timestamp 146038704189178|Src n/a
[engine] opt done   id=1087  ProtosRootNode@e187663                             |Tier 1|Time    35(   4+30  )ms|AST    2|Inlined   0Y   0N|IR    888/  1275|CodeSize    5532|Addr 0x7f334b489b60|Timestamp 146038751272177|Src n/a
[engine] opt done   id=1088  ProtosRootNode@479ec7ae                            |Tier 1|Time   825(  76+750 )ms|AST   15|Inlined   0Y   0N|IR  13121/ 45351|CodeSize  230832|Addr 0x7f334bf73840|Timestamp 146039578057486|Src n/a
[engine] opt done   id=1113  ProtosRootNode@524c6084                            |Tier 2|Time    16(   3+14  )ms|AST    2|Inlined   0Y   0N|IR    502/  1344|CodeSize    6459|Addr 0x7f334bdee8a0|Timestamp 146039693966443|Src n/a
[engine] opt done   id=1114  ProtosRootNode@2565dfa9                            |Tier 2|Time  1752( 170+1581)ms|AST   25|Inlined   0Y   0N|IR  20516/ 58742|CodeSize  317930|Addr 0x7f334c1f2c40|Timestamp 146041446169771|Src n/a
[engine] opt done   id=1111  ProtosRootNode@21236062                            |Tier 2|Time    17(   4+13  )ms|AST    2|Inlined   0Y   0N|IR    815/   944|CodeSize    4429|Addr 0x7f334c830d00|Timestamp 146041508736970|Src n/a
[engine] opt done   id=1112  ProtosRootNode@2e1963f6                            |Tier 2|Time   477(  44+433 )ms|AST   10|Inlined   0Y   0N|IR   7804/ 23230|CodeSize  125455|Addr 0x7f334c272d20|Timestamp 146041985963433|Src n/a
[engine] opt done   id=1109  ProtosRootNode@55056c1f                            |Tier 2|Time    20(   4+15  )ms|AST    2|Inlined   0Y   0N|IR    815/   944|CodeSize    4429|Addr 0x7f334c8e1f80|Timestamp 146042032166931|Src n/a
[engine] opt done   id=1198  ProtosRootNode@6e8cbafd                            |Tier 1|Time    15(   5+11  )ms|AST    2|Inlined   0Y   0N|IR    575/  1647|CodeSize    7498|Addr 0x7f334bf6cf20|Timestamp 146042118829391|Src n/a
[engine] opt done   id=1199  ProtosRootNode@40a8eabd                            |Tier 1|Time  1884( 326+1559)ms|AST   25|Inlined   0Y   0N|IR  20587/ 71990|CodeSize  369997|Addr 0x7f334b775cc0|Timestamp 146044005046711|Src n/a
[engine] opt done   id=1196  ProtosRootNode@19439f59                            |Tier 1|Time    14(   4+9   )ms|AST    2|Inlined   0Y   0N|IR    888/  1275|CodeSize    5532|Addr 0x7f334ba2c7e0|Timestamp 146044071356605|Src n/a
[engine] opt done   id=1197  ProtosRootNode@51d6b9c0                            |Tier 1|Time   425(  40+385 )ms|AST   10|Inlined   0Y   0N|IR   7877/ 27957|CodeSize  143688|Addr 0x7f334b92a7a0|Timestamp 146044496116600|Src n/a
[engine] opt done   id=1194  ProtosRootNode@2223b0f7                            |Tier 1|Time    22(   5+18  )ms|AST    2|Inlined   0Y   0N|IR    888/  1275|CodeSize    5532|Addr 0x7f334b61f160|Timestamp 146044519696700|Src n/a
[engine] opt failed id=1195  ProtosRootNode@232119b                             |Tier 1|Time   44(-146044520+146044564)ms|Reason: jdk.graal.compiler.truffle.GraphTooBigBailoutException: Graph too big to safely compile. Node count: 50144. Graph Size: 150051. Limit: 150000.|Timestamp 146044563736485|Src n/a
[engine] opt failed id=1195  ProtosRootNode@232119b                             |Tier 1|Time   50(-146044564+146044614)ms|Reason: jdk.graal.compiler.truffle.GraphTooBigBailoutException: Graph too big to safely compile. Node count: 50144. Graph Size: 150051. Limit: 150000.|Timestamp 146044613776658|Src n/a
[engine] opt done   id=1208  ProtosRootNode@38cb9e82                            |Tier 1|Time    20(   6+14  )ms|AST    2|Inlined   0Y   0N|IR    591/  1658|CodeSize    7561|Addr 0x7f334b48fd20|Timestamp 146044653238398|Src n/a
[engine] opt done   id=1209  ProtosRootNode@1a918de8                            |Tier 1|Time  2633( 175+2458)ms|AST   31|Inlined   0Y   0N|IR  24900/ 88668|CodeSize  454302|Addr 0x7f334b8548c0|Timestamp 146047286724539|Src n/a
[engine] opt done   id=1178  ProtosRootNode@48e119c9                            |Tier 1|Time    14(   4+9   )ms|AST    2|Inlined   0Y   0N|IR    888/  1275|CodeSize    5532|Addr 0x7f334b84c1e0|Timestamp 146047329601303|Src n/a
[engine] opt done   id=1179  ProtosRootNode@163cc225                            |Tier 1|Time   170(  20+149 )ms|AST    8|Inlined   0Y   0N|IR   4108/ 14355|CodeSize   71703|Addr 0x7f334c43d8c0|Timestamp 146047499488786|Src n/a
[engine] opt done   id=1192  ProtosRootNode@323584a2                            |Tier 1|Time    13(   4+9   )ms|AST    2|Inlined   0Y   0N|IR    888/  1275|CodeSize    5532|Addr 0x7f334c43a360|Timestamp 146047513263873|Src n/a
[engine] opt done   id=1193  ProtosRootNode@688420c5                            |Tier 1|Time   417(  46+371 )ms|AST   14|Inlined   0Y   0N|IR   8039/ 28351|CodeSize  146358|Addr 0x7f334c55cd60|Timestamp 146047930509567|Src n/a
[engine] opt done   id=1188  ProtosRootNode@7d6b3a5f                            |Tier 1|Time    22(   5+17  )ms|AST    2|Inlined   0Y   0N|IR    888/  1275|CodeSize    5532|Addr 0x7f334b44b9e0|Timestamp 146047952837354|Src n/a
[engine] opt done   id=1189  ProtosRootNode@216802f9                            |Tier 1|Time   513(  55+458 )ms|AST   12|Inlined   0Y   0N|IR   9547/ 32569|CodeSize  165278|Addr 0x7f334b967060|Timestamp 146048466300878|Src n/a
[engine] opt done   id=1182  ProtosRootNode@6a9cc06f                            |Tier 1|Time    15(   4+11  )ms|AST    2|Inlined   0Y   0N|IR    888/  1275|CodeSize    5532|Addr 0x7f334b9625e0|Timestamp 146048483024169|Src n/a
[engine] opt done   id=1183  ProtosRootNode@38171308                            |Tier 1|Time   181(  41+140 )ms|AST    8|Inlined   0Y   0N|IR   4108/ 14355|CodeSize   71703|Addr 0x7f334b158140|Timestamp 146048664065516|Src n/a
[engine] opt done   id=1186  ProtosRootNode@6193be12                            |Tier 1|Time    14(   5+9   )ms|AST    2|Inlined   0Y   0N|IR    888/  1275|CodeSize    5532|Addr 0x7f334b154a60|Timestamp 146048679484556|Src n/a
[engine] opt done   id=1187  ProtosRootNode@557ee15e                            |Tier 1|Time   913( 101+812 )ms|AST   18|Inlined   0Y   0N|IR  13481/ 46573|CodeSize  239146|Addr 0x7f334c4fe8c0|Timestamp 146049592512899|Src n/a
[engine] opt done   id=1204  ProtosRootNode@21a77704                            |Tier 1|Time    14(   4+10  )ms|AST    2|Inlined   0Y   0N|IR    888/  1275|CodeSize    5532|Addr 0x7f334c4f8ce0|Timestamp 146049620492294|Src n/a
[engine] opt done   id=1205  ProtosRootNode@327e895a                            |Tier 1|Time   428(  58+371 )ms|AST   10|Inlined   0Y   0N|IR   8197/ 27807|CodeSize  143154|Addr 0x7f334c343de0|Timestamp 146050049151440|Src n/a
[engine] opt done   id=1206  ProtosRootNode@6a041a5c                            |Tier 1|Time    20(   4+16  )ms|AST    2|Inlined   0Y   0N|IR    888/  1275|CodeSize    5532|Addr 0x7f334bedabe0|Timestamp 146050070659207|Src n/a
[engine] opt done   id=1207  ProtosRootNode@79a42a29                            |Tier 1|Time  2160( 155+2005)ms|AST   28|Inlined   0Y   0N|IR  23473/ 78400|CodeSize  409752|Addr 0x7f334c7906c0|Timestamp 146052231217246|Src n/a
[engine] opt done   id=1200  ProtosRootNode@13fe28ba                            |Tier 1|Time    14(   4+10  )ms|AST    2|Inlined   0Y   0N|IR    591/  1658|CodeSize    7561|Addr 0x7f334bed7520|Timestamp 146052281256368|Src n/a
[engine] opt done   id=1201  ProtosRootNode@54167a59                            |Tier 1|Time  1201( 109+1092)ms|AST   27|Inlined   0Y   0N|IR  17057/ 57952|CodeSize  300444|Addr 0x7f334c646fe0|Timestamp 146053482295245|Src n/a
[engine] opt done   id=1174  ProtosRootNode@282615de                            |Tier 1|Time    25(   6+19  )ms|AST    2|Inlined   0Y   0N|IR    888/  1275|CodeSize    5532|Addr 0x7f334c640860|Timestamp 146053561963925|Src n/a
[engine] opt done   id=1175  ProtosRootNode@38b813b2                            |Tier 1|Time   806(  80+726 )ms|AST   15|Inlined   0Y   0N|IR  13121/ 45351|CodeSize  230832|Addr 0x7f334c195040|Timestamp 146054405263464|Src n/a
[engine] opt done   id=1172  ProtosRootNode@589b14af                            |Tier 1|Time    35(   5+31  )ms|AST    2|Inlined   0Y   0N|IR    888/  1275|CodeSize    5532|Addr 0x7f334cbcec60|Timestamp 146054452680903|Src n/a
[engine] opt done   id=1173  ProtosRootNode@56b319c9                            |Tier 1|Time   855(  80+775 )ms|AST   15|Inlined   0Y   0N|IR  13121/ 45351|CodeSize  230832|Addr 0x7f334bef2fc0|Timestamp 146055308209587|Src n/a
[engine] opt done   id=1198  ProtosRootNode@6e8cbafd                            |Tier 2|Time    38(   3+36  )ms|AST    2|Inlined   0Y   0N|IR    502/  1344|CodeSize    6459|Addr 0x7f334c18ed20|Timestamp 146055448114141|Src n/a
[engine] opt done   id=1199  ProtosRootNode@40a8eabd                            |Tier 2|Time  1796( 147+1649)ms|AST   25|Inlined   0Y   0N|IR  20516/ 58742|CodeSize  317930|Addr 0x7f334b9aeb40|Timestamp 146057244916751|Src n/a
[engine] opt done   id=1196  ProtosRootNode@19439f59                            |Tier 2|Time    23(   4+19  )ms|AST    2|Inlined   0Y   0N|IR    815/   944|CodeSize    4429|Addr 0x7f334c18cb00|Timestamp 146057290923258|Src n/a
[engine] opt done   id=1197  ProtosRootNode@51d6b9c0                            |Tier 2|Time   457(  47+410 )ms|AST   10|Inlined   0Y   0N|IR   7804/ 23230|CodeSize  125455|Addr 0x7f334b72ed20|Timestamp 146057748335055|Src n/a
[engine] opt done   id=1194  ProtosRootNode@2223b0f7                            |Tier 2|Time    16(   4+12  )ms|AST    2|Inlined   0Y   0N|IR    815/   944|CodeSize    4429|Addr 0x7f334b72b300|Timestamp 146057802194381|Src n/a
[engine] opt done   id=1283  ProtosRootNode@20b740ca                            |Tier 1|Time    14(   4+10  )ms|AST    2|Inlined   0Y   0N|IR    575/  1647|CodeSize    7498|Addr 0x7f334c787720|Timestamp 146057891692302|Src n/a
[engine] opt done   id=1284  ProtosRootNode@4a2b1ffb                            |Tier 1|Time  1662( 122+1539)ms|AST   25|Inlined   0Y   0N|IR  20587/ 71990|CodeSize  369997|Addr 0x7f334c2b1a40|Timestamp 146059553541999|Src n/a
[engine] opt done   id=1281  ProtosRootNode@1868ea8d                            |Tier 1|Time    14(   4+9   )ms|AST    2|Inlined   0Y   0N|IR    888/  1275|CodeSize    5532|Addr 0x7f334c2aa360|Timestamp 146059605624573|Src n/a
[engine] opt done   id=1282  ProtosRootNode@13be8e66                            |Tier 1|Time   370(  40+330 )ms|AST   10|Inlined   0Y   0N|IR   7877/ 27957|CodeSize  143688|Addr 0x7f334ca93da0|Timestamp 146059976153971|Src n/a
[engine] opt done   id=1279  ProtosRootNode@340291ec                            |Tier 1|Time    21(   5+16  )ms|AST    2|Inlined   0Y   0N|IR    888/  1275|CodeSize    5532|Addr 0x7f334ca8f760|Timestamp 146059998145968|Src n/a
[engine] opt failed id=1280  ProtosRootNode@51f11d47                            |Tier 1|Time   43(-146059998+146060042)ms|Reason: jdk.graal.compiler.truffle.GraphTooBigBailoutException: Graph too big to safely compile. Node count: 50144. Graph Size: 150051. Limit: 150000.|Timestamp 146060041763732|Src n/a
[engine] opt failed id=1280  ProtosRootNode@51f11d47                            |Tier 1|Time   45(-146060042+146060087)ms|Reason: jdk.graal.compiler.truffle.GraphTooBigBailoutException: Graph too big to safely compile. Node count: 50144. Graph Size: 150051. Limit: 150000.|Timestamp 146060087043348|Src n/a
[engine] opt done   id=1293  ProtosRootNode@1b8c196e                            |Tier 1|Time    15(   5+10  )ms|AST    2|Inlined   0Y   0N|IR    591/  1658|CodeSize    7561|Addr 0x7f334c784020|Timestamp 146060115342533|Src n/a
[engine] opt done   id=1294  ProtosRootNode@11e0ac22                            |Tier 1|Time  2504( 172+2332)ms|AST   31|Inlined   0Y   0N|IR  24900/ 88668|CodeSize  454302|Addr 0x7f334c387dc0|Timestamp 146062619138391|Src n/a
[engine] opt done   id=1263  ProtosRootNode@3d2e48f5                            |Tier 1|Time    22(  10+12  )ms|AST    2|Inlined   0Y   0N|IR    888/  1275|CodeSize    5532|Addr 0x7f334c7817e0|Timestamp 146062668797742|Src n/a
[engine] opt done   id=1264  ProtosRootNode@4dbfbc11                            |Tier 1|Time   157(  19+138 )ms|AST    8|Inlined   0Y   0N|IR   4108/ 14355|CodeSize   71703|Addr 0x7f334b90a140|Timestamp 146062827277867|Src n/a
[engine] opt done   id=1277  ProtosRootNode@4263efee                            |Tier 1|Time    14(   5+9   )ms|AST    2|Inlined   0Y   0N|IR    888/  1275|CodeSize    5532|Addr 0x7f334b906be0|Timestamp 146062842091355|Src n/a
[engine] opt done   id=1278  ProtosRootNode@3f0495a0                            |Tier 1|Time   392(  50+342 )ms|AST   14|Inlined   0Y   0N|IR   8039/ 28351|CodeSize  146358|Addr 0x7f334cb95fe0|Timestamp 146063234050047|Src n/a
[engine] opt done   id=1273  ProtosRootNode@3fc4bc3a                            |Tier 1|Time    14(   5+9   )ms|AST    2|Inlined   0Y   0N|IR    888/  1275|CodeSize    5532|Addr 0x7f334cb916e0|Timestamp 146063261258201|Src n/a
[engine] opt done   id=1274  ProtosRootNode@69ee8d6d                            |Tier 1|Time   475(  49+427 )ms|AST   12|Inlined   0Y   0N|IR   9547/ 32569|CodeSize  165278|Addr 0x7f334cacfe60|Timestamp 146063736842136|Src n/a
[engine] opt done   id=1267  ProtosRootNode@4f19a1a3                            |Tier 1|Time    14(   4+10  )ms|AST    2|Inlined   0Y   0N|IR    888/  1275|CodeSize    5532|Addr 0x7f334cacb3e0|Timestamp 146063752027885|Src n/a
[engine] opt done   id=1268  ProtosRootNode@6a88cf22                            |Tier 1|Time   178(  26+151 )ms|AST    8|Inlined   0Y   0N|IR   4108/ 14355|CodeSize   71703|Addr 0x7f334cb74fc0|Timestamp 146063929868063|Src n/a
[engine] opt done   id=1271  ProtosRootNode@57d83a92                            |Tier 1|Time    17(   4+13  )ms|AST    2|Inlined   0Y   0N|IR    888/  1275|CodeSize    5532|Addr 0x7f334c37f6e0|Timestamp 146063947446585|Src n/a
[engine] opt done   id=1272  ProtosRootNode@5afcc834                            |Tier 1|Time   855(  73+783 )ms|AST   18|Inlined   0Y   0N|IR  13481/ 46573|CodeSize  239146|Addr 0x7f334cb18ac0|Timestamp 146064802953126|Src n/a
[engine] opt done   id=1289  ProtosRootNode@78018eb7                            |Tier 1|Time    14(   4+10  )ms|AST    2|Inlined   0Y   0N|IR    888/  1275|CodeSize    5532|Addr 0x7f334c37cee0|Timestamp 146064831852871|Src n/a
[engine] opt done   id=1290  ProtosRootNode@94be1e5                             |Tier 1|Time   413(  55+358 )ms|AST   10|Inlined   0Y   0N|IR   8197/ 27807|CodeSize  143154|Addr 0x7f334ceb1c60|Timestamp 146065244824318|Src n/a
[engine] opt done   id=1291  ProtosRootNode@452bec4d                            |Tier 1|Time    21(   4+16  )ms|AST    2|Inlined   0Y   0N|IR    888/  1275|CodeSize    5532|Addr 0x7f334cb12ee0|Timestamp 146065266967986|Src n/a
[engine] opt done   id=1292  ProtosRootNode@2568c00                             |Tier 1|Time  2129( 181+1948)ms|AST   28|Inlined   0Y   0N|IR  23473/ 78400|CodeSize  409752|Addr 0x7f334c6dd8c0|Timestamp 146067396039535|Src n/a
[engine] opt done   id=1285  ProtosRootNode@7a4ec8f1                            |Tier 1|Time    14(   4+11  )ms|AST    2|Inlined   0Y   0N|IR    591/  1658|CodeSize    7561|Addr 0x7f334ba3ca20|Timestamp 146067437319576|Src n/a
[engine] opt done   id=1286  ProtosRootNode@61408476                            |Tier 1|Time  1152(  95+1056)ms|AST   27|Inlined   0Y   0N|IR  17057/ 57952|CodeSize  300444|Addr 0x7f334bc65160|Timestamp 146068589093305|Src n/a
[engine] opt done   id=1259  ProtosRootNode@2a80f82e                            |Tier 1|Time    14(   5+9   )ms|AST    2|Inlined   0Y   0N|IR    888/  1275|CodeSize    5532|Addr 0x7f334bc5e9e0|Timestamp 146068627984312|Src n/a
[engine] opt done   id=1260  ProtosRootNode@4b3818a3                            |Tier 1|Time   782(  70+712 )ms|AST   15|Inlined   0Y   0N|IR  13121/ 45351|CodeSize  230832|Addr 0x7f334c49f340|Timestamp 146069433662126|Src n/a
[engine] opt done   id=1257  ProtosRootNode@2f758fa6                            |Tier 1|Time    14(   5+10  )ms|AST    2|Inlined   0Y   0N|IR    888/  1275|CodeSize    5532|Addr 0x7f334bc5c1e0|Timestamp 146069459650188|Src n/a
[engine] opt done   id=1258  ProtosRootNode@25697a33                            |Tier 1|Time   819(  80+739 )ms|AST   15|Inlined   0Y   0N|IR  13121/ 45351|CodeSize  230832|Addr 0x7f334bab83c0|Timestamp 146070278964438|Src n/a
[engine] opt done   id=1283  ProtosRootNode@20b740ca                            |Tier 2|Time    17(   3+14  )ms|AST    2|Inlined   0Y   0N|IR    502/  1344|CodeSize    6459|Addr 0x7f334bc59120|Timestamp 146070415618505|Src n/a
[engine] opt done   id=1284  ProtosRootNode@4a2b1ffb                            |Tier 2|Time  1696( 140+1555)ms|AST   25|Inlined   0Y   0N|IR  20516/ 58742|CodeSize  317930|Addr 0x7f334c93d2c0|Timestamp 146072111462010|Src n/a
[engine] opt done   id=1281  ProtosRootNode@1868ea8d                            |Tier 2|Time    16(   4+12  )ms|AST    2|Inlined   0Y   0N|IR    815/   944|CodeSize    4429|Addr 0x7f334c77f600|Timestamp 146072167692919|Src n/a
[engine] opt done   id=1282  ProtosRootNode@13be8e66                            |Tier 2|Time   442(  42+400 )ms|AST   10|Inlined   0Y   0N|IR   7804/ 23230|CodeSize  125455|Addr 0x7f334c46bda0|Timestamp 146072609914187|Src n/a
[engine] opt done   id=1279  ProtosRootNode@340291ec                            |Tier 2|Time    17(   4+13  )ms|AST    2|Inlined   0Y   0N|IR    815/   944|CodeSize    4429|Addr 0x7f334cb10b80|Timestamp 146072668030068|Src n/a
[engine] opt done   id=1368  ProtosRootNode@43e0aa3e                            |Tier 1|Time    26(   4+22  )ms|AST    2|Inlined   0Y   0N|IR    575/  1647|CodeSize    7498|Addr 0x7f334ba39320|Timestamp 146072769454991|Src n/a
[engine] opt done   id=1369  ProtosRootNode@1a974567                            |Tier 1|Time  2104( 292+1812)ms|AST   25|Inlined   0Y   0N|IR  20587/ 71990|CodeSize  369997|Addr 0x7f334bd5b740|Timestamp 146074873906517|Src n/a
[engine] opt done   id=1366  ProtosRootNode@61f94511                            |Tier 1|Time    14(   4+9   )ms|AST    2|Inlined   0Y   0N|IR    888/  1275|CodeSize    5532|Addr 0x7f334ba36ae0|Timestamp 146074939776016|Src n/a
[engine] opt done   id=1367  ProtosRootNode@2c7f9297                            |Tier 1|Time   368(  40+328 )ms|AST   10|Inlined   0Y   0N|IR   7877/ 27957|CodeSize  143688|Addr 0x7f334bd1f5a0|Timestamp 146075308477194|Src n/a
[engine] opt done   id=1364  ProtosRootNode@278f0506                            |Tier 1|Time    22(   4+17  )ms|AST    2|Inlined   0Y   0N|IR    888/  1275|CodeSize    5532|Addr 0x7f334bd1af60|Timestamp 146075331270011|Src n/a
[engine] opt failed id=1365  ProtosRootNode@5b99dd81                            |Tier 1|Time   44(-146075332+146075376)ms|Reason: jdk.graal.compiler.truffle.GraphTooBigBailoutException: Graph too big to safely compile. Node count: 50144. Graph Size: 150051. Limit: 150000.|Timestamp 146075375843745|Src n/a
[engine] opt failed id=1365  ProtosRootNode@5b99dd81                            |Tier 1|Time   50(-146075376+146075426)ms|Reason: jdk.graal.compiler.truffle.GraphTooBigBailoutException: Graph too big to safely compile. Node count: 50144. Graph Size: 150051. Limit: 150000.|Timestamp 146075425985136|Src n/a
[engine] opt done   id=1378  ProtosRootNode@39db2f8f                            |Tier 1|Time    14(   4+11  )ms|AST    2|Inlined   0Y   0N|IR    591/  1658|CodeSize    7561|Addr 0x7f334bd178a0|Timestamp 146075454394640|Src n/a
[engine] opt done   id=1379  ProtosRootNode@cc9a8e5                             |Tier 1|Time  2570( 170+2401)ms|AST   31|Inlined   0Y   0N|IR  24900/ 88668|CodeSize  454302|Addr 0x7f334be1c3c0|Timestamp 146078025098021|Src n/a
[engine] opt done   id=1348  ProtosRootNode@422b7e4f                            |Tier 1|Time    14(   4+10  )ms|AST    2|Inlined   0Y   0N|IR    888/  1275|CodeSize    5532|Addr 0x7f334ba342e0|Timestamp 146078066768521|Src n/a
[engine] opt done   id=1349  ProtosRootNode@d2ade2d                             |Tier 1|Time   155(  19+135 )ms|AST    8|Inlined   0Y   0N|IR   4108/ 14355|CodeSize   71703|Addr 0x7f334bdfad40|Timestamp 146078221501078|Src n/a
[engine] opt done   id=1362  ProtosRootNode@7fa9f033                            |Tier 1|Time    14(   5+9   )ms|AST    2|Inlined   0Y   0N|IR    888/  1275|CodeSize    5532|Addr 0x7f334bdf77e0|Timestamp 146078235723475|Src n/a
[engine] opt done   id=1363  ProtosRootNode@6e420554                            |Tier 1|Time   393(  48+345 )ms|AST   14|Inlined   0Y   0N|IR   8039/ 28351|CodeSize  146358|Addr 0x7f334ce78560|Timestamp 146078628502800|Src n/a
[engine] opt done   id=1358  ProtosRootNode@72afbd60                            |Tier 1|Time    14(   4+10  )ms|AST    2|Inlined   0Y   0N|IR    888/  1275|CodeSize    5532|Addr 0x7f334ba31ae0|Timestamp 146078656913804|Src n/a
[engine] opt done   id=1359  ProtosRootNode@5b81f288                            |Tier 1|Time   498(  51+447 )ms|AST   12|Inlined   0Y   0N|IR   9547/ 32569|CodeSize  165278|Addr 0x7f334c8f9760|Timestamp 146079155520026|Src n/a
[engine] opt done   id=1352  ProtosRootNode@39fc3af1                            |Tier 1|Time    14(   4+10  )ms|AST    2|Inlined   0Y   0N|IR    888/  1275|CodeSize    5532|Addr 0x7f334ce73c60|Timestamp 146079171033884|Src n/a
[engine] opt done   id=1353  ProtosRootNode@21ddcd69                            |Tier 1|Time   187(  27+160 )ms|AST    8|Inlined   0Y   0N|IR   4108/ 14355|CodeSize   71703|Addr 0x7f334ba999c0|Timestamp 146079358449721|Src n/a
[engine] opt done   id=1356  ProtosRootNode@3a335355                            |Tier 1|Time    18(   4+13  )ms|AST    2|Inlined   0Y   0N|IR    888/  1275|CodeSize    5532|Addr 0x7f334ce71460|Timestamp 146079376334882|Src n/a
[engine] opt done   id=1357  ProtosRootNode@54c10625                            |Tier 1|Time   868(  83+785 )ms|AST   18|Inlined   0Y   0N|IR  13481/ 46573|CodeSize  239146|Addr 0x7f334ca333c0|Timestamp 146080244821399|Src n/a
[engine] opt done   id=1374  ProtosRootNode@595e5f92                            |Tier 1|Time    14(   4+10  )ms|AST    2|Inlined   0Y   0N|IR    888/  1275|CodeSize    5532|Addr 0x7f334ce6ec60|Timestamp 146080272843153|Src n/a
[engine] opt done   id=1375  ProtosRootNode@27d39d54                            |Tier 1|Time   412(  53+359 )ms|AST   10|Inlined   0Y   0N|IR   8197/ 27807|CodeSize  143154|Addr 0x7f334ba60a60|Timestamp 146080685021289|Src n/a
[engine] opt done   id=1376  ProtosRootNode@1d41a23                             |Tier 1|Time    22(   4+17  )ms|AST    2|Inlined   0Y   0N|IR    888/  1275|CodeSize    5532|Addr 0x7f334ce6c460|Timestamp 146080708143857|Src n/a
[engine] opt done   id=1377  ProtosRootNode@43c340e4                            |Tier 1|Time  2217( 188+2029)ms|AST   28|Inlined   0Y   0N|IR  23473/ 78400|CodeSize  409752|Addr 0x7f334c0ec140|Timestamp 146082925592684|Src n/a
[engine] opt done   id=1370  ProtosRootNode@27755f30                            |Tier 1|Time    16(   5+11  )ms|AST    2|Inlined   0Y   0N|IR    591/  1658|CodeSize    7561|Addr 0x7f334ce68da0|Timestamp 146082968613145|Src n/a
[engine] opt done   id=1371  ProtosRootNode@7ae4aa14                            |Tier 1|Time  1210( 101+1110)ms|AST   27|Inlined   0Y   0N|IR  17057/ 57952|CodeSize  300444|Addr 0x7f334c0719e0|Timestamp 146084179752669|Src n/a
[engine] opt done   id=1344  ProtosRootNode@ad3fd09                             |Tier 1|Time    18(   8+10  )ms|AST    2|Inlined   0Y   0N|IR    888/  1275|CodeSize    5532|Addr 0x7f334c467d60|Timestamp 146084226578215|Src n/a
[engine] opt done   id=1345  ProtosRootNode@4912894                             |Tier 1|Time   784(  73+711 )ms|AST   15|Inlined   0Y   0N|IR  13121/ 45351|CodeSize  230832|Addr 0x7f334c9d6940|Timestamp 146085027696375|Src n/a
[engine] opt done   id=1342  ProtosRootNode@5e5c30b0                            |Tier 1|Time    14(   4+10  )ms|AST    2|Inlined   0Y   0N|IR    888/  1275|CodeSize    5532|Addr 0x7f334c465560|Timestamp 146085054685487|Src n/a
[engine] opt done   id=1343  ProtosRootNode@3881d0bc                            |Tier 1|Time   923( 103+820 )ms|AST   15|Inlined   0Y   0N|IR  13121/ 45351|CodeSize  230832|Addr 0x7f334c0143c0|Timestamp 146085978139303|Src n/a
[engine] opt done   id=1368  ProtosRootNode@43e0aa3e                            |Tier 2|Time    19(   3+15  )ms|AST    2|Inlined   0Y   0N|IR    502/  1344|CodeSize    6459|Addr 0x7f334c4624a0|Timestamp 146086111817642|Src n/a
[engine] opt done   id=1369  ProtosRootNode@1a974567                            |Tier 2|Time  1831( 155+1676)ms|AST   25|Inlined   0Y   0N|IR  20516/ 58742|CodeSize  317930|Addr 0x7f334cded040|Timestamp 146087943111091|Src n/a
[engine] opt done   id=1366  ProtosRootNode@61f94511                            |Tier 2|Time    23(   4+19  )ms|AST    2|Inlined   0Y   0N|IR    815/   944|CodeSize    4429|Addr 0x7f334ba2f780|Timestamp 146087983869719|Src n/a
[engine] opt done   id=1367  ProtosRootNode@2c7f9297                            |Tier 2|Time   425(  39+385 )ms|AST   10|Inlined   0Y   0N|IR   7804/ 23230|CodeSize  125455|Addr 0x7f334bfe0e20|Timestamp 146088408716916|Src n/a
[engine] opt done   id=1364  ProtosRootNode@278f0506                            |Tier 2|Time    16(   4+12  )ms|AST    2|Inlined   0Y   0N|IR    815/   944|CodeSize    4429|Addr 0x7f334c460280|Timestamp 146088462943581|Src n/a
[engine] opt done   id=1453  ProtosRootNode@11d49af7                            |Tier 1|Time    26(   6+20  )ms|AST    2|Inlined   0Y   0N|IR    575/  1647|CodeSize    7498|Addr 0x7f334c45cc20|Timestamp 146088562446900|Src n/a
[engine] opt done   id=1454  ProtosRootNode@5f787295                            |Tier 1|Time  1703( 133+1570)ms|AST   25|Inlined   0Y   0N|IR  20587/ 71990|CodeSize  369997|Addr 0x7f334cd5b140|Timestamp 146090265857579|Src n/a
[engine] opt done   id=1451  ProtosRootNode@794af264                            |Tier 1|Time    14(   5+9   )ms|AST    2|Inlined   0Y   0N|IR    888/  1275|CodeSize    5532|Addr 0x7f334bfdcde0|Timestamp 146090326839281|Src n/a
[engine] opt done   id=1452  ProtosRootNode@744e72b9                            |Tier 1|Time   379(  42+336 )ms|AST   10|Inlined   0Y   0N|IR   7877/ 27957|CodeSize  143688|Addr 0x7f334cd1efa0|Timestamp 146090705970343|Src n/a
[engine] opt done   id=1449  ProtosRootNode@4ed5b336                            |Tier 1|Time    20(   4+16  )ms|AST    2|Inlined   0Y   0N|IR    888/  1275|CodeSize    5532|Addr 0x7f334bfda5e0|Timestamp 146090727607308|Src n/a
[engine] opt failed id=1450  ProtosRootNode@46269acd                            |Tier 1|Time   45(-146090728+146090774)ms|Reason: jdk.graal.compiler.truffle.GraphTooBigBailoutException: Graph too big to safely compile. Node count: 50144. Graph Size: 150051. Limit: 150000.|Timestamp 146090773765953|Src n/a
[engine] opt failed id=1450  ProtosRootNode@46269acd                            |Tier 1|Time   53(-146090774+146090827)ms|Reason: jdk.graal.compiler.truffle.GraphTooBigBailoutException: Graph too big to safely compile. Node count: 50144. Graph Size: 150051. Limit: 150000.|Timestamp 146090827058837|Src n/a
[engine] opt done   id=1463  ProtosRootNode@3d6145d4                            |Tier 1|Time    15(   5+10  )ms|AST    2|Inlined   0Y   0N|IR    591/  1658|CodeSize    7561|Addr 0x7f334bfd6f20|Timestamp 146090860232606|Src n/a
[engine] opt done   id=1464  ProtosRootNode@2b2fbb5f                            |Tier 1|Time  2596( 179+2417)ms|AST   31|Inlined   0Y   0N|IR  24900/ 88668|CodeSize  454302|Addr 0x7f334cc6db40|Timestamp 146093456135769|Src n/a
[engine] opt done   id=1433  ProtosRootNode@4108c659                            |Tier 1|Time    14(   4+10  )ms|AST    2|Inlined   0Y   0N|IR    888/  1275|CodeSize    5532|Addr 0x7f334bfd46e0|Timestamp 146093515708559|Src n/a
[engine] opt done   id=1434  ProtosRootNode@6740c4af                            |Tier 1|Time   155(  19+136 )ms|AST    8|Inlined   0Y   0N|IR   4108/ 14355|CodeSize   71703|Addr 0x7f334cc4c4c0|Timestamp 146093671024223|Src n/a
[engine] opt done   id=1447  ProtosRootNode@64c2ace8                            |Tier 1|Time    14(   4+10  )ms|AST    2|Inlined   0Y   0N|IR    888/  1275|CodeSize    5532|Addr 0x7f334bfd1ee0|Timestamp 146093685107960|Src n/a
[engine] opt done   id=1448  ProtosRootNode@36e68845                            |Tier 1|Time   392(  48+344 )ms|AST   14|Inlined   0Y   0N|IR   8039/ 28351|CodeSize  146358|Addr 0x7f334cc13f60|Timestamp 146094077357115|Src n/a
[engine] opt done   id=1443  ProtosRootNode@7898ab5b                            |Tier 1|Time    20(   5+16  )ms|AST    2|Inlined   0Y   0N|IR    888/  1275|CodeSize    5532|Addr 0x7f334beed560|Timestamp 146094098074469|Src n/a
[engine] opt done   id=1444  ProtosRootNode@4f15f77e                            |Tier 1|Time   591(  53+538 )ms|AST   12|Inlined   0Y   0N|IR   9547/ 32569|CodeSize  165278|Addr 0x7f334d0e90e0|Timestamp 146094689023259|Src n/a
[engine] opt done   id=1437  ProtosRootNode@344b7113                            |Tier 1|Time    15(   5+10  )ms|AST    2|Inlined   0Y   0N|IR    888/  1275|CodeSize    5532|Addr 0x7f334beead60|Timestamp 146094724072170|Src n/a
[engine] opt done   id=1438  ProtosRootNode@30ba31f8                            |Tier 1|Time   171(  20+151 )ms|AST    8|Inlined   0Y   0N|IR   4108/ 14355|CodeSize   71703|Addr 0x7f334d129c40|Timestamp 146094895979244|Src n/a
[engine] opt done   id=1441  ProtosRootNode@42b6aa2e                            |Tier 1|Time    15(   5+9   )ms|AST    2|Inlined   0Y   0N|IR    888/  1275|CodeSize    5532|Addr 0x7f334bee8560|Timestamp 146094910903872|Src n/a
[engine] opt done   id=1442  ProtosRootNode@25605a6f                            |Tier 1|Time   927(  83+844 )ms|AST   18|Inlined   0Y   0N|IR  13481/ 46573|CodeSize  239146|Addr 0x7f334d1487c0|Timestamp 146095837950568|Src n/a
[engine] opt done   id=1459  ProtosRootNode@6402983b                            |Tier 1|Time    14(   4+10  )ms|AST    2|Inlined   0Y   0N|IR    888/  1275|CodeSize    5532|Addr 0x7f334bee5d60|Timestamp 146095866945222|Src n/a
[engine] opt done   id=1460  ProtosRootNode@5fe5b7c1                            |Tier 1|Time   439(  57+382 )ms|AST   10|Inlined   0Y   0N|IR   8197/ 27807|CodeSize  143154|Addr 0x7f334d1a5e60|Timestamp 146096306481602|Src n/a
[engine] opt done   id=1461  ProtosRootNode@8a65008                             |Tier 1|Time    23(   4+18  )ms|AST    2|Inlined   0Y   0N|IR    888/  1275|CodeSize    5532|Addr 0x7f334bee3560|Timestamp 146096330602990|Src n/a
[engine] opt done   id=1462  ProtosRootNode@3a9aad85                            |Tier 1|Time  2196( 203+1993)ms|AST   28|Inlined   0Y   0N|IR  23473/ 78400|CodeSize  409752|Addr 0x7f334d1e3940|Timestamp 146098526933652|Src n/a
[engine] opt done   id=1455  ProtosRootNode@33bff25e                            |Tier 1|Time    15(   4+11  )ms|AST    2|Inlined   0Y   0N|IR    591/  1658|CodeSize    7561|Addr 0x7f334bedfea0|Timestamp 146098561067782|Src n/a
[engine] opt done   id=1456  ProtosRootNode@7f5e70b3                            |Tier 1|Time  1193(  94+1099)ms|AST   27|Inlined   0Y   0N|IR  17057/ 57952|CodeSize  300444|Addr 0x7f334b53e160|Timestamp 146099754782167|Src n/a
[engine] opt done   id=1429  ProtosRootNode@19b1be6                             |Tier 1|Time    14(   4+9   )ms|AST    2|Inlined   0Y   0N|IR    888/  1275|CodeSize    5532|Addr 0x7f334b218060|Timestamp 146099794106773|Src n/a
[engine] opt done   id=1430  ProtosRootNode@532303c8                            |Tier 1|Time   796(  73+722 )ms|AST   15|Inlined   0Y   0N|IR  13121/ 45351|CodeSize  230832|Addr 0x7f334b5c1440|Timestamp 146100608772072|Src n/a
[engine] opt done   id=1427  ProtosRootNode@27b2ede7                            |Tier 1|Time    14(   4+9   )ms|AST    2|Inlined   0Y   0N|IR    888/  1275|CodeSize    5532|Addr 0x7f334b25d2e0|Timestamp 146100634089701|Src n/a
[engine] opt done   id=1428  ProtosRootNode@287a3915                            |Tier 1|Time   846(  81+765 )ms|AST   15|Inlined   0Y   0N|IR  13121/ 45351|CodeSize  230832|Addr 0x7f334b629040|Timestamp 146101480344935|Src n/a
[engine] opt done   id=1453  ProtosRootNode@11d49af7                            |Tier 2|Time    16(   3+14  )ms|AST    2|Inlined   0Y   0N|IR    502/  1344|CodeSize    6459|Addr 0x7f334b6a94a0|Timestamp 146101594595169|Src n/a
[engine] opt done   id=1454  ProtosRootNode@5f787295                            |Tier 2|Time  1724( 140+1584)ms|AST   25|Inlined   0Y   0N|IR  20516/ 58742|CodeSize  317930|Addr 0x7f334b6b1040|Timestamp 146103318569261|Src n/a
[engine] opt done   id=1451  ProtosRootNode@794af264                            |Tier 2|Time    23(   4+19  )ms|AST    2|Inlined   0Y   0N|IR    815/   944|CodeSize    4429|Addr 0x7f334c26cc00|Timestamp 146103358477418|Src n/a
[engine] opt done   id=1452  ProtosRootNode@744e72b9                            |Tier 2|Time   426(  36+390 )ms|AST   10|Inlined   0Y   0N|IR   7804/ 23230|CodeSize  125455|Addr 0x7f334bcdd620|Timestamp 146103784742577|Src n/a
[engine] opt done   id=1449  ProtosRootNode@4ed5b336                            |Tier 2|Time    16(   4+12  )ms|AST    2|Inlined   0Y   0N|IR    815/   944|CodeSize    4429|Addr 0x7f334c2a3e80|Timestamp 146103836665718|Src n/a
[engine] opt done   id=1538  ProtosRootNode@490fb380                            |Tier 1|Time    24(   4+20  )ms|AST    2|Inlined   0Y   0N|IR    575/  1647|CodeSize    7498|Addr 0x7f334b14a520|Timestamp 146103927425414|Src n/a
[engine] opt done   id=1539  ProtosRootNode@6a1ecde1                            |Tier 1|Time  1648( 133+1515)ms|AST   25|Inlined   0Y   0N|IR  20587/ 71990|CodeSize  369997|Addr 0x7f334b188340|Timestamp 146105577554044|Src n/a
[engine] opt done   id=1536  ProtosRootNode@7539ca79                            |Tier 1|Time    24(   4+20  )ms|AST    2|Inlined   0Y   0N|IR    888/  1275|CodeSize    5532|Addr 0x7f334b37d460|Timestamp 146105603872344|Src n/a
[engine] opt done   id=1537  ProtosRootNode@4652de76                            |Tier 1|Time   373(  37+336 )ms|AST   10|Inlined   0Y   0N|IR   7877/ 27957|CodeSize  143688|Addr 0x7f334b223220|Timestamp 146105977079530|Src n/a
[engine] opt done   id=1534  ProtosRootNode@15e67fa8                            |Tier 1|Time    21(   4+16  )ms|AST    2|Inlined   0Y   0N|IR    888/  1275|CodeSize    5532|Addr 0x7f334b3c48e0|Timestamp 146105999051836|Src n/a
[engine] opt failed id=1535  ProtosRootNode@744debde                            |Tier 1|Time   43(-146105999+146106043)ms|Reason: jdk.graal.compiler.truffle.GraphTooBigBailoutException: Graph too big to safely compile. Node count: 50144. Graph Size: 150051. Limit: 150000.|Timestamp 146106042700227|Src n/a
[engine] opt failed id=1535  ProtosRootNode@744debde                            |Tier 1|Time   43(-146106043+146106086)ms|Reason: jdk.graal.compiler.truffle.GraphTooBigBailoutException: Graph too big to safely compile. Node count: 50144. Graph Size: 150051. Limit: 150000.|Timestamp 146106085941247|Src n/a
[engine] opt done   id=1548  ProtosRootNode@5f1b8c21                            |Tier 1|Time    14(   4+10  )ms|AST    2|Inlined   0Y   0N|IR    591/  1658|CodeSize    7561|Addr 0x7f334b1763a0|Timestamp 146106117967565|Src n/a
[engine] opt done   id=1549  ProtosRootNode@7e43a0c1                            |Tier 1|Time  2626( 167+2459)ms|AST   31|Inlined   0Y   0N|IR  24900/ 88668|CodeSize  454302|Addr 0x7f334b271a40|Timestamp 146108743996966|Src n/a
[engine] opt done   id=1518  ProtosRootNode@6102343f                            |Tier 1|Time    14(   4+10  )ms|AST    2|Inlined   0Y   0N|IR    888/  1275|CodeSize    5532|Addr 0x7f334b269360|Timestamp 146108790277690|Src n/a
[engine] opt done   id=1519  ProtosRootNode@45274e04                            |Tier 1|Time   158(  19+139 )ms|AST    8|Inlined   0Y   0N|IR   4108/ 14355|CodeSize   71703|Addr 0x7f334b3c9340|Timestamp 146108948185163|Src n/a
[engine] opt done   id=1532  ProtosRootNode@10e22b8f                            |Tier 1|Time    14(   4+9   )ms|AST    2|Inlined   0Y   0N|IR    888/  1275|CodeSize    5532|Addr 0x7f334b3e4ee0|Timestamp 146108962146270|Src n/a
[engine] opt done   id=1533  ProtosRootNode@2760e4f5                            |Tier 1|Time   392(  46+346 )ms|AST   14|Inlined   0Y   0N|IR   8039/ 28351|CodeSize  146358|Addr 0x7f334b345860|Timestamp 146109354280566|Src n/a
[engine] opt done   id=1528  ProtosRootNode@2ad4ffbc                            |Tier 1|Time    20(   4+16  )ms|AST    2|Inlined   0Y   0N|IR    888/  1275|CodeSize    5532|Addr 0x7f334b489b60|Timestamp 146109374820970|Src n/a
[engine] opt done   id=1529  ProtosRootNode@4182631                             |Tier 1|Time   500(  51+448 )ms|AST   12|Inlined   0Y   0N|IR   9547/ 32569|CodeSize  165278|Addr 0x7f334b383c60|Timestamp 146109874660971|Src n/a
[engine] opt done   id=1522  ProtosRootNode@33d197ce                            |Tier 1|Time    14(   4+10  )ms|AST    2|Inlined   0Y   0N|IR    888/  1275|CodeSize    5532|Addr 0x7f334b5b7ce0|Timestamp 146109906529108|Src n/a
[engine] opt done   id=1523  ProtosRootNode@6d10ef2e                            |Tier 1|Time   158(  19+139 )ms|AST    8|Inlined   0Y   0N|IR   4108/ 14355|CodeSize   71703|Addr 0x7f334b326d40|Timestamp 146110064601202|Src n/a
[engine] opt done   id=1526  ProtosRootNode@897d14c                             |Tier 1|Time    14(   4+9   )ms|AST    2|Inlined   0Y   0N|IR    888/  1275|CodeSize    5532|Addr 0x7f334b3237e0|Timestamp 146110078523368|Src n/a
[engine] opt done   id=1527  ProtosRootNode@55d3400b                            |Tier 1|Time   845(  81+764 )ms|AST   18|Inlined   0Y   0N|IR  13481/ 46573|CodeSize  239146|Addr 0x7f334b3eb440|Timestamp 146110924197000|Src n/a
[engine] opt done   id=1544  ProtosRootNode@32254d21                            |Tier 1|Time    14(   4+10  )ms|AST    2|Inlined   0Y   0N|IR    888/  1275|CodeSize    5532|Addr 0x7f334b842be0|Timestamp 146110954019564|Src n/a
[engine] opt done   id=1545  ProtosRootNode@21fe8480                            |Tier 1|Time   476(  63+413 )ms|AST   10|Inlined   0Y   0N|IR   8197/ 27807|CodeSize  143154|Addr 0x7f334b450860|Timestamp 146111430403037|Src n/a
[engine] opt done   id=1546  ProtosRootNode@403c8dce                            |Tier 1|Time    21(   4+16  )ms|AST    2|Inlined   0Y   0N|IR    888/  1275|CodeSize    5532|Addr 0x7f334bb12c60|Timestamp 146111452719063|Src n/a
[engine] opt done   id=1547  ProtosRootNode@5ea3454d                            |Tier 1|Time  2181( 202+1979)ms|AST   28|Inlined   0Y   0N|IR  23473/ 78400|CodeSize  409752|Addr 0x7f334c59f340|Timestamp 146113633667880|Src n/a
[engine] opt done   id=1540  ProtosRootNode@7d924cef                            |Tier 1|Time    14(   4+10  )ms|AST    2|Inlined   0Y   0N|IR    591/  1658|CodeSize    7561|Addr 0x7f334b265220|Timestamp 146113673728216|Src n/a
[engine] opt done   id=1541  ProtosRootNode@3c095d01                            |Tier 1|Time  1194(  95+1099)ms|AST   27|Inlined   0Y   0N|IR  17057/ 57952|CodeSize  300444|Addr 0x7f334bb196e0|Timestamp 146114867909687|Src n/a
[engine] opt done   id=1514  ProtosRootNode@6162e24a                            |Tier 1|Time    13(   4+9   )ms|AST    2|Inlined   0Y   0N|IR    888/  1275|CodeSize    5532|Addr 0x7f334bb91760|Timestamp 146114948544160|Src n/a
[engine] opt done   id=1515  ProtosRootNode@2a53c90a                            |Tier 1|Time   845(  68+777 )ms|AST   15|Inlined   0Y   0N|IR  13121/ 45351|CodeSize  230832|Addr 0x7f334bb99140|Timestamp 146115794181296|Src n/a
[engine] opt done   id=1512  ProtosRootNode@3b69bbea                            |Tier 1|Time    14(   4+10  )ms|AST    2|Inlined   0Y   0N|IR    888/  1275|CodeSize    5532|Addr 0x7f334bde9c60|Timestamp 146115820605237|Src n/a
[engine] opt done   id=1513  ProtosRootNode@542e9a4                             |Tier 1|Time   826(  91+735 )ms|AST   15|Inlined   0Y   0N|IR  13121/ 45351|CodeSize  230832|Addr 0x7f334bef2fc0|Timestamp 146116646308779|Src n/a
[engine] opt done   id=1538  ProtosRootNode@490fb380                            |Tier 2|Time    17(   3+14  )ms|AST    2|Inlined   0Y   0N|IR    502/  1344|CodeSize    6459|Addr 0x7f334bdee8a0|Timestamp 146116762504363|Src n/a
[engine] opt done   id=1539  ProtosRootNode@6a1ecde1                            |Tier 2|Time  1720( 134+1585)ms|AST   25|Inlined   0Y   0N|IR  20516/ 58742|CodeSize  317930|Addr 0x7f334b9aeb40|Timestamp 146118482560474|Src n/a
[engine] opt done   id=1536  ProtosRootNode@7539ca79                            |Tier 2|Time    17(   4+13  )ms|AST    2|Inlined   0Y   0N|IR    815/   944|CodeSize    4429|Addr 0x7f334c45aa00|Timestamp 146118532363431|Src n/a
[engine] opt done   id=1537  ProtosRootNode@4652de76                            |Tier 2|Time   438(  42+396 )ms|AST   10|Inlined   0Y   0N|IR   7804/ 23230|CodeSize  125455|Addr 0x7f334c272d20|Timestamp 146118970337995|Src n/a
[engine] opt done   id=1534  ProtosRootNode@15e67fa8                            |Tier 2|Time    16(   4+12  )ms|AST    2|Inlined   0Y   0N|IR    815/   944|CodeSize    4429|Addr 0x7f334c830d00|Timestamp 146119028151911|Src n/a
[engine] opt done   id=1623  ProtosRootNode@1a2a5f                              |Tier 1|Time    28(   7+22  )ms|AST    2|Inlined   0Y   0N|IR    575/  1647|CodeSize    7498|Addr 0x7f334b76d2a0|Timestamp 146119124651232|Src n/a
[engine] opt done   id=1624  ProtosRootNode@5177843b                            |Tier 1|Time  1728( 177+1552)ms|AST   25|Inlined   0Y   0N|IR  20587/ 71990|CodeSize  369997|Addr 0x7f334b775cc0|Timestamp 146120853335877|Src n/a
[engine] opt done   id=1621  ProtosRootNode@5967ecf8                            |Tier 1|Time    26(   4+21  )ms|AST    2|Inlined   0Y   0N|IR    888/  1275|CodeSize    5532|Addr 0x7f334c4376e0|Timestamp 146120881150099|Src n/a
[engine] opt done   id=1622  ProtosRootNode@594d54ab                            |Tier 1|Time   426(  39+386 )ms|AST   10|Inlined   0Y   0N|IR   7877/ 27957|CodeSize  143688|Addr 0x7f334b92a7a0|Timestamp 146121306978007|Src n/a
[engine] opt done   id=1619  ProtosRootNode@2549ec4f                            |Tier 1|Time    21(   4+16  )ms|AST    2|Inlined   0Y   0N|IR    888/  1275|CodeSize    5532|Addr 0x7f334c595160|Timestamp 146121328983803|Src n/a
[engine] opt failed id=1620  ProtosRootNode@359b7d3                             |Tier 1|Time   49(-146121329+146121378)ms|Reason: jdk.graal.compiler.truffle.GraphTooBigBailoutException: Graph too big to safely compile. Node count: 50144. Graph Size: 150051. Limit: 150000.|Timestamp 146121378515739|Src n/a
[engine] opt failed id=1620  ProtosRootNode@359b7d3                             |Tier 1|Time   49(-146121379+146121427)ms|Reason: jdk.graal.compiler.truffle.GraphTooBigBailoutException: Graph too big to safely compile. Node count: 50144. Graph Size: 150051. Limit: 150000.|Timestamp 146121427318385|Src n/a
[engine] opt done   id=1633  ProtosRootNode@30b906be                            |Tier 1|Time    15(   4+10  )ms|AST    2|Inlined   0Y   0N|IR    591/  1658|CodeSize    7561|Addr 0x7f334b61e2a0|Timestamp 146121458720141|Src n/a
[engine] opt done   id=1634  ProtosRootNode@38ae9965                            |Tier 1|Time  2358( 170+2187)ms|AST   31|Inlined   0Y   0N|IR  24900/ 88668|CodeSize  454302|Addr 0x7f334b8548c0|Timestamp 146123818339752|Src n/a
[engine] opt done   id=1603  ProtosRootNode@3f6cace0                            |Tier 1|Time    14(   4+9   )ms|AST    2|Inlined   0Y   0N|IR    888/  1275|CodeSize    5532|Addr 0x7f334c6bc160|Timestamp 146123859230089|Src n/a
[engine] opt done   id=1604  ProtosRootNode@6bb1a0de                            |Tier 1|Time   156(  25+131 )ms|AST    8|Inlined   0Y   0N|IR   4108/ 14355|CodeSize   71703|Addr 0x7f334bf50040|Timestamp 146124015736498|Src n/a
[engine] opt done   id=1617  ProtosRootNode@26d36a19                            |Tier 1|Time    13(   4+9   )ms|AST    2|Inlined   0Y   0N|IR    888/  1275|CodeSize    5532|Addr 0x7f334bf4cae0|Timestamp 146124029271973|Src n/a
[engine] opt done   id=1618  ProtosRootNode@32749cef                            |Tier 1|Time   426(  43+383 )ms|AST   14|Inlined   0Y   0N|IR   8039/ 28351|CodeSize  146358|Addr 0x7f334c55cd60|Timestamp 146124455538000|Src n/a
[engine] opt done   id=1613  ProtosRootNode@268fff0a                            |Tier 1|Time    13(   4+9   )ms|AST    2|Inlined   0Y   0N|IR    888/  1275|CodeSize    5532|Addr 0x7f334ba2c7e0|Timestamp 146124494401765|Src n/a
[engine] opt done   id=1614  ProtosRootNode@222aea18                            |Tier 1|Time   509(  51+459 )ms|AST   12|Inlined   0Y   0N|IR   9547/ 32569|CodeSize  165278|Addr 0x7f334b967060|Timestamp 146125003827496|Src n/a
[engine] opt done   id=1607  ProtosRootNode@48963df6                            |Tier 1|Time    19(   4+15  )ms|AST    2|Inlined   0Y   0N|IR    888/  1275|CodeSize    5532|Addr 0x7f334b9625e0|Timestamp 146125024457210|Src n/a
[engine] opt done   id=1608  ProtosRootNode@788413e3                            |Tier 1|Time   158(  19+139 )ms|AST    8|Inlined   0Y   0N|IR   4108/ 14355|CodeSize   71703|Addr 0x7f334c43d8c0|Timestamp 146125182561020|Src n/a
[engine] opt done   id=1611  ProtosRootNode@720b703d                            |Tier 1|Time    14(   4+9   )ms|AST    2|Inlined   0Y   0N|IR    888/  1275|CodeSize    5532|Addr 0x7f334c43a360|Timestamp 146125196753826|Src n/a
[engine] opt done   id=1612  ProtosRootNode@6ed672f9                            |Tier 1|Time   906(  87+820 )ms|AST   18|Inlined   0Y   0N|IR  13481/ 46573|CodeSize  239146|Addr 0x7f334bbf70c0|Timestamp 146126103467701|Src n/a
[engine] opt done   id=1629  ProtosRootNode@1610d4c4                            |Tier 1|Time    14(   4+9   )ms|AST    2|Inlined   0Y   0N|IR    888/  1275|CodeSize    5532|Addr 0x7f334b84c1e0|Timestamp 146126142871785|Src n/a
[engine] opt done   id=1630  ProtosRootNode@61e30d4a                            |Tier 1|Time   415(  39+376 )ms|AST   10|Inlined   0Y   0N|IR   8197/ 27807|CodeSize  143154|Addr 0x7f334b808760|Timestamp 146126574855038|Src n/a
[engine] opt done   id=1631  ProtosRootNode@28ade4b5                            |Tier 1|Time    21(   4+16  )ms|AST    2|Inlined   0Y   0N|IR    888/  1275|CodeSize    5532|Addr 0x7f334b44b9e0|Timestamp 146126597131883|Src n/a
[engine] opt done   id=1632  ProtosRootNode@4d4fe679                            |Tier 1|Time  2174( 178+1996)ms|AST   28|Inlined   0Y   0N|IR  23473/ 78400|CodeSize  409752|Addr 0x7f334b498cc0|Timestamp 146128770950606|Src n/a
[engine] opt done   id=1625  ProtosRootNode@7d892afe                            |Tier 1|Time    15(   4+11  )ms|AST    2|Inlined   0Y   0N|IR    591/  1658|CodeSize    7561|Addr 0x7f334b48fd20|Timestamp 146128810171211|Src n/a
[engine] opt done   id=1626  ProtosRootNode@6f292421                            |Tier 1|Time  1120(  99+1020)ms|AST   27|Inlined   0Y   0N|IR  17057/ 57952|CodeSize  300444|Addr 0x7f334c646fe0|Timestamp 146129930348943|Src n/a
[engine] opt done   id=1599  ProtosRootNode@6a68184e                            |Tier 1|Time    30(   4+25  )ms|AST    2|Inlined   0Y   0N|IR    888/  1275|CodeSize    5532|Addr 0x7f334c640860|Timestamp 146129985035955|Src n/a
[engine] opt done   id=1600  ProtosRootNode@365752b3                            |Tier 1|Time   803(  85+718 )ms|AST   15|Inlined   0Y   0N|IR  13121/ 45351|CodeSize  230832|Addr 0x7f334bf73840|Timestamp 146130788156596|Src n/a
[engine] opt done   id=1597  ProtosRootNode@43be6f7                             |Tier 1|Time    14(   4+9   )ms|AST    2|Inlined   0Y   0N|IR    888/  1275|CodeSize    5532|Addr 0x7f334bf6dde0|Timestamp 146130813009964|Src n/a
[engine] opt done   id=1598  ProtosRootNode@20538824                            |Tier 1|Time   802(  92+711 )ms|AST   15|Inlined   0Y   0N|IR  13121/ 45351|CodeSize  230832|Addr 0x7f334c5009c0|Timestamp 146131615623194|Src n/a
[engine] opt done   id=1623  ProtosRootNode@1a2a5f                              |Tier 2|Time    16(   3+14  )ms|AST    2|Inlined   0Y   0N|IR    502/  1344|CodeSize    6459|Addr 0x7f334c4fa6a0|Timestamp 146131728732492|Src n/a
[engine] opt done   id=1624  ProtosRootNode@5177843b                            |Tier 2|Time  1653( 156+1497)ms|AST   25|Inlined   0Y   0N|IR  20516/ 58742|CodeSize  317930|Addr 0x7f334c1f2c40|Timestamp 146133381545821|Src n/a
[engine] opt done   id=1621  ProtosRootNode@5967ecf8                            |Tier 2|Time    16(   4+12  )ms|AST    2|Inlined   0Y   0N|IR    815/   944|CodeSize    4429|Addr 0x7f334c8e1f80|Timestamp 146133434645811|Src n/a
[engine] opt done   id=1622  ProtosRootNode@594d54ab                            |Tier 2|Time   468(  60+408 )ms|AST   10|Inlined   0Y   0N|IR   7804/ 23230|CodeSize  125455|Addr 0x7f334b72ed20|Timestamp 146133904456452|Src n/a
[engine] opt done   id=1619  ProtosRootNode@2549ec4f                            |Tier 2|Time    16(   4+12  )ms|AST    2|Inlined   0Y   0N|IR    815/   944|CodeSize    4429|Addr 0x7f334b72b300|Timestamp 146133950595394|Src n/a
[engine] opt done   id=1708  ProtosRootNode@7263da9f                            |Tier 1|Time    13(   3+10  )ms|AST    2|Inlined   0Y   0N|IR    575/  1647|CodeSize    7498|Addr 0x7f334bed9d20|Timestamp 146134048267854|Src n/a
[engine] opt done   id=1709  ProtosRootNode@330c50ef                            |Tier 1|Time  1717( 145+1573)ms|AST   25|Inlined   0Y   0N|IR  20587/ 71990|CodeSize  369997|Addr 0x7f334c2b1a40|Timestamp 146135766594763|Src n/a
[engine] opt done   id=1706  ProtosRootNode@c11a1a0                             |Tier 1|Time    13(   4+9   )ms|AST    2|Inlined   0Y   0N|IR    888/  1275|CodeSize    5532|Addr 0x7f334c2aa360|Timestamp 146135832539977|Src n/a
[engine] opt done   id=1707  ProtosRootNode@374c5b04                            |Tier 1|Time   403(  41+362 )ms|AST   10|Inlined   0Y   0N|IR   7877/ 27957|CodeSize  143688|Addr 0x7f334ca93da0|Timestamp 146136235770151|Src n/a
[engine] opt done   id=1704  ProtosRootNode@2ecabd12                            |Tier 1|Time    25(   5+21  )ms|AST    2|Inlined   0Y   0N|IR    888/  1275|CodeSize    5532|Addr 0x7f334ca8f760|Timestamp 146136262497822|Src n/a
[engine] opt failed id=1705  ProtosRootNode@339290b0                            |Tier 1|Time   46(-146136263+146136308)ms|Reason: jdk.graal.compiler.truffle.GraphTooBigBailoutException: Graph too big to safely compile. Node count: 50144. Graph Size: 150051. Limit: 150000.|Timestamp 146136308318843|Src n/a
[engine] opt failed id=1705  ProtosRootNode@339290b0                            |Tier 1|Time   50(-146136309+146136359)ms|Reason: jdk.graal.compiler.truffle.GraphTooBigBailoutException: Graph too big to safely compile. Node count: 50144. Graph Size: 150051. Limit: 150000.|Timestamp 146136359133351|Src n/a
[engine] opt done   id=1718  ProtosRootNode@3613502a                            |Tier 1|Time    14(   4+10  )ms|AST    2|Inlined   0Y   0N|IR    591/  1658|CodeSize    7561|Addr 0x7f334bed6620|Timestamp 146136391761947|Src n/a
[engine] opt done   id=1719  ProtosRootNode@1d7a1a0                             |Tier 1|Time  2526( 170+2356)ms|AST   31|Inlined   0Y   0N|IR  24900/ 88668|CodeSize  454302|Addr 0x7f334c387dc0|Timestamp 146138918152868|Src n/a
[engine] opt done   id=1688  ProtosRootNode@76487f8d                            |Tier 1|Time    14(   5+10  )ms|AST    2|Inlined   0Y   0N|IR    888/  1275|CodeSize    5532|Addr 0x7f334c37f6e0|Timestamp 146138960031905|Src n/a
[engine] opt done   id=1689  ProtosRootNode@42c53cbc                            |Tier 1|Time   155(  19+136 )ms|AST    8|Inlined   0Y   0N|IR   4108/ 14355|CodeSize   71703|Addr 0x7f334b158140|Timestamp 146139115212829|Src n/a
[engine] opt done   id=1702  ProtosRootNode@2f629a51                            |Tier 1|Time    13(   4+9   )ms|AST    2|Inlined   0Y   0N|IR    888/  1275|CodeSize    5532|Addr 0x7f334c37cee0|Timestamp 146139129046575|Src n/a
[engine] opt done   id=1703  ProtosRootNode@473e738a                            |Tier 1|Time   393(  48+345 )ms|AST   14|Inlined   0Y   0N|IR   8039/ 28351|CodeSize  146358|Addr 0x7f334c3447e0|Timestamp 146139522715537|Src n/a
[engine] opt done   id=1698  ProtosRootNode@540fadd8                            |Tier 1|Time    14(   4+9   )ms|AST    2|Inlined   0Y   0N|IR    888/  1275|CodeSize    5532|Addr 0x7f334b154a60|Timestamp 146139549879727|Src n/a
[engine] opt done   id=1699  ProtosRootNode@53ce09b6                            |Tier 1|Time   557(  50+507 )ms|AST   12|Inlined   0Y   0N|IR   9547/ 32569|CodeSize  165278|Addr 0x7f334cacfe60|Timestamp 146140107266812|Src n/a
[engine] opt done   id=1692  ProtosRootNode@4bff2b69                            |Tier 1|Time    14(   4+10  )ms|AST    2|Inlined   0Y   0N|IR    888/  1275|CodeSize    5532|Addr 0x7f334cacb3e0|Timestamp 146140122369149|Src n/a
[engine] opt done   id=1693  ProtosRootNode@1fa5d147                            |Tier 1|Time   180(  26+154 )ms|AST    8|Inlined   0Y   0N|IR   4108/ 14355|CodeSize   71703|Addr 0x7f334b90a140|Timestamp 146140303050852|Src n/a
[engine] opt done   id=1696  ProtosRootNode@2c4dc26e                            |Tier 1|Time    18(   5+14  )ms|AST    2|Inlined   0Y   0N|IR    888/  1275|CodeSize    5532|Addr 0x7f334b906be0|Timestamp 146140321801623|Src n/a
[engine] opt done   id=1697  ProtosRootNode@11abab20                            |Tier 1|Time   848(  74+774 )ms|AST   18|Inlined   0Y   0N|IR  13481/ 46573|CodeSize  239146|Addr 0x7f334c192f40|Timestamp 146141170794654|Src n/a
[engine] opt done   id=1714  ProtosRootNode@6bd084e4                            |Tier 1|Time    14(   4+10  )ms|AST    2|Inlined   0Y   0N|IR    888/  1275|CodeSize    5532|Addr 0x7f334c18d360|Timestamp 146141199023425|Src n/a
[engine] opt done   id=1715  ProtosRootNode@6a366a3a                            |Tier 1|Time   429(  53+375 )ms|AST   10|Inlined   0Y   0N|IR   8197/ 27807|CodeSize  143154|Addr 0x7f334cb955e0|Timestamp 146141627837545|Src n/a
[engine] opt done   id=1716  ProtosRootNode@69ec2da6                            |Tier 1|Time    21(   4+17  )ms|AST    2|Inlined   0Y   0N|IR    888/  1275|CodeSize    5532|Addr 0x7f334bed3de0|Timestamp 146141650568581|Src n/a
[engine] opt done   id=1717  ProtosRootNode@6d048ed3                            |Tier 1|Time  2173( 190+1983)ms|AST   28|Inlined   0Y   0N|IR  23473/ 78400|CodeSize  409752|Addr 0x7f334c7906c0|Timestamp 146143823804110|Src n/a
[engine] opt done   id=1710  ProtosRootNode@1d6e43a0                            |Tier 1|Time    21(   5+15  )ms|AST    2|Inlined   0Y   0N|IR    591/  1658|CodeSize    7561|Addr 0x7f334bed0720|Timestamp 146143881934555|Src n/a
[engine] opt done   id=1711  ProtosRootNode@74951e9e                            |Tier 1|Time  1170( 110+1060)ms|AST   27|Inlined   0Y   0N|IR  17057/ 57952|CodeSize  300444|Addr 0x7f334cdf1e60|Timestamp 146145051933190|Src n/a
[engine] opt done   id=1684  ProtosRootNode@349e2397                            |Tier 1|Time    14(   5+9   )ms|AST    2|Inlined   0Y   0N|IR    888/  1275|CodeSize    5532|Addr 0x7f334becdee0|Timestamp 146145091271064|Src n/a
[engine] opt done   id=1685  ProtosRootNode@61e554be                            |Tier 1|Time   824(  73+751 )ms|AST   15|Inlined   0Y   0N|IR  13121/ 45351|CodeSize  230832|Addr 0x7f334cb370c0|Timestamp 146145928925927|Src n/a
[engine] opt done   id=1682  ProtosRootNode@76cb48ed                            |Tier 1|Time    14(   4+10  )ms|AST    2|Inlined   0Y   0N|IR    888/  1275|CodeSize    5532|Addr 0x7f334cdeb6e0|Timestamp 146145955301677|Src n/a
[engine] opt done   id=1683  ProtosRootNode@33a21e78                            |Tier 1|Time   826(  79+746 )ms|AST   15|Inlined   0Y   0N|IR  13121/ 45351|CodeSize  230832|Addr 0x7f334bc80940|Timestamp 146146782073257|Src n/a
[engine] opt done   id=1708  ProtosRootNode@7263da9f                            |Tier 2|Time    17(   3+14  )ms|AST    2|Inlined   0Y   0N|IR    502/  1344|CodeSize    6459|Addr 0x7f334c787d20|Timestamp 146146907806167|Src n/a
[engine] opt done   id=1709  ProtosRootNode@330c50ef                            |Tier 2|Time  1676( 137+1539)ms|AST   25|Inlined   0Y   0N|IR  20516/ 58742|CodeSize  317930|Addr 0x7f334c47ed40|Timestamp 146148584251550|Src n/a
[engine] opt done   id=1706  ProtosRootNode@c11a1a0                             |Tier 2|Time    17(   5+12  )ms|AST    2|Inlined   0Y   0N|IR    815/   944|CodeSize    4429|Addr 0x7f334becbc80|Timestamp 146148646199529|Src n/a
[engine] opt done   id=1707  ProtosRootNode@374c5b04                            |Tier 2|Time   425(  42+382 )ms|AST   10|Inlined   0Y   0N|IR   7804/ 23230|CodeSize  125455|Addr 0x7f334cbe1b20|Timestamp 146149071068340|Src n/a
[engine] opt done   id=1704  ProtosRootNode@2ecabd12                            |Tier 2|Time    17(   5+12  )ms|AST    2|Inlined   0Y   0N|IR    815/   944|CodeSize    4429|Addr 0x7f334c340300|Timestamp 146149128027613|Src n/a
[engine] opt done   id=1793  ProtosRootNode@31f82029                            |Tier 1|Time    27(   7+20  )ms|AST    2|Inlined   0Y   0N|IR    575/  1647|CodeSize    7498|Addr 0x7f334c784620|Timestamp 146149243008231|Src n/a
[engine] opt done   id=1794  ProtosRootNode@27db7f9e                            |Tier 1|Time  1718( 153+1565)ms|AST   25|Inlined   0Y   0N|IR  20587/ 71990|CodeSize  369997|Addr 0x7f334c6ef7c0|Timestamp 146150962307006|Src n/a
[engine] opt done   id=1791  ProtosRootNode@7cedb00c                            |Tier 1|Time    23(   4+19  )ms|AST    2|Inlined   0Y   0N|IR    888/  1275|CodeSize    5532|Addr 0x7f334c781de0|Timestamp 146150987139664|Src n/a
[engine] opt done   id=1792  ProtosRootNode@522cc3fe                            |Tier 1|Time   433(  44+389 )ms|AST   10|Inlined   0Y   0N|IR   7877/ 27957|CodeSize  143688|Addr 0x7f334c97fca0|Timestamp 146151420557833|Src n/a
[engine] opt done   id=1789  ProtosRootNode@61f4dffe                            |Tier 1|Time    20(   4+16  )ms|AST    2|Inlined   0Y   0N|IR    888/  1275|CodeSize    5532|Addr 0x7f334cbddae0|Timestamp 146151442100737|Src n/a
[engine] opt failed id=1790  ProtosRootNode@52c645f0                            |Tier 1|Time   45(-146151442+146151487)ms|Reason: jdk.graal.compiler.truffle.GraphTooBigBailoutException: Graph too big to safely compile. Node count: 50144. Graph Size: 150051. Limit: 150000.|Timestamp 146151486998087|Src n/a
[engine] opt failed id=1790  ProtosRootNode@52c645f0                            |Tier 1|Time   71(-146151487+146151558)ms|Reason: jdk.graal.compiler.truffle.GraphTooBigBailoutException: Graph too big to safely compile. Node count: 50144. Graph Size: 150051. Limit: 150000.|Timestamp 146151558276046|Src n/a
[engine] opt done   id=1803  ProtosRootNode@7bfde29c                            |Tier 1|Time    14(   4+10  )ms|AST    2|Inlined   0Y   0N|IR    591/  1658|CodeSize    7561|Addr 0x7f334cbda420|Timestamp 146151579211379|Src n/a
[engine] opt done   id=1804  ProtosRootNode@177c992f                            |Tier 1|Time  2472( 194+2279)ms|AST   31|Inlined   0Y   0N|IR  24900/ 88668|CodeSize  454302|Addr 0x7f334bd3a2c0|Timestamp 146154051856030|Src n/a
[engine] opt done   id=1773  ProtosRootNode@44d55ac4                            |Tier 1|Time    14(   4+10  )ms|AST    2|Inlined   0Y   0N|IR    888/  1275|CodeSize    5532|Addr 0x7f334cbd7be0|Timestamp 146154084260516|Src n/a
[engine] opt done   id=1774  ProtosRootNode@5ae9e749                            |Tier 1|Time   155(  19+136 )ms|AST    8|Inlined   0Y   0N|IR   4108/ 14355|CodeSize   71703|Addr 0x7f334bd18c40|Timestamp 146154239115617|Src n/a
[engine] opt done   id=1787  ProtosRootNode@450ffe                              |Tier 1|Time    14(   4+9   )ms|AST    2|Inlined   0Y   0N|IR    888/  1275|CodeSize    5532|Addr 0x7f334cbd51e0|Timestamp 146154253044642|Src n/a
[engine] opt done   id=1788  ProtosRootNode@4904a358                            |Tier 1|Time   379(  45+334 )ms|AST   14|Inlined   0Y   0N|IR   8039/ 28351|CodeSize  146358|Addr 0x7f334c946660|Timestamp 146154632284661|Src n/a
[engine] opt done   id=1783  ProtosRootNode@27b164a                             |Tier 1|Time    20(   4+16  )ms|AST    2|Inlined   0Y   0N|IR    888/  1275|CodeSize    5532|Addr 0x7f334c4787e0|Timestamp 146154652869053|Src n/a
[engine] opt done   id=1784  ProtosRootNode@73bd4d0e                            |Tier 1|Time   477(  50+426 )ms|AST   12|Inlined   0Y   0N|IR   9547/ 32569|CodeSize  165278|Addr 0x7f334c904760|Timestamp 146155129976069|Src n/a
[engine] opt done   id=1777  ProtosRootNode@12f01937                            |Tier 1|Time    13(   4+9   )ms|AST    2|Inlined   0Y   0N|IR    888/  1275|CodeSize    5532|Addr 0x7f334c475fe0|Timestamp 146155160015672|Src n/a
[engine] opt done   id=1778  ProtosRootNode@51e938ed                            |Tier 1|Time   155(  19+136 )ms|AST    8|Inlined   0Y   0N|IR   4108/ 14355|CodeSize   71703|Addr 0x7f334c8e6b40|Timestamp 146155315355753|Src n/a
[engine] opt done   id=1781  ProtosRootNode@519d3eb1                            |Tier 1|Time    13(   4+9   )ms|AST    2|Inlined   0Y   0N|IR    888/  1275|CodeSize    5532|Addr 0x7f334c4737e0|Timestamp 146155328899698|Src n/a
[engine] opt done   id=1782  ProtosRootNode@4ee5223d                            |Tier 1|Time   858(  80+778 )ms|AST   18|Inlined   0Y   0N|IR  13481/ 46573|CodeSize  239146|Addr 0x7f334be70240|Timestamp 146156187406743|Src n/a
[engine] opt done   id=1799  ProtosRootNode@4ebb11ae                            |Tier 1|Time    14(   4+10  )ms|AST    2|Inlined   0Y   0N|IR    888/  1275|CodeSize    5532|Addr 0x7f334c470fe0|Timestamp 146156215046434|Src n/a
[engine] opt done   id=1800  ProtosRootNode@2dc4f536                            |Tier 1|Time   438(  53+385 )ms|AST   10|Inlined   0Y   0N|IR   8197/ 27807|CodeSize  143154|Addr 0x7f334be34c60|Timestamp 146156653525306|Src n/a
[engine] opt done   id=1801  ProtosRootNode@21f358fc                            |Tier 1|Time    22(   4+17  )ms|AST    2|Inlined   0Y   0N|IR    888/  1275|CodeSize    5532|Addr 0x7f334c46e7e0|Timestamp 146156676912282|Src n/a
[engine] opt done   id=1802  ProtosRootNode@3290be96                            |Tier 1|Time  2222( 161+2060)ms|AST   28|Inlined   0Y   0N|IR  23473/ 78400|CodeSize  409752|Addr 0x7f334c9eeac0|Timestamp 146158898752802|Src n/a
[engine] opt done   id=1795  ProtosRootNode@7a04cee0                            |Tier 1|Time    14(   4+10  )ms|AST    2|Inlined   0Y   0N|IR    591/  1658|CodeSize    7561|Addr 0x7f334c46b120|Timestamp 146158940929538|Src n/a
[engine] opt done   id=1796  ProtosRootNode@3a0827b4                            |Tier 1|Time  1179( 107+1071)ms|AST   27|Inlined   0Y   0N|IR  17057/ 57952|CodeSize  300444|Addr 0x7f334ba9cbe0|Timestamp 146160121333482|Src n/a
[engine] opt done   id=1769  ProtosRootNode@11234f6e                            |Tier 1|Time    14(   4+9   )ms|AST    2|Inlined   0Y   0N|IR    888/  1275|CodeSize    5532|Addr 0x7f334c4688e0|Timestamp 146160160106535|Src n/a
[engine] opt done   id=1770  ProtosRootNode@67801a92                            |Tier 1|Time   772(  80+693 )ms|AST   15|Inlined   0Y   0N|IR  13121/ 45351|CodeSize  230832|Addr 0x7f334ba3f5c0|Timestamp 146160953129543|Src n/a
[engine] opt done   id=1767  ProtosRootNode@1a2854cf                            |Tier 1|Time    14(   4+10  )ms|AST    2|Inlined   0Y   0N|IR    888/  1275|CodeSize    5532|Addr 0x7f334c4660e0|Timestamp 146160978639431|Src n/a
[engine] opt done   id=1768  ProtosRootNode@511d366c                            |Tier 1|Time   831( 106+725 )ms|AST   15|Inlined   0Y   0N|IR  13121/ 45351|CodeSize  230832|Addr 0x7f334c132b40|Timestamp 146161809338610|Src n/a
[engine] opt done   id=1793  ProtosRootNode@31f82029                            |Tier 2|Time    16(   3+14  )ms|AST    2|Inlined   0Y   0N|IR    502/  1344|CodeSize    6459|Addr 0x7f334c463020|Timestamp 146161933645795|Src n/a
[engine] opt done   id=1794  ProtosRootNode@27db7f9e                            |Tier 2|Time  1707( 174+1532)ms|AST   25|Inlined   0Y   0N|IR  20516/ 58742|CodeSize  317930|Addr 0x7f334c0b5c40|Timestamp 146163640640050|Src n/a
[engine] opt done   id=1791  ProtosRootNode@7cedb00c                            |Tier 2|Time    23(   4+19  )ms|AST    2|Inlined   0Y   0N|IR    815/   944|CodeSize    4429|Addr 0x7f334cde9280|Timestamp 146163687184640|Src n/a
[engine] opt done   id=1792  ProtosRootNode@522cc3fe                            |Tier 2|Time   419(  37+382 )ms|AST   10|Inlined   0Y   0N|IR   7804/ 23230|CodeSize  125455|Addr 0x7f334be02a20|Timestamp 146164106033947|Src n/a
[engine] opt done   id=1789  ProtosRootNode@61f4dffe                            |Tier 2|Time    16(   4+12  )ms|AST    2|Inlined   0Y   0N|IR    815/   944|CodeSize    4429|Addr 0x7f334c77fc00|Timestamp 146164159565245|Src n/a
